id,区分ファイル,topicTag,難易度,問題文,選択肢,正解,解説,査読判定(下書き),指摘,理由,修正案,根拠の候補(未確認),要確認,運営者判断(keep/fix/drop),確認した根拠
at010,at_gentei,rules,2,二人乗りをする場合、AT限定を含む普通二輪免許での条件として正しいのはどれか。,0:免許取得直後から二人乗りができる / 1:免許取得後1年以上の運転経験が必要である / 2:二人乗りはAT車に限り禁止されている / 3:年齢が20歳以上であれば免許取得直後でも可能,1:免許取得後1年以上の運転経験が必要である,普通二輪免許（AT限定含む）で二人乗りをするには、免許取得後1年以上の運転経験を積む必要がある。,drop,"factual,outdated",2005年に二人乗りの経験年数要件は廃止済み,,道路交通法 第55条・第71条の4(旧規定),要,,
at011,at_gentei,rules,3,高速道路で二人乗りをする場合に必要な運転経験年数として正しいのはどれか。,0:1年以上 / 1:経験年数の規定はない / 2:3年以上 / 3:2年以上,2:3年以上,高速道路での二人乗りは、一般道路より厳しく、運転経験3年以上であることが必要とされている。,drop,"factual,outdated",高速道路二人乗りの3年要件は2005年に廃止済み,,道路交通法 第71条の4(旧規定),要,,
at036,at_gentei,rules,3,原動機付自転車と比較した普通・大型AT限定二輪車の高速道路通行に関する記述で正しいのはどれか。,0:原付・普通・大型のいずれも高速道路を通行できない / 1:AT限定はすべて高速道路の通行資格がない / 2:原付のみ高速道路を通行できる / 3:原付は高速道路を通行できないが、普通・大型のAT限定二輪車は通行できる,3:原付は高速道路を通行できないが、普通・大型のAT限定二輪車は通行できる,原動機付自転車は高速道路（自動車専用道路）を通行できないが、普通・大型二輪車（AT限定含む）は通行できる。,drop,"near_dup,obvious_longest",at032と同一事実(高速可否)の重複(相手:at032),,交通の方法に関する教則 / 道路交通法,,,
at096,at_gentei,parking,3,AT限定普通二輪車を駐車する際のスタンドの使い方として適切なのはどれか。,0:AT車はスタンドを使わずに自立するよう設計されている / 1:スタンドはどちらを使っても駐車の安定性に差はない / 2:サイドスタンドは走行中にも使用してよい装置である / 3:平坦な場所ではセンタースタンド、傾斜のある場所ではサイドスタンドの向きにも注意する,3:平坦な場所ではセンタースタンド、傾斜のある場所ではサイドスタンドの向きにも注意する,駐車の安定のため、平坦な場所ではセンタースタンドを使うと安定しやすく、傾斜地ではサイドスタンドの向きや路面状況にも注意する必要がある。,drop,"ambiguous,weak_explanation,obvious_longest",根拠が曖昧で正解が一意でない,,道路交通法 第44〜47条,要,,
at125,at_gentei,parking,2,火災報知機の近くに二輪車を止めることについて正しいのはどれか。,0:火災報知機から1m以内は駐車禁止である / 1:火災報知機の周辺には駐車の規制はない / 2:火災報知機から3m以内は駐停車禁止である / 3:火災報知機から5m以内は停車も禁止である,0:火災報知機から1m以内は駐車禁止である,火災報知機から1m以内の場所は駐車禁止場所である（停車は禁止されていない）。,drop,near_dup,at087と同一事実の重複(相手:at087),,道路交通法 第44〜47条,,,
at302,at_gentei,signs,2,三角形で黄色地に黒のラッパの絵の「警笛鳴らせ」の標識について、正しい説明はどれか。,0:前方に十字路（交差点）があることを予告し、注意を促す / 1:指定された区間で警音器（クラクション）を鳴らさなければならないことを示す / 2:指定された複数の種類の車両の通行を禁止する / 3:路面電車の停留所などで、歩行者が安全に待機するための場所であることを示す,1:指定された区間で警音器（クラクション）を鳴らさなければならないことを示す,「警笛鳴らせ」は規制標識（三角形・黄色地に黒のラッパの絵）で、指定された区間で警音器（クラクション）を鳴らさなければならないことを示すことを意味する。,drop,"weak_explanation,factual,near_dup",形・色の記述が誤り。警笛区間(at350)と重複,,道路標識、区画線及び道路標示に関する命令 別表／交通の方法に関する教則 第2章,要,,
at347,at_gentei,signs,2,円形で青地に白の矢印と車両の絵の「車両通行区分」の標識について、正しい説明はどれか。,0:前方にロータリー（環状交差点）があることを予告する / 1:見通しの悪い区間など、必要に応じて警音器を鳴らすべき区間であることを示す / 2:車両の種類ごとに通行すべき車両通行帯を指定する / 3:他の車両を追い越すために進路変更することを禁止する,2:車両の種類ごとに通行すべき車両通行帯を指定する,「車両通行区分」は指示標識（円形・青地に白の矢印と車両の絵）で、車両の種類ごとに通行すべき車両通行帯を指定することを意味する。,drop,"weak_explanation,ambiguous,near_dup",at324と同内容。名称も非標準,,道路標識、区画線及び道路標示に関する命令 別表／交通の方法に関する教則 第2章,要,,
f002,futsuu_nirin,parking,2,二人乗りができるようになるには、普通二輪免許を取得してから、最低何年間の実乗経験が必要か。,0:2年間以上 / 1:1年間以上 / 2:3年間以上 / 3:規定はなく、いつでも可能,1:1年間以上,普通二輪免許取得後、1年間の実乗経験を経た後に二人乗りが許可される。,drop,"factual,outdated",二人乗りの1年条件は現行法に無い,,道路交通法 第55条・施行令,要,,
f004,futsuu_nirin,rules,2,交差点で左折する場合、二輪車として最も安全な走行方法は。,0:左に傾きながら曲がる / 1:左折表示を出せば速度を落とさなくてもよい / 2:速度を落とした後、できるだけ小さくカーブを描く / 3:あらかじめ左側に寄り、十分に速度を落とした上で回転半径を大きくとって曲がる,3:あらかじめ左側に寄り、十分に速度を落とした上で回転半径を大きくとって曲がる,二輪車の左折は、重心移動を最小限にするため、事前に左側に寄り十分に速度を落とし、大きな回転半径をとることが安全。,drop,"factual,ambiguous",左折は左端に寄り徐行し小回りが基本。C/Dが競合,,交通の方法に関する教則 第4章,要,,
f005,futsuu_nirin,rules,1,普通二輪車の高速道路での法定最高速度として正しいのはどれか。,0:時速100km以下 / 1:時速60km以下 / 2:制限がない / 3:時速80km以下,0:時速100km以下,普通自動二輪車（126cc以上）の高速道路での法定最高速度は100km/h。なお、一般道路（標識による指定がない場合）での法定最高速度は60km/hとなる。,drop,near_dup,f202・f201と同じ事実(高速100km/h),,道路交通法施行令 第27条,要,,
f007,futsuu_nirin,rules,2,交差点で右折する場合、最も安全なのはどれか。,0:右折表示を出してから速度を落とす / 1:他の車両を無視して先に進む / 2:十分に速度を落とし、交差点の中央付近を大きく迂回するように右折する / 3:交差点の右側に寄り、速度を保ったまま右折する,2:十分に速度を落とし、交差点の中央付近を大きく迂回するように右折する,二輪車の右折は、スピードを十分に落として重心移動を最小限にしながら、交差点の中央付近を大きく迂回するように右折することが安全。,drop,factual,右折は小回り(中心の内側)。大きく迂回は誤り,,交通の方法に関する教則 第4章,要,,
f009,futsuu_nirin,operation,2,二輪車でバックする際に正しいのはどれか。,0:周囲を確認し、後ろに人がいないか確認してからバックする / 1:バックランプはなくても問題ない / 2:バックミラーだけで確認すればよい / 3:速度は関係なく自由に動かせる,0:周囲を確認し、後ろに人がいないか確認してからバックする,バックする際は必ず周囲を確認し、後ろに障害物や人がいないことを確認してから慎重にバックする必要がある。,drop,"vague_prompt,obvious_other,topic_mismatch",二輪のバックは出題価値低く誤答肢も不自然,,,,,
f013,futsuu_nirin,rules,1,信号のない交差点で二輪車が右折する場合、最優先すべきはどれか。,0:全て同時に確認する / 1:他の車両の動き確認 / 2:歩行者の確認 / 3:自分の安全確認,0:全て同時に確認する,信号のない交差点での右折は、自分の安全、他の車両、歩行者の全てを同時に確認することが必須。,drop,"ambiguous,vague_prompt",「全て同時に確認」は問いと不整合で曖昧,,交通の方法に関する教則,,,
f016,futsuu_nirin,rules,2,普通二輪車での二段階右折の方法について正しいのはどれか。,0:速度を落とさず右折する / 1:一度停止してから右折する / 2:ハンドサイン出して右折する / 3:交差点で直進し、次の交差点で右折する,3:交差点で直進し、次の交差点で右折する,二段階右折は、大きな交差点で直進して一度交差点を越え、次の交差点で右折する方法である。,drop,factual,二段階右折は原付等のみ。普通二輪は小回り,,道路交通法 第34条,要,,
f019,futsuu_nirin,parking,1,普通二輪車の乗客についての規制で正しいのはどれか。,0:乗客は20歳以上でなければならない / 1:乗客の年齢に制限はない / 2:乗客は16歳以上でなければならない / 3:乗客の数は2人まで可能,2:乗客は16歳以上でなければならない,普通二輪車では、乗客は16歳以上であることが法で定められている。,drop,factual,同乗者に16歳以上の規定は無い,,道路交通法 第55条,要,,
f026,futsuu_nirin,operation,1,普通二輪車での白線の横断について正しいのはどれか。,0:白線は装飾的なマーク / 1:白線を踏まないよう走行する / 2:白線は安全と示す / 3:白線は踏んでも問題ない,1:白線を踏まないよう走行する,二輪車は白線（特に破線）を踏むとスリップのリスクが高まるため、可能な限り避けるべき。,drop,"factual,ambiguous",白線一律回避は不正確。区分線は通行可,,交通の方法に関する教則,,,
f030,futsuu_nirin,license_system,1,普通二輪車の税区分で正しいのはどれか。,0:軽自動車扱い / 1:二輪の軽自動車税 / 2:普通車扱い / 3:税金はかからない,1:二輪の軽自動車税,普通二輪車は軽自動車税の対象であり、毎年申告が必要。,drop,"vague_prompt,topic_mismatch,factual",税区分の問い方が曖昧で排気量別に異なる,,地方税法,要,,
f031,futsuu_nirin,signs,2,二輪車での信号待ち中の最安全な位置はどれか。,0:対向車との間 / 1:交差点の中央 / 2:停止線より手前で、必要に応じて逃げ場がある位置 / 3:停止線の直前,2:停止線より手前で、必要に応じて逃げ場がある位置,信号待ち中は、万が一他の車両が突入した場合に逃げられるよう、停止線より手前で必要に応じて移動できる位置が安全。,drop,"factual,topic_mismatch",停止線の直前が正しく正解は誤り,,道路交通法 第38条,要,,
f032,futsuu_nirin,rules,2,普通二輪車でのヘルメット着用に関する規則で正しいのはどれか。,0:乗車中のヘルメット脱着は自由 / 1:ヘルメット着用は強制ではない / 2:走行中も脱着できる / 3:走行中はヘルメットを被ったままにする必要がある,3:走行中はヘルメットを被ったままにする必要がある,走行中のヘルメット脱着は極めて危険であり、走行中は常にヘルメットを被ったままにすること。,drop,"near_dup,obvious_other",f006・f212と重複、誤答肢弱い,,道路交通法 第71条の4,,,
f037,futsuu_nirin,parking,2,普通二輪での積載物の規制について正しいのはどれか。,0:最大積載量は60kgであり、且つシートより高くない / 1:重さに制限はなく、外観さえ大丈夫 / 2:シートより高ければ大丈夫 / 3:積載制限はなく自由,0:最大積載量は60kgであり、且つシートより高くない,普通二輪の積載物は最大60kgであり、且つシートの高さを超えてはいけない。,drop,"factual,near_dup",積載の高さ制限は地上2m。シート基準は誤り。f003と重複,,道路交通法施行令 第22条,要,,
f041,futsuu_nirin,operation,2,二輪車での急勾配下り坂での走行について正しいのはどれか。,0:エンジンブレーキを活用し、フットブレーキは軽く / 1:クラッチを切ってフリーで下る / 2:フットブレーキで素早く減速 / 3:ニュートラルでエンジンをかけたまま下る,0:エンジンブレーキを活用し、フットブレーキは軽く,急勾配での下りはエンジンブレーキを活用し、ブレーキの過熱を防ぎながら安全に下る。,drop,near_dup,f014と同じ事実,,交通の方法に関する教則,,,
f042,futsuu_nirin,parking,2,普通二輪車での乗客の荷物についての規制で正しいのはどれか。,0:乗客の荷物は積載量に含まれない / 1:乗客が持つ荷物も積載量に含まれる / 2:荷物に制限はない / 3:手で持っていれば問題ない,1:乗客が持つ荷物も積載量に含まれる,乗客が持つ荷物も総積載量60kg以内に含まれるため、事前の確認が必要。,drop,factual,乗車人員は積載量に含まない,,道路交通法施行令 第22条,要,,
f045,futsuu_nirin,rules,2,普通二輪での複数車線での位置取りについて正しいのはどれか。,0:走行方向に応じた適切な車線選択 / 1:常に右車線を走行 / 2:車線の選択に規制はない / 3:常に左車線を走行,0:走行方向に応じた適切な車線選択,複数車線では、走行方向や交通流に応じた適切な車線選択が安全で、通常は左側車線を走行する。,drop,"vague_prompt,ambiguous",何を問うか不明で左車線とも矛盾,,交通の方法に関する教則,,,
f046,futsuu_nirin,parking,2,二輪車での児童や幼児の乗車について正しいのはどれか。,0:制限がなく誰でも乗車可能 / 1:一定年齢以上で、安全装置の着用が必須 / 2:児童乗車は全て禁止 / 3:親の判断に任せられる,1:一定年齢以上で、安全装置の着用が必須,二輪車への児童乗車は6歳以上が条件であり、適切なヘルメット着用が必須。,drop,factual,児童乗車に6歳以上の規定は無く誤り,,道路交通法 第55条,要,,
f047,futsuu_nirin,maintenance,2,普通二輪での定期点検の頻度について正しいのはどれか。,0:点検義務はない / 1:走行距離で判断される / 2:1年に1回の定期点検が必須 / 3:3年に1回で十分,2:1年に1回の定期点検が必須,普通二輪は1年に1回の定期点検が法で義務づけられている。,drop,"factual,ambiguous",点検周期が排気量等で異なり正解が不正確,,道路運送車両法 第48条,要,,
f049,futsuu_nirin,hazard_prediction,2,二輪車での緊急時の対処で最も重要なのはどれか。,0:周囲の状況判断と段階的な減速 / 1:急ブレーキをかける / 2:エンジンをすぐに切る / 3:ハンドルを一気に切る,0:周囲の状況判断と段階的な減速,緊急時でも周囲を判断し、段階的に減速することで二輪車の安定性を保つ。,drop,"vague_prompt,ambiguous",緊急時一般の問いで急ブレーキが誤りとは言えない,,交通の方法に関する教則,,,
f054,futsuu_nirin,operation,1,普通二輪で走行中、前輪がスリップした場合の対処方法は。,0:急ブレーキをかける / 1:エンジンの力を保ちながら安定させる / 2:アクセルを踏む / 3:ハンドルを急に戻す,1:エンジンの力を保ちながら安定させる,前輪スリップ時は、ハンドル操作とアクセルを控えめに、タイヤグリップの回復を待つ。,drop,"ambiguous,weak_explanation",正解文言が曖昧で根拠不明,,交通の方法に関する教則,,,
f055,futsuu_nirin,rules,2,高速道路での二輪車の走行において、危険な状況はどれか。,0:大型車の間での走行 / 1:トレーラーの横風の影響 / 2:全て該当する / 3:路肩走行,2:全て該当する,普通二輪は高速道路を走行できるが、大型車の間での走行、トレーラーなどによる横風の影響、路肩走行はいずれも二輪車にとって危険要因となりうる。,drop,"ambiguous,factual",全て該当型。路肩走行は違反で危険の問いと不一致,,交通の方法に関する教則,,,
f056,futsuu_nirin,hazard_prediction,2,普通二輪車の横幅制限はどれか。,0:2.0m以下 / 1:1.5m以下 / 2:制限なし / 3:1.0m以下,3:1.0m以下,普通二輪は最大横幅1.0m以下と定められている。,drop,"factual,topic_mismatch",二輪の車幅制限は1.0mでなく2.5m(積載幅等別),,道路運送車両法施行規則 第2条,要,,
f058,futsuu_nirin,operation,1,二輪車の走行中、対向車が急に割り込んできた場合の最適な対処は。,0:速度を上げて避ける / 1:段階的にブレーキをかけ、方向転換で回避 / 2:クラクションのみ / 3:急ブレーキをかけ、ハンドル操作で回避,1:段階的にブレーキをかけ、方向転換で回避,急ブレーキは危険。段階的なブレーキと方向転換が安全な回避方法。,drop,"factual,ambiguous",急ブレーキ全否定は不適切で状況も曖昧,,交通の方法に関する教則,,,
f060,futsuu_nirin,operation,1,二輪車でのガソリンスタンド走行で注意すべきはどれか。,0:停止線を無視する / 1:他の車を無視する / 2:高速で走行する / 3:低速で走行し、急ハンドルを避ける,3:低速で走行し、急ハンドルを避ける,ガソリンスタンドは火災の危険があるため、低速走行と急操作の回避が必須。,drop,"vague_prompt,obvious_other",出題価値低く誤答肢も不自然,,,,,
f061,futsuu_nirin,rules,2,二輪車での踏切通過時の正しい方法は。,0:一度停止し、左右確認後、徐行で通過 / 1:段差を避けて走行 / 2:高速で通過する / 3:踏切内で停止しても大丈夫,0:一度停止し、左右確認後、徐行で通過,踏切は停止して確認後、徐行で通過することが法規と安全のため必須。,drop,near_dup,f210と重複、徐行条件が不正確,,道路交通法 第33条,,,
f063,futsuu_nirin,hazard_prediction,2,二輪車での長時間走行時の疲労対策で最も有効なのはどれか。,0:カフェイン摂取のみ / 1:速度を上げる / 2:定期的な休息と水分補給 / 3:連続走行,2:定期的な休息と水分補給,長時間走行での疲労は、定期的な休息と水分補給で対処することが効果的。,drop,"near_dup,ambiguous",f033と重複、カフェインのみの誤答,,交通の方法に関する教則,,,
f066,futsuu_nirin,parking,1,普通二輪での二人乗りについて、最初の免許取得から可能なのはいつか。,0:免許取得直後 / 1:1年後 / 2:2年後 / 3:3年後,1:1年後,普通二輪での二人乗りは、免許取得後1年の実乗経験が必須条件。,drop,"factual,near_dup",1年条件は現行法に無くf002と重複,,道路交通法 第55条,要,,
f067,futsuu_nirin,parking,1,普通二輪での積載量制限は原付とどう異なるか。,0:100kg以上 / 1:原付と同じ30kg / 2:60kg（原付の2倍） / 3:制限なし,2:60kg（原付の2倍）,普通二輪の最大積載量は60kg。原付（30kg）の2倍。,drop,near_dup,f003と同じ事実,,道路交通法施行令 第22条,要,,
f068,futsuu_nirin,parking,2,普通二輪での高速道路での二人乗りについて正しいのは。,0:誰でも可能 / 1:1年以上で可能 / 2:高速道路での二人乗りは禁止 / 3:20歳以上・3年以上の条件が必要,3:20歳以上・3年以上の条件が必要,高速道路での二人乗りは20歳以上・免許取得3年以上の厳しい条件。,drop,"factual,outdated",高速道路二人乗りの年齢・経験条件は2005年に廃止,,道路交通法 第75条の4,要,,
f069,futsuu_nirin,parking,2,普通二輪での二人乗り時の乗客の役割で最も重要なのは。,0:ライダーの邪魔をしない / 1:カーブで傾ける / 2:バランス調整に積極参加 / 3:ブレーキ操作を手伝う,0:ライダーの邪魔をしない,乗客はライダーの操作を信頼し、邪魔しないことが安全の基本。,drop,"ambiguous,weak_explanation",正解とBが競合し根拠不明,,交通の方法に関する教則,,,
f071,futsuu_nirin,rules,2,普通二輪での最高速度制限は。,0:30km/h / 1:60km/h / 2:法定速度に従う / 3:制限なし,2:法定速度に従う,普通二輪は法定速度（60km/h 一般道、100km/h 高速）に従う。,drop,"near_dup,vague_prompt",f202等と重複で問いが曖昧,,道路交通法施行令 第11条,要,,
f074,futsuu_nirin,operation,2,普通二輪での雨天時のブレーキング距離は。,0:1.5倍程度 / 1:2倍以上 / 2:乾燥時と同じ / 3:短くなる,1:2倍以上,雨天時は路面グリップ低下により、ブレーキング距離が著しく延びる。,drop,"vague_prompt,ambiguous",倍率が曖昧で複数肢が成立,,交通の方法に関する教則,要,,
f076,futsuu_nirin,hazard_prediction,2,普通二輪での走行時の最重要注意事項は。,0:加速度向上 / 1:他車圧迫 / 2:最高速度達成 / 3:周囲確認と予測運転,3:周囲確認と予測運転,安全走行は周囲の車両・歩行者の行動予測と事前対応が最重要。,drop,"obvious_other,vague_prompt",誤答肢が不自然で出題価値低,,,,,
f079,futsuu_nirin,rules,5,普通二輪での豪雨時の走行対応で最優先は。,0:他車追い越し / 1:ハイビーム / 2:速度低下と視界確保 / 3:スピード維持,2:速度低下と視界確保,豪雨時は視界悪化とグリップ低下が顕著。速度低下が最優先。,drop,"obvious_other,vague_prompt",誤答肢が不自然で価値低,,交通の方法に関する教則,,,
f080,futsuu_nirin,hazard_prediction,1,普通二輪での危険予測で最重要なのは。,0:スピード最大化 / 1:短距離走行 / 2:単独走行 / 3:他者の行動を事前予測,3:他者の行動を事前予測,危険予測は他者（車・歩行者）の行動を読み、事前対応する能力。,drop,"obvious_other,near_dup",f076等と同種で誤答肢が不自然,,交通の方法に関する教則,,,
f081,futsuu_nirin,hazard_prediction,2,普通二輪での夜間走行での視界確保で最効果的なのは。,0:適切な照度のハイビーム / 1:ハイビーム多用 / 2:ローライト / 3:ライト消灯,0:適切な照度のハイビーム,夜間の視界確保はハイビームの適切な使用が基本。,drop,ambiguous,AとBが紛らわしく正解が曖昧,,交通の方法に関する教則,,,
f083,futsuu_nirin,operation,4,普通二輪での時速60km走行時のブレーキング距離は。,0:約20m / 1:約50m / 2:約30m / 3:約10m,2:約30m,時速60km時のブレーキング距離は約30mが目安。,drop,"ambiguous,factual",制動距離は条件依存で約30mは曖昧,,交通の方法に関する教則,要,,
f085,futsuu_nirin,rules,1,普通二輪での緊急時の対応で最優先は。,0:自身の安全確保 / 1:スピード加速 / 2:クラクション / 3:他車への伝達,0:自身の安全確保,緊急時は自身の安全確保が最優先。その後、他者への連絡。,drop,"vague_prompt,obvious_other",緊急時が曖昧で出題価値低,,,,,
f203,futsuu_nirin,rules,2,普通自動二輪車で二人乗りをする場合、一般道路においてはいつから可能になるか。,0:満20歳になれば免許期間に関係なく可能 / 1:免許を取得した直後から可能 / 2:免許取得後1年を経過すれば可能 / 3:免許取得後3年を経過すれば可能,2:免許取得後1年を経過すれば可能,一般道路での二人乗りは、普通自動二輪免許を取得してから1年間の初心運転者期間を経過すれば可能となる。高速道路での条件とは異なる点に注意。,drop,"factual,outdated",一般道二人乗りの1年条件は現行法に無い,,道路交通法 第55条,要,,
f204,futsuu_nirin,rules,5,高速道路で普通自動二輪車が二人乗りをするために必要な条件として正しいのはどれか。,0:特に年齢や経験年数の条件はない / 1:運転者が18歳以上であればよい / 2:同乗者が20歳以上であればよい / 3:運転者が20歳以上、かつ当該免許の保有期間が通算3年以上であること,3:運転者が20歳以上、かつ当該免許の保有期間が通算3年以上であること,高速道路での二人乗りには、運転者が20歳以上であり、かつ普通自動二輪免許(小型限定を除く)などの免許保有期間が通算3年以上であることが必要とされる。一般道路の1年条件と混同しやすいので注意。,drop,"factual,outdated",高速二人乗りの条件は2005年に廃止,,道路交通法 第75条の4,要,,
f225,futsuu_nirin,rules,4,速度規制の標識が設けられていない一般道路(車両通行帯のない道路)での最高速度に関する説明として正しいのはどれか。,0:法定最高速度である時速60キロメートルが適用される / 1:住宅地であっても時速80キロメートルまで認められる / 2:二輪車には一般道路の速度制限は適用されない / 3:最高速度は道路の広さによって毎回異なり定めがない,0:法定最高速度である時速60キロメートルが適用される,速度規制の標識がない一般道路では、法定最高速度である時速60キロメートルが適用される。,drop,near_dup,f201と同じ事実で括弧書きも不要,,道路交通法施行令 第11条,要,,
f298,futsuu_nirin,signs,1,円形で中央に斜めの赤い線が入った「通行止め」の標識がある道路について正しいのはどれか。,0:夜間のみ通行できない / 1:すべての車両及び歩行者が通行できない / 2:二輪車に限り通行が認められている / 3:歩行者以外は通行できるが二輪車は通行できる,1:すべての車両及び歩行者が通行できない,「通行止め」の標識は、歩行者を含むすべての通行を禁止することを示している。,drop,"factual,near_dup",標識の形状説明が誤り。f314と重複,,道路標識、区画線及び道路標示に関する命令,要,,
g004,gentsuki,parking,2,原付車は二人乗りができないが、代わりに積載できる荷物の最大重量は。,0:制限はない / 1:10kg / 2:20kg / 3:30kg,3:30kg,原付車（原付一種）は二人乗りが完全に禁止されている一方、積載装置に積める荷物は最大30kgまで認められている。,drop,near_dup,g003と同じ事実（積載30kg）,,道路交通法施行令 第22条,要,,
g008,gentsuki,hazard_prediction,2,原付での雨の日の走行で最も危険なのはどれか。,0:ゆっくり走行 / 1:ハイビーム点灯 / 2:通常速度での走行 / 3:白線やマンホール上での走行,3:白線やマンホール上での走行,雨の日は白線やマンホール上が極めて滑りやすく、特に注意が必要。,drop,"near_dup,ambiguous",g152が同じ事実をより適切に問う,,交通の方法に関する教則 第5章,,,
g019,gentsuki,rules,2,原付での携帯電話の使用について正しいのはどれか。,0:ハンズフリーなら許可 / 1:信号待ちなら許可 / 2:停止中でも禁止 / 3:走行中も使用可能,2:停止中でも禁止,原付での携帯電話使用は道路交通法により禁止されており、停止中でも使用できない。,drop,"near_dup,factual,ambiguous",停止中は使用可。ハンズフリーも曖昧。g115参照,,道路交通法 第71条,要,,
g024,gentsuki,parking,2,原付での児童乗車について正しいのはどれか。,0:制限がなく乗車可能 / 1:有料ヘルメットなら許可 / 2:児童乗車は完全禁止 / 3:6歳以上で、親の判断で可能,2:児童乗車は完全禁止,原付（原付一種）は構造上定員が1名と定められており、児童・幼児を含め同乗者を乗せることは年齢にかかわらず一切禁止されている。,drop,near_dup,g002と同じ事実,,道路交通法 第55条,,,
g028,gentsuki,hazard_prediction,2,原付での霧の中での走行で最適なのはどれか。,0:速度変更不要 / 1:霧の中は避けるべき / 2:ハイビームで走行 / 3:低速走行と霧灯で視認性確保,3:低速走行と霧灯で視認性確保,霧の中は低速走行とライト、霧灯で視認性を確保することが安全。,drop,"near_dup,ambiguous",g054と重複。霧灯も原付には一般的でない,,交通の方法に関する教則 第7章,,,
g034,gentsuki,hazard_prediction,2,原付での緊急時の対処について最適なのはどれか。,0:エンジンをすぐに切る / 1:周囲判断と段階的な減速 / 2:ハンドルを一気に切る / 3:急ブレーキをかける,1:周囲判断と段階的な減速,緊急時でも周囲判断と段階的な減速で、原付の安定性を保つことが重要。,drop,"vague_prompt,ambiguous",緊急時は急ブレーキ必要な場合もある,,,,,
g038,gentsuki,operation,2,原付での安全走行の基本姿勢について最適なのはどれか。,0:背中を丸める / 1:背中を張り、視線を先に置く / 2:身体をリラックス / 3:ハンドルに力を入れる,1:背中を張り、視線を先に置く,安全な走行姿勢は、背中を張り視線を先に置き、ハンドルに過度な力を入れないこと。,drop,"near_dup,ambiguous",g144と重複。リラックスも誤答と言い切れない,,,,,
g040,gentsuki,operation,2,原付でのスリップ対策について最適なのはどれか。,0:急ハンドル修正 / 1:アクセル急加速 / 2:急ブレーキ / 3:段階的な減速と慎重運転,3:段階的な減速と慎重運転,スリップ予防には段階的な減速と慎重運転が最も効果的。,drop,near_dup,g071と重複,,,,,
g041,gentsuki,operation,2,原付での走行中、坂道で速度が落ちてきた。最も安全な対処は。,0:段階的にギアを下げて登る / 1:アクセルを大きく開ける / 2:ニュートラルに入れて下る / 3:バックギアで下る,0:段階的にギアを下げて登る,坂道ではギアを下げることで、エンジンの力を効果的に使える。,drop,"category_mismatch,ambiguous",原付にギアは通常ない。曖昧,,,,,
g044,gentsuki,rules,2,原付での交差点での危険回避で最も重要なのは。,0:速度を上げる / 1:ハンドル操作のみ / 2:クラクション多用 / 3:進路確認と段階的な減速,3:進路確認と段階的な減速,交差点では進路確認と段階的な減速で、危険を最小化できる。,drop,"near_dup,vague_prompt",g111と重複,,,,,
g045,gentsuki,rules,1,原付車は、指定速度制限がない一般道路での最高速度は。,0:時速30km / 1:時速40km / 2:時速20km / 3:時速50km,0:時速30km,道路交通法施行令により、原付車（50cc以下）の最高速度は常に30km/h以下。,drop,near_dup,g001と重複,,,要,,
g046,gentsuki,license_system,2,原付車で時速30km以上の速度で走行した場合、最初の罰則は。,0:免許停止 / 1:反則金のみ / 2:免許点数減点のみ / 3:口頭注意,1:反則金のみ,"原付の速度超過違反は反則金5,000円が科される。",drop,"factual,vague_prompt",反則金額が誤り。速度超過は超過幅で変動,,道路交通法施行令,要,,
g051,gentsuki,parking,1,原付での二人乗りについて、正しい説明はどれか。,0:親子なら可能 / 1:18歳以上なら可能 / 2:年齢に関わらず禁止 / 3:20歳以上で免許1年以上なら可能,2:年齢に関わらず禁止,原付一種は年齢や経験に関わらず、いかなる場合も二人乗りが禁止されている。,drop,near_dup,g002と重複,,,,,
g055,gentsuki,operation,1,原付での転倒防止で最も重要な操作は。,0:ハンドルを大きく動かす / 1:速度を落としながらカーブを曲がる / 2:低速での練習と基本操作の習得 / 3:アクセルを多く回す,2:低速での練習と基本操作の習得,転倒防止には、基本操作の習得と低速練習が最も重要で、無理なカーブ走行を避けることが基本。,drop,"vague_prompt,ambiguous",正解が複数,,,,,
g056,gentsuki,rules,3,原付で信号待ちをしている時、エンジンを切ることについて。,0:燃料節約のため必ず切る / 1:法律で禁止 / 2:バイクの負荷軽減のため切る / 3:許可されているが、エンジンをかけておくことが通常,3:許可されているが、エンジンをかけておくことが通常,信号待ち時のエンジン切断は許可されているが、多くのライダーは再スタートの利便性からかけたままにしている。,drop,vague_prompt,出題価値なし,,,,,
g057,gentsuki,rules,3,白線がある横断歩道がない交差点での右折について正しいのは。,0:歩行者確認が最優先で、対向車確認後に右折 / 1:右折は禁止 / 2:急速に右折しても良い / 3:対向車の確認後、徐々に右折する,0:歩行者確認が最優先で、対向車確認後に右折,交差点での右折は、歩行者確認が最優先で、その後対向車確認を行う。,drop,"vague_prompt,factual",意味不明。原付は二段階右折,,,,,
g060,gentsuki,hazard_prediction,2,夜間走行での視認性向上に最も効果的なのは。,0:クラクション / 1:ハイビームと手信号の両用 / 2:時速40kmで走行 / 3:ハイビーム使用,3:ハイビーム使用,ハイビーム使用は夜間での前方視界を著しく向上させ、危険予測に有効。,drop,"near_dup,ambiguous",g016と重複。ハイビーム選択肢が重複,,,,,
g061,gentsuki,operation,2,原付での雨天時のウインカー操作について正しいのは。,0:ウインカーは常に点灯し続けることが重要 / 1:ウインカーは雨の中では見えないので消す / 2:ウインカー出後、手信号で曲がる方向を指す / 3:ウインカーと同時にブレーキランプを点灯させる,0:ウインカーは常に点灯し続けることが重要,雨天時こそウインカーが重要で、消すことは後続車への合図不足につながる。,drop,factual,ウインカーは点滅であり常時点灯ではない,,,,,
g062,gentsuki,rules,3,原付で夜間走行時に他のバイクを追い越す場合の注意。,0:ハイビームで対向車を照らす / 1:十分な距離を取り、ハイビームを短時間使用して意図を伝える / 2:ローライトのまま追い越す / 3:クラクションのみで追い越す,1:十分な距離を取り、ハイビームを短時間使用して意図を伝える,夜間追い越しは危険が高いため、十分な距離確保とハイビーム短時間使用で安全に行う。,drop,"ambiguous,factual",追越し時の合図内容が不正確,,道路交通法 第28条,要,,
g065,gentsuki,operation,3,原付での坂道走行で正しいのはどれか。,0:上り坂ではギア選択で速度を保つ / 1:下り坂ではニュートラルに入れ惰性走行 / 2:上り坂ではエンジンブレーキを使う / 3:上り坂では速度を上げる,0:上り坂ではギア選択で速度を保つ,上り坂ではギア選択で速度維持が重要で、ニュートラル走行は制御困難。,drop,"near_dup,category_mismatch",g041と重複,,,,,
g068,gentsuki,rules,1,原付での信号無視について正しいのはどれか。,0:信号は目安で法的拘束力がない / 1:点滅赤信号は注意して進行可能 / 2:赤信号でも周囲に車がなければ進行可能 / 3:赤信号は完全に停止が必須,3:赤信号は完全に停止が必須,赤信号での進行は完全に禁止。周囲に車がなくても違反。,drop,"near_dup,factual",g023と重複。点滅赤の解説が不正確,,,,,
g070,gentsuki,operation,3,原付での夜間走行で対向車のハイビームが照射された場合の対応は。,0:相手にハイビームで返す / 1:落ち着いてローライトに切り替え、走行を続ける / 2:クラクションで抗議 / 3:急ブレーキをかける,1:落ち着いてローライトに切り替え、走行を続ける,相手のハイビームへの対抗はスリップの原因となるため、冷静にローライト切り替えが正解。,drop,"near_dup,ambiguous",g156と重複,,,,,
g073,gentsuki,operation,2,原付での路面の白線（ペイント）について。,0:白線は滑りやすい / 1:白線の上で加速 / 2:白線の上を避けてコーナリング / 3:白線は単なる目印で影響なし,0:白線は滑りやすい,白線は水を含みやすく、雨天時に特にスリップのリスクが高い。,drop,"near_dup,ambiguous",g018と重複,,,,,
g074,gentsuki,operation,2,原付での横転防止で最も重要なのは。,0:低速でカーブに侵入 / 1:ハンドルを無理に回さない / 2:ブレーキを多用 / 3:常に最高速度で走行,1:ハンドルを無理に回さない,ハンドルの無理な操作を避け、適切な速度でのカーブ侵入が横転防止の基本。,drop,"vague_prompt,ambiguous",曖昧,,,,,
g075,gentsuki,maintenance,3,原付でのバックギアについて正しいのは。,0:どの場面でも使用可能 / 1:有料駐車場のみ可能 / 2:構造上原付に搭載されていない / 3:登録地での走行時のみ可能,2:構造上原付に搭載されていない,原付は構造上バックギアを持たず、バックでの移動はマニュアル操作になる。,drop,"topic_mismatch,weak_explanation",出題価値なし,,,,,
g076,gentsuki,license_system,1,原付での免許の有効期限は。,0:1年 / 1:10年 / 2:5年 / 3:3年,3:3年,原付免許（原付一種）の有効期限は3年。,drop,"factual,ambiguous,outdated",有効期間は3年と限らない,,道路交通法 第92条の2,要,,
g078,gentsuki,parking,1,原付での駐輪場への停止について正しいのは。,0:どこでも停止可能 / 1:駐輪許可場所のみ / 2:路上駐車は自由 / 3:駐輪禁止の標識がない場所ならOK,1:駐輪許可場所のみ,駐輪は指定場所のみ許可される。路上駐車や禁止場所への駐輪は違反。,drop,near_dup,g011と重複,,,,,
g080,gentsuki,operation,3,原付でのギアチェンジの基本について正しいのは。,0:速度に関わらずギア選択可能 / 1:下り坂ではニュートラル / 2:どの速度からでも上下ギア可能 / 3:エンジン回転数に合わせて段階的に変速,3:エンジン回転数に合わせて段階的に変速,適切なギアチェンジはエンジン保護と効率的な加速に重要。,drop,category_mismatch,変速操作は原付の学科範囲外,,,,,
g081,gentsuki,hazard_prediction,2,原付での長距離走行での注意点は。,0:定期的に休憩と疲労確認 / 1:ライトを消す / 2:ノンストップで走行 / 3:速度を上げる,0:定期的に休憩と疲労確認,長距離走行は疲労蓄積のリスク。定期的な休憩で安全確保が必須。,drop,near_dup,g022と重複,,,,,
g082,gentsuki,operation,3,原付でのクラッチ操作での誤りは。,0:クラッチレバーの握りすぎ / 1:急激にクラッチを繋ぐ / 2:半クラッチでの走行 / 3:緩やかにクラッチを繋ぐ,1:急激にクラッチを繋ぐ,急激なクラッチ繋ぎはエンジン停止や急加速につながり危険。,drop,"category_mismatch,ambiguous",選択肢が曖昧,,,,,
g086,gentsuki,operation,2,原付での急ハンドル操作が危険な理由は。,0:燃費が良くなる / 1:バイクが横転するリスク / 2:スピードが低下 / 3:エンジン出力向上,1:バイクが横転するリスク,急ハンドル操作は重心移動により横転リスクが大幅に増加。,drop,near_dup,g012と重複,,,,,
g087,gentsuki,operation,1,原付でのバックミラーの役割で正しいのは。,0:ライト点灯 / 1:装飾目的 / 2:後方確認と危険察知 / 3:速度表示,2:後方確認と危険察知,バックミラーは後方の車両・バイク・歩行者確認に不可欠で、安全走行の基本。,drop,"near_dup,weak_explanation",g029と重複,,,,,
g088,gentsuki,hazard_prediction,2,原付での連続走行による危険は。,0:エンジン出力向上 / 1:走行安定性向上 / 2:燃費が改善 / 3:疲労による判断力低下,3:疲労による判断力低下,長時間連続走行は疲労蓄積により判断力低下と反応時間延長を招く。,drop,near_dup,g022と重複,,,,,
g091,gentsuki,license_system,2,原付での最終走行の実習内容で最も重要なのは。,0:最高速度への到達 / 1:カーブでのドリフト / 2:実際の交通状況での対応能力 / 3:連続スピード走行,2:実際の交通状況での対応能力,免許試験に向けた実習は実際の交通状況での危機管理と判断能力の習得が最優先。,drop,vague_prompt,不明確,,,,,
g092,gentsuki,parking,3,原付での積載物がヘルメットの場合の制限は。,0:積載禁止 / 1:ヘルメットは積載物でなく装備品扱い / 2:3個まで積載可 / 3:30kgまで積載可能,3:30kgまで積載可能,ヘルメットも積載物として扱われ、総積載制限30kgに含まれる。,drop,"ambiguous,factual",積載の扱いが曖昧,,,,,
g093,gentsuki,operation,1,原付での停止時の足つきについて正しいのは。,0:両足でしっかり支える / 1:片足を上げる / 2:足をつなくてよい / 3:片足だけでも支える,0:両足でしっかり支える,安定した停止のため両足で確実に地面に着くことが基本。,drop,ambiguous,片足も許容されうる,,,,,
g095,gentsuki,operation,3,原付での雨天時にスリップが起きた際の対応で誤りは。,0:アクセルを緩める / 1:冷静さを保つ / 2:急ブレーキをかける / 3:大きなハンドル操作をしない,2:急ブレーキをかける,スリップ時の急ブレーキはさらなるスリップを招き極めて危険。,drop,near_dup,g071と重複,,,,,
g096,gentsuki,license_system,2,原付での免許更新はいつ可能か。,0:満期当日のみ / 1:満期後1ヶ月以内 / 2:満期の1ヶ月前から可能 / 3:満期の3ヶ月前から可能,3:満期の3ヶ月前から可能,運転免許の更新は有効期限の3ヶ月前から手続き可能。,drop,"factual,outdated",更新可能時期が古い可能性,,道路交通法 第101条,要,,
g097,gentsuki,operation,3,原付でのハンドルロック現象について。,0:ハンドルが完全に固定される / 1:時速40km以上で発生 / 2:両者とも起こらない / 3:ハンドルが急に重くなる,0:ハンドルが完全に固定される,原付のハンドルロックはセキュリティ機構で、キー解錠時にハンドルが固定される。,drop,factual,ハンドルロックの内容が誤り,,,,,
g098,gentsuki,emergency,2,原付での歩行者との接触事故での責任は。,0:歩行者がいけない / 1:ドライバーに優先責任がある / 2:互いに同等 / 3:関係ない,1:ドライバーに優先責任がある,バイク走行時、歩行者との接触事故ではライダーに重大な法的責任がある。,drop,"ambiguous,factual",過失割合は一概に言えない,,,,,
g101,gentsuki,operation,1,原付でのアルコール摂取後の運転基準は。,0:完全禁止 / 1:検査で引っかからなければOK / 2:3時間待てば可能 / 3:少量なら可能,0:完全禁止,飲酒運転は道路交通法で完全禁止。少量でも検査対象。,drop,near_dup,g015と重複,,,,,
g104,gentsuki,operation,1,原付でのマニュアル操作での最初の段階で正しいのは。,0:ニュートラルで停止 / 1:最高ギアから開始 / 2:3速ギアから開始 / 3:1速ギアから開始,3:1速ギアから開始,発進は1速ギアから始まり、段階的に変速していくことが基本。,drop,category_mismatch,変速操作は範囲外,,,,,
g105,gentsuki,parking,2,原付での駐車時の配置で安全なのは。,0:歩道側を向く / 1:車道側を向く / 2:建物に寄せる / 3:どこでもいい,0:歩道側を向く,駐車時は歩道側向きが走行開始時の安全確認に有利。,drop,factual,駐車の向きは進行方向。歩道側向きは誤り,,道路交通法 第47条,要,,
g107,gentsuki,maintenance,1,原付での走行記録（走行距離）の確認目的は。,0:走行記録は不要 / 1:走行速度競争 / 2:メンテナンス時期判断 / 3:ガソリン消費確認,2:メンテナンス時期判断,走行距離はオイル交換やメンテナンスのタイミング判断に重要。,drop,vague_prompt,出題価値なし,,,,,
g108,gentsuki,hazard_prediction,3,原付での雨天時のビジビリティ（視認性）向上で最も効果的なのは。,0:ウインカー頻繁点灯 / 1:ハイビーム点灯 / 2:クラクション使用 / 3:色鮮やかなジャケット着用,3:色鮮やかなジャケット着用,雨天時の視認性向上には色鮮やかな衣装がバイク識別に最も効果的。,drop,near_dup,g021・g152と重複,,,,,
g110,gentsuki,hazard_prediction,3,原付での夜間走行時、対向車がハイビームで照射してきた場合。,0:停止する / 1:冷静にローライトに切り替える / 2:ハイビームで返す / 3:加速する,1:冷静にローライトに切り替える,相手のハイビームへの対抗は判断力低下を招くため、冷静に対応が必須。,drop,near_dup,g156と重複,,,,,
g113,gentsuki,operation,2,原付でのスタンディング走行（立ち漕ぎ）について。,0:バイク制御困難になり危険 / 1:燃費改善 / 2:スピード向上 / 3:安全性が向上する,0:バイク制御困難になり危険,原付のスタンディング走行はハンドル制御困難となり極めて危険。,drop,"vague_prompt,category_mismatch",内容が不自然,,,,,
g116,gentsuki,license_system,2,原付での公道試験前の準備で最も大事なのは。,0:スピード競争の練習 / 1:友人のアドバイス / 2:マニュアル変速の反復 / 3:交通ルールの完全理解と実際の走行での判断力養成,3:交通ルールの完全理解と実際の走行での判断力養成,試験対策は交通ルール理解と実交通での正確な判断能力が最優先。,drop,vague_prompt,曖昧,,,,,
g119,gentsuki,hazard_prediction,2,原付での視野死角を確認する最適な方法は。,0:走行中に止まる / 1:頭を動かさない / 2:こまめに頭を動かして死角確認 / 3:バックミラーのみ,2:こまめに頭を動かして死角確認,視野死角はこまめなヘッド・アイ・ムーブメントで確認することが基本安全操作。,drop,"near_dup,factual",g029と重複。用語が不明,,,,,
g120,gentsuki,maintenance,2,原付でのメンテナンス記録の必要性は。,0:法律で義務化 / 1:環境保全のためのみ / 2:不要 / 3:将来の売却時や買取時に有利,3:将来の売却時や買取時に有利,メンテナンス記録はバイク査定時に重要な履歴情報となる。,drop,vague_prompt,出題価値なし,,,,,
g123,gentsuki,signs,1,原付での一時停止標識での対応で正しいのは。,0:ウインカー出のみ / 1:クラクションのみ / 2:完全に停止して安全確認 / 3:減速のみ,2:完全に停止して安全確認,一時停止は完全停止が法定要件。減速だけでは違反。,drop,near_dup,g031と重複,,,,,
g124,gentsuki,hazard_prediction,2,原付でのバイク専用レーン走行について。,0:タクシーも可 / 1:自動車も走行可 / 2:バス専用 / 3:原付のみ走行可,3:原付のみ走行可,バイク専用レーンは原付を含むバイク専用で、自動車進入は禁止。,drop,factual,該当する専用レーンは通常ない,,,,,
g126,gentsuki,rules,2,原付での可動式横断歩道での通行方法は。,0:歩行者がいると停止 / 1:減速し周囲確認後通過 / 2:加速して通過 / 3:スキップしてもいい,1:減速し周囲確認後通過,可動式横断歩道は歩行者優先。減速・確認後、安全に通過する。,drop,"factual,vague_prompt",存在しない用語,,,,,
g127,gentsuki,emergency,2,原付でのロードサービスの利用について。,0:警察に通報のみ / 1:自力解決のみ / 2:JAFやバイク保険のロードサービス利用が便利 / 3:友人に頼るのが正解,2:JAFやバイク保険のロードサービス利用が便利,パンクやエンジン不調時のロードサービス利用は迅速な解決に有効。,drop,vague_prompt,出題価値なし,,,,,
g129,gentsuki,hazard_prediction,2,原付でのバイク保険加入について。,0:事故時の対人対物賠償カバーが重要 / 1:法定速度下なら不要 / 2:任意保険は不要 / 3:保険は高いから不要,0:事故時の対人対物賠償カバーが重要,バイク保険は対人対物賠償リスク対策として重要。未加入は高リスク。,drop,near_dup,g017と重複,,,,,
g130,gentsuki,license_system,1,原付でのヘルメット未着用での罰則は。,"0:注意のみ / 1:反則金5,000円 / 2:違反ではない / 3:反則金2,000円","1:反則金5,000円","ヘルメット未着用は反則金5,000円の違反。着用は法的義務。",drop,factual,ヘルメット未着用は反則金なし（点数1点）,,道路交通法 第71条の4,要,,
g131,gentsuki,maintenance,2,原付での整備記録簿の作成意義は。,0:費用削減のみ / 1:法律義務ではない / 2:バイク管理と売却時の信頼性向上 / 3:不要,2:バイク管理と売却時の信頼性向上,整備記録簿はバイク状態管理と中古売却時の評価向上に有用。,drop,vague_prompt,出題価値なし,,,,,
g132,gentsuki,maintenance,2,原付での寿命判断の目安となるのは。,0:見た目のみ / 1:所有者気分 / 2:エンジン音のみ / 3:走行距離と経過年数,3:走行距離と経過年数,バイク寿命は走行距離（数万km目安）と経過年数（5～10年）で判断が一般的。,drop,vague_prompt,出題価値なし,,,,,
g133,gentsuki,hazard_prediction,3,原付でのウィンカーレバー長押しでの警告音について。,0:ウインカー自動消灯の警告 / 1:走行不可 / 2:故障 / 3:完全に消さないと違反,0:ウインカー自動消灯の警告,ウインカー長押しは自動消灯機能の警告音で、正常機能。,drop,factual,内容が不自然,,,,,
g134,gentsuki,operation,3,原付での完全停止からの発進時、最初の操作順序で正しいのは。,0:アクセル→クラッチ→ギア / 1:クラッチ→ギア入れ→アクセル / 2:ギア入れ→クラッチ→アクセル / 3:順序は関係ない,1:クラッチ→ギア入れ→アクセル,発進はクラッチ完全切断→ギア入れ→クラッチ繋ぎ→アクセルが正確な手順。,drop,category_mismatch,操作手順は範囲外,,,,,
g136,gentsuki,hazard_prediction,1,原付での通勤時の走行で最も注意すべきことは。,0:朝の交通ラッシュで急カーブを避ける / 1:ラジオを聴きながら運転 / 2:速度を上げる / 3:周囲の交通状況変化への対応,3:周囲の交通状況変化への対応,通勤時は交通量が多く、周囲の状況変化への即座な対応が最重要。,drop,vague_prompt,曖昧,,,,,
g142,gentsuki,rules,2,原付での交差点突入時の危険認識で最も重要なのは。,0:信号の色のみ確認 / 1:対向車・歩行者・標識の同時確認 / 2:走行速度の維持 / 3:前方車両の追従,1:対向車・歩行者・標識の同時確認,交差点進入時は複数の危険要因が重なるため、総合的な確認が必須。,drop,near_dup,g111と重複,,,,,
g143,gentsuki,operation,1,原付でのカーブ走行で危険な操作は。,0:低速でのカーブ侵入 / 1:カーブ手前での減速 / 2:カーブ中のブレーキ / 3:カーブ手前から減速,2:カーブ中のブレーキ,カーブ中のブレーキはスリップやロックの原因となり極めて危険。,drop,near_dup,g050と重複,,,,,
g145,gentsuki,signs,2,原付での横断歩道上での停止について正しいのは。,0:停止線手前での停止が正則 / 1:停止位置は自由 / 2:歩道上での停止は許可 / 3:歩道を越えて停止,0:停止線手前での停止が正則,信号待ちは横断歩道を侵襲しない停止線手前で停止することが規則。,drop,"near_dup,factual",g137と重複,,,,,
g147,gentsuki,maintenance,1,原付でのマニュアル・オートマ区別について。,0:形式で分かれている / 1:ほぼマニュアル / 2:原付はすべてオートマ / 3:区別がない,2:原付はすべてオートマ,ほぼ全ての原付はオートマチック構造で、特別な変速操作が不要。,drop,"factual,vague_prompt",原付はすべてATは誤り,,,,,
g149,gentsuki,operation,1,原付での左右の側面制御で重要なのは。,0:ハンドル / 1:アクセル / 2:ブレーキ / 3:ギア,0:ハンドル,左右の方向制御はハンドル操作で行われ、最も重要な操作要素。,drop,vague_prompt,曖昧,,,,,
g150,gentsuki,operation,2,原付での坂道での走行で最も注意すべき点は。,0:速度は気にしない / 1:下り坂でのブレーキ過熱とニュートラル走行回避 / 2:スピード維持 / 3:上り坂での高速走行,1:下り坂でのブレーキ過熱とニュートラル走行回避,下り坂ではブレーキ過熱を避けエンジンブレーキを活用し、ニュートラル走行は避けるべき。,drop,near_dup,g036と重複,,,,,
g151,gentsuki,hazard_prediction,1,原付での雨天走行で必須の装備は。,0:クラクション / 1:ヘッドライトのみ / 2:ライト点灯と反射材装備 / 3:革ジャン,2:ライト点灯と反射材装備,雨天時はライト点灯と反射材が視認性向上に最重要。,drop,"near_dup,vague_prompt",g108と重複,,,,,
g154,gentsuki,maintenance,3,原付での鋭いカーブでのスリップ防止策は。,0:カーブ中の急ブレーキ / 1:カーブ手前での十分な減速と滑らないタイヤ維持 / 2:加速する / 3:全速力で曲がる,1:カーブ手前での十分な減速と滑らないタイヤ維持,カーブ走行時のスリップ防止には、事前減速とタイヤの最適な空気圧維持が必須。,drop,"near_dup,topic_mismatch",g050と重複,,,,,
g157,gentsuki,hazard_prediction,1,原付での急加速によるリスク。,0:ホイールスピンやバイク不安定化 / 1:燃費改善 / 2:安全である / 3:効率的,0:ホイールスピンやバイク不安定化,急加速はホイールスピンを引き起こし、バイクが不安定化して危険。,drop,near_dup,g063と重複,,,,,
g159,gentsuki,parking,1,原付での積載物が飛散する危険は。,0:影響なし / 1:前車へのリスク / 2:他者への落下事故リスク / 3:他者に危険なし,2:他者への落下事故リスク,不固定の積載物脱落は後続車への落下物事故につながり、極めて危険。,drop,near_dup,g067と重複,,,,,
g160,gentsuki,hazard_prediction,2,原付での歩行者自転車混合通路での走行。,0:走行禁止 / 1:高速走行可 / 2:徐行すれば走行可 / 3:押して歩行が必須,3:押して歩行が必須,歩行者自転車混合通路ではバイクを押して歩くことが原則。,drop,near_dup,g077と重複,,,,,
g162,gentsuki,operation,2,原付での舗装されていない路面走行。,0:加速して走行 / 1:転倒リスク高く、低速で慎重に走行 / 2:問題ない / 3:避けるべき,1:転倒リスク高く、低速で慎重に走行,未舗装路はグリップが不安定でスリップリスクが高いため、低速慎重走行が必須。,drop,near_dup,g084と重複,,,,,
g163,gentsuki,parking,1,原付での駐輪違反の罰則で正しいのは。,"0:口頭注意のみ / 1:罰則なし / 2:反則金2,000円 / 3:免許取消し","2:反則金2,000円","駐輪禁止区域への駐輪は反則金2,000円の違反。",drop,factual,反則金額が誤り,,,要,,
g164,gentsuki,rules,2,原付での交差点での後方確認の重要性は。,0:影響なし / 1:前方確認で十分 / 2:不要 / 3:後続車両との衝突回避に重要,3:後続車両との衝突回避に重要,交差点での車線変更時の後方確認は、後続車との接触事故防止に必須。,drop,near_dup,g029と重複,,,,,
g168,gentsuki,license_system,2,原付での公道での練習走行について。,0:禁止 / 1:自由に走行できる / 2:許可証が必要 / 3:最低限の公道ルール遵守で走行可,3:最低限の公道ルール遵守で走行可,免許取得後の公道走行練習は、道路交通法完全遵守での走行が必須。,drop,vague_prompt,曖昧,,,,,
g176,gentsuki,hazard_prediction,2,原付でのバリアフリー勾配での走行。,0:走行禁止 / 1:平坦と同じ / 2:加速する / 3:滑りやすく低速での走行が必須,3:滑りやすく低速での走行が必須,スロープなど勾配のある場所は滑りやすく、低速での走行が必須。,drop,"vague_prompt,obvious_other,topic_mismatch",場所・条件が曖昧で選択肢も不自然,,交通の方法に関する教則 第5章,,,
g180,gentsuki,rules,2,原付での動物との遭遇時の対応は。,0:加速して脱出 / 1:クラクション全開 / 2:無視 / 3:速度低下して落ち着いた対応,3:速度低下して落ち着いた対応,野生動物との遭遇は予測不可。低速で慎重に対応し、衝突回避が優先。,drop,"vague_prompt,obvious_other,topic_mismatch",動物遭遇は試験範囲外で誤答が不自然,,道路交通法,,,
g181,gentsuki,hazard_prediction,1,原付での夜間走行での目の疲労対策。,0:定期的な休憩で目を休める / 1:走行禁止 / 2:運転し続ける / 3:目薬を差しっぱなし,0:定期的な休憩で目を休める,夜間走行は目が疲労しやすい。定期的な休憩で目の疲れをリセット。,drop,"vague_prompt,obvious_other",誤答が非現実的で出題価値が低い,,交通の方法に関する教則 第5章,,,
g190,gentsuki,emergency,2,原付での前方不注意による事故でのドライバー責任。,0:双方の責任 / 1:前方確認義務違反で重大責任 / 2:相手側責任 / 3:前方に支障物があれば責任なし,1:前方確認義務違反で重大責任,前方確認は運転の基本義務。不注意での事故は重大な法的責任が生じる。,drop,"vague_prompt,ambiguous,weak_explanation",法的責任の問いは曖昧で教則に根拠がない,,道路交通法 第72条,,,
g191,gentsuki,hazard_prediction,1,原付での安全運転の第一原則は。,0:最高速度で走行 / 1:速度感覚 / 2:自分と相手の安全を最優先 / 3:とにかく走行継続,2:自分と相手の安全を最優先,安全運転の最高原則は自分と他者の安全。すべての判断がこれに基づく。,drop,"vague_prompt,obvious_other,weak_explanation",一般論で誤答が不自然、出題価値なし,,交通の方法に関する教則 第5章,,,
g192,gentsuki,rules,2,原付での後方確認を怠った場合の危険。,0:影響なし / 1:右側確認で十分 / 2:前方のみ確認で十分 / 3:後続車衝突や追越時の接触事故,3:後続車衝突や追越時の接触事故,後方確認不足は、追従や追越時の衝突事故につながり極めて危険。,drop,"obvious_other,vague_prompt",自明で誤答が不自然,,道路交通法,,,
g193,gentsuki,rules,1,原付での交通ルール確認の最適な方法は。,0:走行前に十分確認 / 1:確認不要 / 2:走行中に他者に確認 / 3:運転しながら確認,0:走行前に十分確認,走行前のルール確認は重大な違反や事故防止に必須。,drop,"vague_prompt,obvious_other",自明、出題価値なし,,道路交通法,,,
g197,gentsuki,hazard_prediction,1,原付での雨の日での走行判断で最適なのは。,0:低速で十分な注意で走行 / 1:走行を避け、天候回復まで待つ / 2:通常速度で走行 / 3:高速走行,0:低速で十分な注意で走行,雨天は危険が増加。低速走行と最大警戒が必須。,drop,"ambiguous,vague_prompt",低速走行も走行を避けるも正当化でき曖昧,,交通の方法に関する教則 第5章,,,
g259,gentsuki,rules,2,二輪車の並進(横に並んで走行すること)に関する規定として正しいのはどれか。,0:常に自由に並進してよい / 1:並進の可否は運転者の判断に任されている / 2:並進を認める道路標識がある場所を除き、並進は禁止されている / 3:二人までなら並進してよい,2:並進を認める道路標識がある場所を除き、並進は禁止されている,二輪車の並進は、これを認める道路標識がある区間を除いて禁止されている。,drop,factual,二輪(原付含む)の並進は標識でも不可。並進可は軽車両,,道路交通法 第19条,要,,
g278,gentsuki,parking,2,駐車場所を選ぶときに避けるべき場所として適切なのはどれか。,0:許可された駐輪場や駐車場 / 1:他の車両や歩行者の通行を妨げる場所 / 2:広い駐車場の中の区画線内 / 3:建物の敷地内にある指定駐車スペース,1:他の車両や歩行者の通行を妨げる場所,駐車する際は、他の車両や歩行者の通行を妨げる場所を避け、許可された場所に適切に駐車する必要がある。,drop,"obvious_other,vague_prompt",自明、出題価値なし,,道路交通法 第44-47条,,,
g286,gentsuki,maintenance,2,原付に乗る前の日常点検の習慣について正しいのはどれか。,0:異常がなければ点検の習慣は不要である / 1:毎回の走行前に主要な箇所を点検する習慣をつけることが望ましい / 2:点検は販売店に任せておけば運転者は行わなくてよい / 3:点検は購入時に一度行えば十分である,1:毎回の走行前に主要な箇所を点検する習慣をつけることが望ましい,タイヤやブレーキ、灯火類などの日常点検は毎回の走行前に行う習慣をつけることで、不具合の早期発見と事故の予防につながる。,drop,"near_dup,obvious_other",g200と近い。自明,,道路運送車両法 第47条の2,,,
g301,gentsuki,signs,1,「最低速度」の標識が意味するものとして正しいのはどれか。,0:その数字を下回る速度での走行を禁止する（高速道路等に設置） / 1:その数字を超える速度での走行を禁止する / 2:車両が道路を横断（右左折を除く進路変更）することを禁止する / 3:路面電車の軌道敷内を車両が通行できることを示す,0:その数字を下回る速度での走行を禁止する（高速道路等に設置）,「最低速度」は規制標識（円形・青地に白字で数字）で、その数字を下回る速度での走行を禁止する（高速道路等に設置）ことを意味する。,drop,"category_mismatch,weak_explanation",最低速度は高速道路用で原付に不適,,道路標識、区画線及び道路標示に関する命令,要,,
g316,gentsuki,signs,1,「停止線」の標識が意味するものとして正しいのはどれか。,0:車両の駐車と停車の両方を禁止する / 1:車両の種類ごとに通行すべき車両通行帯を指定する / 2:車両のUターン（転回）を禁止する / 3:停止すべき位置を示す,3:停止すべき位置を示す,「停止線」は指示標識（長方形・青地に白の絵）で、停止すべき位置を示すことを意味する。,drop,"factual,topic_mismatch",停止線は道路標示で標識ではない,,道路標識、区画線及び道路標示に関する命令,要,,
g340,gentsuki,signs,1,「中央線」の標識が意味するものとして正しいのはどれか。,0:指定された複数の種類の車両の通行を禁止する / 1:歩行者専用の道路であり、車両の通行を禁止する / 2:前方にT字路があることを予告し、注意を促す / 3:道路の中央の位置を示す線であることを示す,3:道路の中央の位置を示す線であることを示す,「中央線」は指示標識（長方形・青地に白の絵）で、道路の中央の位置を示す線であることを示すことを意味する。,drop,"factual,topic_mismatch",中央線は道路標示で標識ではない,,道路標識、区画線及び道路標示に関する命令,要,,
o019,ogata_nirin,parking,1,大型二輪での駐輪場の利用について正しいのはどれか。,0:駐輪禁止場所に停める / 1:歩道に停める / 2:許可された駐輪場のみ使用 / 3:駐輪規制なし,2:許可された駐輪場のみ使用,大型二輪も許可された駐輪場のみ使用が必須。,drop,"obvious_other,vague_prompt",自明な常識で出題価値低い,,,,,
o024,ogata_nirin,parking,2,大型二輪での児童乗車について正しいのはどれか。,0:児童乗車は完全禁止 / 1:制限がなく乗車可能 / 2:親が同乗すれば可能 / 3:6歳以上で親の判断で可能,3:6歳以上で親の判断で可能,大型二輪への児童乗車は6歳以上が条件で、適切なヘルメット着用が必須。,drop,"factual,ambiguous",「6歳以上」の年齢条件は根拠不明で誤りの疑い,,,要,,
o039,ogata_nirin,license_system,1,大型二輪での登録について正しいのはどれか。,0:自動的に登録される / 1:警察への登録 / 2:陸運局への登録が必須 / 3:登録不要,2:陸運局への登録が必須,大型二輪は陸運局への登録が必須であり、登録証の携行が必要。,drop,"category_mismatch,factual",登録は学科範囲外。陸運局は運輸支局、登録証も不正確,,,要,,
o044,ogata_nirin,operation,2,大型二輪でのスタンディング走行（立ちこぎ）について正しいのはどれか。,0:完全禁止 / 1:いつでも可能 / 2:下り坂では許可 / 3:特定の状況下で許可される,3:特定の状況下で許可される,スタンディング走行は、オフロード走行など特定の状況下でのみ許可される。,drop,"factual,ambiguous,category_mismatch",公道では立ち乗りは不適切。出題価値なし,,,,,
o046,ogata_nirin,operation,2,大型二輪でのコーナリング時の体重移動について正しいのはどれか。,0:内側に体重移動する / 1:外側に体重移動する / 2:垂直に保つ / 3:体重移動は不要,1:外側に体重移動する,コーナリング時は、バイクを内側に傾けると同時に、体重を外側に移動させることが安全。,drop,"factual,ambiguous",体重移動の向きは流派による。学科根拠なし,,,,,
o058,ogata_nirin,operation,4,大型二輪での制動力について正しいのは。,0:弱いブレーキで十分 / 1:高出力に対応した強力なブレーキ / 2:小型バイクと同じブレーキ力 / 3:ブレーキは不要,1:高出力に対応した強力なブレーキ,大型二輪は高出力に対応する強力なブレーキシステム搭載が必須。,drop,"vague_prompt,obvious_other",ブレーキ性能は規定でなく問いが不明確,,,,,
o064,ogata_nirin,hazard_prediction,5,大型二輪での最重要安全項目は。,0:他車圧迫 / 1:最高速度達成 / 2:加速競争 / 3:周囲確認と予測運転,3:周囲確認と予測運転,大型二輪でも基本は周囲確認と予測運転による危機管理。,drop,"vague_prompt,obvious_other",最重要の定義が曖昧,,,,,
o239,ogata_nirin,operation,5,高速道路で大型自動二輪車に同乗者を乗せて走行するために必要な条件として正しいのはどれか。,0:運転者が20歳以上であること、または運転経験が3年以上あることのどちらか一方を満たせばよい / 1:運転者の年齢に関係なく、免許取得後1年経過していればよい / 2:運転者が20歳以上であり、かつ運転経験(通算)が3年以上であることの両方を満たす必要がある / 3:高速道路では大型自動二輪車の二人乗りは年齢や経験にかかわらず一切認められていない,2:運転者が20歳以上であり、かつ運転経験(通算)が3年以上であることの両方を満たす必要がある,高速道路で二人乗りをするには、運転者が20歳以上であることと、運転経験が通算3年以上であることの両方を満たす必要があり、どちらか一方だけでは条件を満たさない。,drop,"factual,outdated",高速道路の二人乗り年齢・経験条件は2005年廃止済み,,道路交通法 第57条・同施行令,要,,
o253,ogata_nirin,parking,2,大型自動二輪免許を取得後まだ日が浅い運転者が、友人を同乗させて近所のコンビニまで一般道路を走行することについて正しいのはどれか。,0:一般道路であれば年齢・経験年数の条件なく同乗させることができる / 1:一般道路でも高速道路と同じ年齢・経験年数の条件が適用される / 2:免許取得後1年間は同乗者を乗せてはならない / 3:同乗させるには公安委員会への事前届出が必要である,0:一般道路であれば年齢・経験年数の条件なく同乗させることができる,二人乗りの年齢・経験年数の条件は高速道路(自動車専用道路)に関するものであり、一般道路では免許取得直後から同乗者を乗せることができる。,drop,"near_dup,topic_mismatch,factual",o237と重複。解説が高速条件に言及し誤り,,道路交通法施行令,要,,
o267,ogata_nirin,hazard_prediction,5,運転経験が3年に満たない運転者が、高速道路で無理に同乗者を乗せて走行した場合に生じる危険についての予測として適切なのはどれか。,0:高速道路では経験年数の条件は関係ない / 1:経験年数は運転操作の安定性に関係しないため危険はない / 2:条件を満たさない二人乗りであり、違反であるだけでなく、経験不足による車両操作の不安定さが事故につながるおそれがある / 3:同乗者がいる方が車体は安定するので、経験不足を補える,2:条件を満たさない二人乗りであり、違反であるだけでなく、経験不足による車両操作の不安定さが事故につながるおそれがある,条件を満たさないまま二人乗りをすることは違反であるうえ、経験の浅い運転者は重量増加による車体特性の変化に対応しきれず、事故の危険が高まる。,drop,"factual,outdated",前提の高速二人乗り条件が2005年に廃止済み,,道路交通法施行令,要,,
o300,ogata_nirin,signs,5,高速道路の一部区間には、年齢や免許経験年数の条件を満たしていても大型自動二輪車の二人乗り通行を禁止する補助標識が設置されている場合がある。この場合の対応として正しいのはどれか。,0:標識は参考情報であり従う義務はない / 1:普通自動二輪車にのみ適用され大型自動二輪車には関係ない / 2:条件を満たしていれば標識があっても二人乗りをしてよい / 3:条件を満たしていても、その標識がある区間では二人乗りをしてはならない,3:条件を満たしていても、その標識がある区間では二人乗りをしてはならない,年齢・経験年数の条件を満たす場合でも、二人乗り通行を禁止する標識が設置されている区間ではその規制に従わなければならない。,drop,factual,条件を満たしても二人乗りを禁止する標識は存在しない,,道路交通法,要,,
o301,ogata_nirin,signs,1,「指定方向外進行禁止（右折禁止）」の標識が意味するものとして正しいのはどれか。,0:示された方向以外への進行を禁止し、右折を禁止する / 1:路面電車の停留所などで、歩行者が安全に待機するための場所であることを示す / 2:路線バス等が優先的に通行する車両通行帯であることを示す / 3:停止すべき位置を示す,0:示された方向以外への進行を禁止し、右折を禁止する,「指定方向外進行禁止（右折禁止）」は規制標識（円形・青地に白の矢印（右折方向を除く））で、示された方向以外への進行を禁止し、右折を禁止することを意味する。,drop,"factual,ambiguous",「指定方向外進行禁止（右折禁止）」は存在しない名称,,道路標識、区画線及び道路標示に関する命令,要,,
o308,ogata_nirin,signs,2,円形で青地に白の矢印（左折方向を除く）の「指定方向外進行禁止（左折禁止）」の標識について、正しい説明はどれか。,0:歩行者が道路を横断するための場所であることを示す / 1:路面が滑りやすい状態にあることが多く、注意すべきことを示す / 2:その場所での駐車が認められていることを示す / 3:示された方向以外への進行を禁止し、左折を禁止する,3:示された方向以外への進行を禁止し、左折を禁止する,「指定方向外進行禁止（左折禁止）」は規制標識（円形・青地に白の矢印（左折方向を除く））で、示された方向以外への進行を禁止し、左折を禁止することを意味する。,drop,"factual,ambiguous,near_dup",左折禁止という指定方向外進行禁止は不成立。o301と同型,,道路標識、区画線及び道路標示に関する命令,要,,
o317,ogata_nirin,signs,2,三角形で黄色地に黒のラッパの絵の「警笛鳴らせ」の標識について、正しい説明はどれか。,0:指定された区間で警音器（クラクション）を鳴らさなければならないことを示す / 1:車両が道路を横断（右左折を除く進路変更）することを禁止する / 2:道路の側端に対して斜めに駐車すべきことを示す / 3:バスなど特定の車両の専用通行帯であることを示し、それ以外の車両の通行を制限する,0:指定された区間で警音器（クラクション）を鳴らさなければならないことを示す,「警笛鳴らせ」は規制標識（三角形・黄色地に黒のラッパの絵）で、指定された区間で警音器（クラクション）を鳴らさなければならないことを示すことを意味する。,drop,"factual,near_dup",警笛鳴らせは円形青地。三角形黄色は誤り。o330と重複,,道路標識、区画線及び道路標示に関する命令,要,,
o341,ogata_nirin,signs,2,長方形で青地に白の絵の「停止線」の標識について、正しい説明はどれか。,0:停止すべき位置を示す / 1:前方に十字路（交差点）があることを予告し、注意を促す / 2:自転車を除く軽車両（荷車など）の通行を禁止する / 3:その場所での駐車が認められていることを示す,0:停止すべき位置を示す,「停止線」は指示標識（長方形・青地に白の絵）で、停止すべき位置を示すことを意味する。,drop,"factual,topic_mismatch",停止線は路面標示で青地長方形の標識ではない,,道路標識、区画線及び道路標示に関する命令,要,,
at004,at_gentei,license_system,1,AT限定免許は、普通二輪・大型二輪のどちらの区分にも付けることができる条件か。,0:大型二輪にのみ付けることができる / 1:普通二輪にのみ付けることができる / 2:小型限定にのみ付けることができる / 3:どちらの区分にも付けることができる,3:どちらの区分にも付けることができる,AT限定は排気量区分を問わず付与される運転条件であり、小型・普通・大型のいずれの二輪免許にも設定されうる。,fix,"vague_prompt,obvious_other",問題文が普通・大型のみ、選択肢に小型限定が混在,問題文を「AT限定は小型・普通・大型のどの二輪免許区分にも付けられる条件か」に統一する,道路交通法施行規則 第2条 免許の条件,,,
at005,at_gentei,license_system,1,普通自動車のAT限定免許を持っていれば、二輪のAT車も運転できるか。,0:運転できない。二輪の免許を別に取得する必要がある / 1:普通免許があれば二輪も含めて運転できる / 2:AT車同士なので運転できる / 3:排気量50cc以下なら運転できる,0:運転できない。二輪の免許を別に取得する必要がある,自動車の運転免許と二輪車の運転免許は別区分であり、普通自動車AT限定免許だけでは二輪車を運転する資格は得られない。,fix,"factual,ambiguous",普通免許で原付AT車は運転可、選択肢4が正しくなりうる,「普通自動車AT限定免許で、排気量125ccを超える二輪のAT車を運転できるか」と限定し、選択肢4を別の誤りに差し替え,道路交通法 第84条,要,,
at013,at_gentei,rules,1,二輪車の法定最高速度（高速道路以外）として正しいのはどれか。,0:時速60km / 1:時速80km / 2:時速50km / 3:時速40km,0:時速60km,標識等で特に指定がない場合、一般道路における自動車・二輪車の法定最高速度は時速60kmである。,fix,"vague_prompt,ambiguous",「二輪車」に原付(30km/h)が含まれ曖昧,「普通自動二輪車の法定最高速度(高速道路以外)」に限定する,道路交通法施行令 第11条,要,,
at014,at_gentei,rules,3,交差点で二段階右折が義務付けられている車両として正しいものはどれか。,0:AT限定を問わずすべての二輪車 / 1:原動機付自転車 / 2:AT限定大型二輪車 / 3:AT限定普通二輪車,1:原動機付自転車,二段階右折が義務付けられるのは原動機付自転車であり、普通・大型二輪車（AT限定含む）は交差点の状況に応じた小回り右折または二段階右折を行う。,fix,"factual,weak_explanation",解説の「普通二輪も二段階右折を選べる」は誤り,解説を「二段階右折が必要なのは原付(と軽車両)。普通・大型二輪は小回り右折」に修正,道路交通法 第34条第3項,,,
at019,at_gentei,rules,2,駐停車禁止場所として正しいものはどれか。,0:住宅街の細い道路 / 1:駐車場の敷地内 / 2:消火栓から5m以内の場所 / 3:商店街のアーケード内,2:消火栓から5m以内の場所,消火栓、消防用防火水槽の取入口から5m以内は駐停車が禁止されている。,fix,"factual,near_dup",消火栓5mは駐車禁止で駐停車禁止ではない。at127と重複,問題文を「駐車禁止場所」に変更、またはat127と統合して削除(相手:at127),道路交通法 第45条,要,,
at023,at_gentei,rules,1,シートベルトに相当する二輪車の安全装備義務として正しいのはどれか。,0:ヘルメットの着用は任意である / 1:高速道路以外ではヘルメット着用は不要である / 2:運転者・同乗者ともにヘルメットの着用が義務付けられている / 3:同乗者のみヘルメット着用が義務である,2:運転者・同乗者ともにヘルメットの着用が義務付けられている,二輪車の運転者・同乗者は、走行するすべての道路でヘルメットを着用しなければならない。,fix,"vague_prompt,obvious_longest",「シートベルトに相当する」は不適切な導入,問題文を「二輪車のヘルメット着用義務として正しいのはどれか」に変更,道路交通法 第71条の4,,,
at038,at_gentei,rules,3,原動機付自転車を含む二輪車が守るべき最低速度規制について正しいのはどれか。,0:高速道路の本線車道と同じ最低速度規制が適用される / 1:一般道路では最低速度の規制は原則として定められていない / 2:AT車は最低速度規制の対象外という特例がある / 3:一般道路でも常に時速30km以上で走行しなければならない,1:一般道路では最低速度の規制は原則として定められていない,最低速度の規制は主に高速道路の本線車道で定められており、一般道路では原則として最低速度の規制はない。,fix,vague_prompt,最低速度の前提(高速道路本線車道)が不明,「高速自動車国道の本線車道の最低速度(標識なし)は何km/hか」に具体化,道路交通法施行令 第27条,要,,
at046,at_gentei,hazard_prediction,4,路面電車の軌道敷（線路）を横断・並走する際の危険として正しいのはどれか。,0:軌道敷は二輪車の通行が禁止されているため考慮不要である / 1:レール部分は濡れていると特に滑りやすく、直角に近い角度で通過するのが望ましい / 2:軌道敷はアスファルトより滑りにくいので注意不要である / 3:レールに対して斜めに進入するほうが安全である,1:レール部分は濡れていると特に滑りやすく、直角に近い角度で通過するのが望ましい,濡れたレールは非常に滑りやすく、斜めに進入するとタイヤが取られやすいため、できるだけ直角に近い角度で通過するのが安全。,fix,"factual,ambiguous,obvious_longest",軌道敷内は原則通行不可。「並走」は不適切,問題文を「路面電車の軌道を横断するとき」に限定,道路交通法 第21条,要,,
at073,at_gentei,operation,2,二輪車のギアチェンジ（AT車にはない操作だが対比として理解すべき点）に関する記述で、AT限定免許で理解しておくべき正しい知識はどれか。,0:AT車はクラッチ操作なしに自動で変速比が調整されるため、運転者はスロットルとブレーキの操作に集中できる / 1:AT車は変速の概念自体が存在しない単一ギアの車両である / 2:AT限定免許ではギアという概念を理解する必要はない / 3:AT車も手動でクラッチを操作しなければ変速できない,0:AT車はクラッチ操作なしに自動で変速比が調整されるため、運転者はスロットルとブレーキの操作に集中できる,AT車はクラッチ操作が不要な分、運転者はスロットルとブレーキの操作、車体の安定に集中しやすいという特徴がある。,fix,"vague_prompt,weak_explanation,obvious_longest",問題文が冗長で何を問うか不明,「AT車の特徴として正しいのはどれか」に簡潔化,二輪車の運転方法(教則 第3章),,,
at079,at_gentei,operation,2,狭い道でのすれ違いにおける二輪車の操作として適切なのはどれか。,0:すれ違い時はできるだけ加速して早く通過する / 1:狭い道では対向車の有無を確認する必要はない / 2:speed（速度）を落とし、できるだけ左に寄って安全な間隔を確保する / 3:対向車が来ても速度を維持したまま中央付近を走行する,2:speed（速度）を落とし、できるだけ左に寄って安全な間隔を確保する,狭い道での対向車とのすれ違いでは、速度を落として左に寄り、十分な間隔を確保することが基本となる。,fix,"factual,obvious_longest",選択肢3に英語「speed」が混在、表記不統一,選択肢を「速度を落とし、できるだけ左に寄って…」に修正,交通の方法に関する教則,,,
at085,at_gentei,parking,2,駐車の定義として正しいのはどれか。,0:継続的に車両を停止させ、すぐに運転できない状態にすること / 1:5分以内であれば駐車には該当しない / 2:運転者が車両を離れなければ駐車には該当しない / 3:貨物の積み下ろしのための停止は必ず駐車に該当する,0:継続的に車両を停止させ、すぐに運転できない状態にすること,駐車とは、車両が継続的に停止し、運転者がすぐに運転できない状態（車両を離れている等）にあることをいう。,fix,"factual,ambiguous",人待ち・荷待ち等の継続停止も駐車。定義が不完全,「車両が継続的に停止すること(運転者がすぐ運転できない状態を含む)」の趣旨に修正,道路交通法 第2条第1項第18号,要,,
at094,at_gentei,parking,3,駐車場出入口や車庫前に無断で駐車することの問題点として正しいのはどれか。,0:短時間であれば車庫前に駐車しても問題ない / 1:他車の出入りを妨げるため、駐停車禁止場所として法律で規定されている / 2:私有地の出入口であれば駐車しても違反にはならない / 3:車庫前の駐車禁止は自動車のみに適用される,1:他車の出入りを妨げるため、駐停車禁止場所として法律で規定されている,自動車専用の出入口から3m以内は駐車禁止場所として法律で定められており、他車の通行を妨げる駐車は違反となる。,fix,"factual,near_dup,obvious_longest",出入口3m以内は駐車禁止で駐停車禁止ではない(相手:at020),選択肢2を「駐車禁止場所として規定」に変更、またはat020と統合,道路交通法 第45条,要,,
at097,at_gentei,maintenance,5,AT車（スクーター等）の日常点検で特に確認すべき項目として正しいのはどれか。,0:駆動ベルトやウエイトローラーなど、CVT機構の摩耗状態 / 1:クラッチワイヤーの張り具合 / 2:ギアオイルの量（MT車特有の項目） / 3:クラッチディスクの摩耗状態,0:駆動ベルトやウエイトローラーなど、CVT機構の摩耗状態,AT車はCVT（無段変速機）を採用しているため、MT車のクラッチ関連部品の代わりに駆動ベルトやウエイトローラーなどの摩耗を点検する必要がある。,fix,"factual,obvious_longest",ベルト等は日常点検でなく定期点検の項目,「日常点検」を「定期的な点検」に修正,道路運送車両法 第48条,要,,
at099,at_gentei,signs,3,「二輪車二人乗り通行禁止」の標識がある区間での通行として正しいのはどれか。,0:AT限定二輪車はこの標識の対象外である / 1:夜間に限りこの標識の効力はなくなる / 2:AT限定であっても、その区間では二輪車の二人乗りをしてはならない / 3:二人乗り通行禁止の標識は原付にのみ適用される,2:AT限定であっても、その区間では二輪車の二人乗りをしてはならない,「二輪車二人乗り通行禁止」の標識がある区間では、AT限定を含むすべての二輪車が二人乗りで通行することを禁止される。,fix,"factual,obvious_longest",標識名は「大型・普通自動二輪車二人乗り通行禁止」で原付は対象外,標識名を正式名称に修正し、選択肢の「原付のみ」を誤りとして整合,道路標識令 規制標識,要,,
at101,at_gentei,license_system,2,125cc以下のスクーターに乗るため、小型限定普通二輪免許（AT限定）を取得した。この免許で運転できる二輪車の総排気量の上限として正しいのはどれか。,0:125cc以下 / 1:50cc以下 / 2:400cc以下 / 3:250cc以下,0:125cc以下,小型限定普通二輪免許は総排気量125cc以下の二輪車が対象で、AT限定の場合はそのうちAT車に限られる。,fix,category_mismatch,小型限定の内容。kogata_gentsuki_nirinへ移すべき,小型限定ファイルへ移動、または普通二輪AT限定の排気量問題に差し替え,道路交通法 第84条,要,,
at118,at_gentei,signs,4,AT限定普通二輪免許で250ccのスクーターを運転中、「大型自動二輪車及び普通自動二輪車通行止め」の標識がある道路に差しかかった。正しい行動はどれか。,0:AT車はこの規制の対象外なので通行できる / 1:AT車であっても普通自動二輪車に該当するため、この道路には進入しない / 2:エンジンを切って押して歩けば歩道を通行できる / 3:徐行すれば通行できる,1:AT車であっても普通自動二輪車に該当するため、この道路には進入しない,この規制は自動二輪車の構造（AT・MT）を区別しない。スクーターでも排気量が125ccを超えれば普通自動二輪車として通行止めの対象になる。,fix,"factual,obvious_longest",解説の「125cc超なら」は誤り。50cc超400cc以下は全て普通自動二輪,解説を「排気量50cc超400cc以下は普通自動二輪車で構造(AT/MT)を問わず対象」に修正,道路交通法施行規則 第2条,要,,
at192,at_gentei,rules,5,道路にある路面電車の軌道敷内を二輪車が通行することについて正しいのはどれか。,0:二輪車は軌道敷内を通行しなければならない / 1:軌道敷内は横切ることもできない / 2:路面電車が走っていないときはいつでも通行できる / 3:原則として通行できないが、右左折・横断・転回のため横切る場合や標識で認められた場合などは通行できる,3:原則として通行できないが、右左折・横断・転回のため横切る場合や標識で認められた場合などは通行できる,車両は原則として軌道敷内を通行できない。右左折・横断・転回のため横切るとき、標識で認められているとき、危険防止のためやむを得ないときなどは例外である。,fix,"obvious_longest,obvious_other",正解が最長で誤答が不自然、消去法で解ける,不正解選択肢を現実的な誤りに書き換え、正解と文長を揃える,道路交通法／交通の方法に関する教則,,,
at206,at_gentei,rules,3,道路に「停止禁止部分」の標示がある場所の手前で前方が渋滞している。正しい対応はどれか。,0:二輪車はこの標示の規制を受けない / 1:その部分で停止するおそれがある場合は、標示の中に入らないようにする / 2:標示の上で停止しても短時間なら問題ない / 3:標示の中では徐行すれば停止してよい,1:その部分で停止するおそれがある場合は、標示の中に入らないようにする,停止禁止部分の標示がある場所は、前方の状況によりその中で停止するおそれがあるときは入ってはならない。,fix,"obvious_longest,obvious_other",正解が最長で誤答が不自然、消去法で解ける,不正解選択肢を現実的な誤りに書き換え、正解と文長を揃える,道路交通法／交通の方法に関する教則,,,
at209,at_gentei,hazard_prediction,4,渋滞で停止している車列の左側を二輪車で進んでいたところ、車列の切れ目で対向の右折車に道を譲るため車が止まっている。予測すべき危険として最も適切なのはどれか。,0:車列の陰から右折車が出てきて、自車の進路をふさぐおそれがある / 1:右折車は二輪車を必ず確認してから曲がる / 2:渋滞中は速度が低いので危険は少ない / 3:車列が止まっているので横から出てくる車はいない,0:車列の陰から右折車が出てきて、自車の進路をふさぐおそれがある,車列の切れ目は対向右折車や路外へ出入りする車が横切る場所になりやすい。右折車からは車列の陰の二輪車が見えにくいため、切れ目の手前で速度を落とし停止できるようにする。,fix,"obvious_longest,obvious_other",正解が最長で誤答が不自然、消去法で解ける,不正解選択肢を現実的な誤りに書き換え、正解と文長を揃える,交通の方法に関する教則 第5章 危険の予測と運転,,,
at212,at_gentei,hazard_prediction,1,片側1車線の道路を走行中、対向車線だけが渋滞して車が止まっている。予測すべき危険として適切なのはどれか。,0:止まっている車は動かないので注意は不要である / 1:渋滞の先頭で事故が起きていても自分には関係ない / 2:対向車線が渋滞しているので自車線は安全に速度を上げられる / 3:止まっている車の間から歩行者や自転車が道路を横断してくるおそれがある,3:止まっている車の間から歩行者や自転車が道路を横断してくるおそれがある,渋滞している車列の間は歩行者や自転車が横断しやすく、自車の前に突然現れることがある。速度を控えめにして進む。,fix,"obvious_longest,obvious_other",正解が最長で誤答が不自然、消去法で解ける,不正解選択肢を現実的な誤りに書き換え、正解と文長を揃える,交通の方法に関する教則 第5章 危険の予測と運転,要,,
at219,at_gentei,hazard_prediction,2,二輪車で交差点を左折するときに予測すべき危険として適切なのはどれか。,0:左折時は左側に車両がいることはないので確認は不要である / 1:左折時の危険は右後方から来る車だけである / 2:左後方から直進してくる自転車や、横断歩道を渡る歩行者と交錯するおそれがある / 3:横断歩道の歩行者は二輪車を見て必ず止まる,2:左後方から直進してくる自転車や、横断歩道を渡る歩行者と交錯するおそれがある,左折時は左後方から来る自転車や横断歩行者に注意し、直前にミラーと目視で左後方を確認する。,fix,"obvious_longest,obvious_other",正解が最長で誤答が不自然、消去法で解ける,不正解選択肢を現実的な誤りに書き換え、正解と文長を揃える,交通の方法に関する教則 第5章 危険の予測と運転,,,
at225,at_gentei,hazard_prediction,2,対向車線側に駐車車両があり、その後ろから対向車が近づいてきている。予測すべき危険として適切なのはどれか。,0:対向車が駐車車両を避けるため、中央線をはみ出して自車線に出てくるおそれがある / 1:駐車車両があるのは対向車線なので自分には関係ない / 2:対向車は二輪車を見れば必ずはみ出しをやめる / 3:対向車は駐車車両の後ろで必ず停止して待つ,0:対向車が駐車車両を避けるため、中央線をはみ出して自車線に出てくるおそれがある,障害物のある側の対向車がはみ出してくることがある。速度を落として道路の左寄りを走り、無理に行き違わない。,fix,"obvious_longest,obvious_other",正解が最長で誤答が不自然、消去法で解ける,不正解選択肢を現実的な誤りに書き換え、正解と文長を揃える,交通の方法に関する教則 第5章 危険の予測と運転,,,
at226,at_gentei,hazard_prediction,1,走行中に車線変更をするときの安全確認として適切なのはどれか。,0:前方だけを見ていれば後続車が避けてくれる / 1:ミラーで後方を確認したうえで、死角になる斜め後方を直接目視で確認する / 2:合図を出せば後方確認は省略してよい / 3:ミラーに何も映っていなければ目視は不要である,1:ミラーで後方を確認したうえで、死角になる斜め後方を直接目視で確認する,ミラーには映らない死角があるため、車線変更の前には目視による確認が欠かせない。,fix,"obvious_longest,obvious_other",正解が最長で誤答が不自然、消去法で解ける,不正解選択肢を現実的な誤りに書き換え、正解と文長を揃える,交通の方法に関する教則 第5章 危険の予測と運転,,,
at230,at_gentei,hazard_prediction,2,踏切の先の道路が渋滞している。踏切に入る前に確認すべきこととして正しいのはどれか。,0:踏切内で渋滞が解消するのを待てばよい / 1:踏切を渡った先に、自車が入れるだけの余地があるかどうか / 2:遮断機が上がっていれば先の渋滞は関係ない / 3:二輪車は小さいので踏切内で止まっても問題ない,1:踏切を渡った先に、自車が入れるだけの余地があるかどうか,踏切の先に余地がないまま入ると踏切内で停止してしまうおそれがある。前方に十分な余地があることを確認してから入る。,fix,"obvious_longest,obvious_other",正解が最長で誤答が不自然、消去法で解ける,不正解選択肢を現実的な誤りに書き換え、正解と文長を揃える,交通の方法に関する教則 第5章 危険の予測と運転,,,
at231,at_gentei,hazard_prediction,2,道路工事をしている区間を通過するときに注意すべき危険として適切なのはどれか。,0:工事区間は交通整理があるので危険はない / 1:工事車両は必ず二輪車に道を譲る / 2:路面の段差や砂、鉄板などでタイヤが滑ったりハンドルをとられたりするおそれがある / 3:工事区間では速度を上げて早く通過する方がよい,2:路面の段差や砂、鉄板などでタイヤが滑ったりハンドルをとられたりするおそれがある,工事区間は段差・砂・鉄板など二輪車にとって不安定な要素が多い。速度を落とし、急な操作を避ける。,fix,"obvious_longest,obvious_other",正解が最長で誤答が不自然、消去法で解ける,不正解選択肢を現実的な誤りに書き換え、正解と文長を揃える,交通の方法に関する教則 第5章 危険の予測と運転,,,
at232,at_gentei,hazard_prediction,4,交差点で右折待ちをしていると、対向車線の大型トラックが止まって「先にどうぞ」と合図をしてくれた。適切な考え方はどれか。,0:合図をもらった以上、他の車両が来ることはない / 1:トラックが譲ってくれたのだから、すぐに右折してよい / 2:トラックの運転者が安全を確認しているので自分の確認は不要である / 3:トラックの陰から直進してくる二輪車などがいるおそれがあるので、見えない部分を確かめながら少しずつ進む,3:トラックの陰から直進してくる二輪車などがいるおそれがあるので、見えない部分を確かめながら少しずつ進む,譲ってくれた車の陰は死角になり、その横を直進してくる二輪車などと衝突する事故が多い。相手の好意に頼らず、自分で安全を確かめる。,fix,"obvious_longest,obvious_other",正解が最長で誤答が不自然、消去法で解ける,不正解選択肢を現実的な誤りに書き換え、正解と文長を揃える,交通の方法に関する教則 第5章 危険の予測と運転,,,
at233,at_gentei,hazard_prediction,2,交差点に近づいたとき、横断歩道の歩行者用信号が青の点滅を始めた。予測すべきこととして適切なのはどれか。,0:急いで横断しようと、歩行者が走って横断歩道に入ってくるおそれがある / 1:歩行者用信号の点滅は車両には関係ない / 2:歩行者は点滅を見て必ず横断をやめる / 3:点滅中は横断歩道に誰も入らない,0:急いで横断しようと、歩行者が走って横断歩道に入ってくるおそれがある,歩行者用信号の点滅時は駆け込み横断が起こりやすい。横断歩道付近では速度を落とす。,fix,"obvious_longest,obvious_other",正解が最長で誤答が不自然、消去法で解ける,不正解選択肢を現実的な誤りに書き換え、正解と文長を揃える,交通の方法に関する教則 第5章 危険の予測と運転,,,
at235,at_gentei,hazard_prediction,2,歩道を走っていた自転車の前方に、歩道上の障害物が見えた。予測すべきこととして適切なのはどれか。,0:自転車は後方の二輪車を必ず確認してから車道に出る / 1:自転車は歩道を走っているので車道に出てくることはない / 2:自転車が障害物を避けるため、急に車道に出てくるおそれがある / 3:自転車は障害物の手前で必ず止まる,2:自転車が障害物を避けるため、急に車道に出てくるおそれがある,歩道上の障害物や歩行者を避けるため、自転車が後方を確認せずに車道へ出てくることがある。間隔をとり減速する。,fix,"obvious_longest,obvious_other",正解が最長で誤答が不自然、消去法で解ける,不正解選択肢を現実的な誤りに書き換え、正解と文長を揃える,交通の方法に関する教則 第5章 危険の予測と運転,,,
at243,at_gentei,hazard_prediction,2,交差点を右折して横断歩道を通過しようとしている。とくに注意すべき危険として適切なのはどれか。,0:横断歩道の歩行者は右折車を見て必ず止まる / 1:右折先の横断歩道は信号で守られているので確認は不要である / 2:右折した先の横断歩道を渡っている歩行者や自転車と交錯するおそれがある / 3:右折時は対向車だけに注意すればよい,2:右折した先の横断歩道を渡っている歩行者や自転車と交錯するおそれがある,右折時は対向車に気をとられて、曲がった先の横断歩道を渡る歩行者や自転車を見落としやすい。,fix,"obvious_longest,obvious_other",正解が最長で誤答が不自然、消去法で解ける,不正解選択肢を現実的な誤りに書き換え、正解と文長を揃える,交通の方法に関する教則 第5章 危険の予測と運転,,,
at245,at_gentei,hazard_prediction,3,昼間、明るい道路から長いトンネルに入るときに注意すべきこととして適切なのはどれか。,0:入った直後は目が暗さに慣れず見えにくいので、手前で速度を落としてから進入する / 1:トンネル内では前照灯をつける必要はない / 2:トンネル内は明るさが一定なので速度を上げてもよい / 3:トンネルに入るとすぐに目が慣れるので減速は不要である,0:入った直後は目が暗さに慣れず見えにくいので、手前で速度を落としてから進入する,明るい場所から暗い場所に入ると目が慣れるまで時間がかかる（暗順応）。進入前に減速し、前照灯をつけて走る。,fix,"obvious_longest,obvious_other",正解が最長で誤答が不自然、消去法で解ける,不正解選択肢を現実的な誤りに書き換え、正解と文長を揃える,交通の方法に関する教則 第5章 危険の予測と運転,,,
at250,at_gentei,hazard_prediction,4,交差点で右折待ちをしていると、対向車が前照灯を一瞬点滅させた（パッシング）。適切な考え方はどれか。,0:パッシングをされたら警音器で応答しなければならない / 1:パッシングの意味は状況によって異なるので、先に行ってよいと決めつけず相手の動きを確かめる / 2:パッシングは必ず「止まれ」という意味なので、その場で待ち続ける / 3:パッシングは必ず「先に行ってよい」という意味なので、すぐ右折する,1:パッシングの意味は状況によって異なるので、先に行ってよいと決めつけず相手の動きを確かめる,パッシングは「お先にどうぞ」の場合も「こちらが先に行く」の場合もある。意味を決めつけず、相手の動きと周囲の安全を確認してから行動する。,fix,"obvious_longest,obvious_other",正解が最長で誤答が不自然、消去法で解ける,不正解選択肢を現実的な誤りに書き換え、正解と文長を揃える,交通の方法に関する教則 第5章 危険の予測と運転,,,
at254,at_gentei,operation,2,サイドスタンドを立てたままAT二輪車を発進させようとした場合について正しいのはどれか。,0:サイドスタンドを立てたままの方が停止時に安定する / 1:スタンドを払わずに発進すると、カーブなどでスタンドが路面に接触して転倒するおそれがある / 2:AT車にはサイドスタンドの払い忘れの危険はない / 3:サイドスタンドは走り出せば自動的に戻るので気にしなくてよい,1:スタンドを払わずに発進すると、カーブなどでスタンドが路面に接触して転倒するおそれがある,サイドスタンドの払い忘れは転倒事故の原因になる。発進前に必ずスタンドが戻っていることを確認する（安全装置でエンジンが止まる車種もある）。,fix,"obvious_longest,obvious_other",正解が最長で誤答が不自然、消去法で解ける,不正解選択肢を現実的な誤りに書き換え、正解と文長を揃える,交通の方法に関する教則 第4章 二輪車の運転,,,
at258,at_gentei,operation,2,スクーター型AT車で正しい乗車姿勢をとるためのポイントとして適切なのはどれか。,0:足をフロアボードの前方に投げ出してくつろいだ姿勢をとる / 1:足をフロアボードにしっかり置いて下半身を安定させ、肘を軽く曲げて上半身の力を抜く / 2:ハンドルに体重を預けて腕をまっすぐ伸ばす / 3:片足を路面近くに下ろしてバランスをとる,1:足をフロアボードにしっかり置いて下半身を安定させ、肘を軽く曲げて上半身の力を抜く,スクーター型はニーグリップがしにくいため、足をフロアボードに置いて下半身を安定させ、腕の力を抜いてハンドル操作をしやすくする。,fix,"obvious_longest,factual,weak_explanation",解説のニーグリップ困難の記述が不正確,解説をスクーターは足をフロアボードに置いて下半身を安定させ肘を軽く曲げる、とし、ニーグリップがしにくいとの記述を削除,交通の方法に関する教則 第4章 二輪車の運転,要,,
at274,at_gentei,operation,2,道路の左端に止めていた二輪車で走り出そうとしている。発進直前の安全確認として適切なのはどれか。,0:合図を出せば後方の車が止まってくれるので確認は不要である / 1:ミラーで後方を確認し、最後に右後方を直接目視で確かめてから合図をして発進する / 2:前方だけを確認すれば後方確認は不要である / 3:ミラーの確認だけで十分である,1:ミラーで後方を確認し、最後に右後方を直接目視で確かめてから合図をして発進する,発進時は右後方から来る車両との事故が多い。ミラーに加え、死角になる右後方を目視で確かめる。,fix,"obvious_longest,obvious_other",正解が最長で誤答が不自然、消去法で解ける,不正解選択肢を現実的な誤りに書き換え、正解と文長を揃える,交通の方法に関する教則 第4章 二輪車の運転,,,
at275,at_gentei,operation,1,多くの二輪車の方向指示器について注意すべき点として正しいのはどれか。,0:方向指示器は昼間は使わなくてよい / 1:曲がり終われば必ず自動で消える / 2:曲がり終わってもスイッチが自動で戻らないことが多いので、手で戻す必要がある / 3:つけたままにしておいても周囲の誤解は生まない,2:曲がり終わってもスイッチが自動で戻らないことが多いので、手で戻す必要がある,二輪車の多くは方向指示器が自動で戻らない。消し忘れは周囲に誤解を与えて危険なので、行為が終わったら確実に消す。,fix,"obvious_longest,obvious_other",正解が最長で誤答が不自然、消去法で解ける,不正解選択肢を現実的な誤りに書き換え、正解と文長を揃える,交通の方法に関する教則 第4章 二輪車の運転,,,
at281,at_gentei,operation,4,前後輪連動ブレーキ（コンビブレーキなど）を装備したAT二輪車について正しいのはどれか。,0:後輪ブレーキのレバーを操作すると、前輪ブレーキも同時に一部作動する仕組みがある / 1:連動ブレーキ付きの車両はブレーキの点検が不要である / 2:連動ブレーキ付きの車両は雨の日でも制動距離が変わらない / 3:前輪ブレーキを使うと後輪ブレーキが解除される,0:後輪ブレーキのレバーを操作すると、前輪ブレーキも同時に一部作動する仕組みがある,前後連動ブレーキは、主に後輪ブレーキ側の操作で前輪ブレーキも作動させ、前後のバランスよく制動できるようにした装置である。仕組みを理解して過信せずに使う。,fix,"obvious_longest,obvious_other",正解が最長で誤答が不自然、消去法で解ける,不正解選択肢を現実的な誤りに書き換え、正解と文長を揃える,交通の方法に関する教則 第4章 二輪車の運転,,,
at285,at_gentei,operation,2,重量のある大型スクーターを押して歩くときの注意点として適切なのはどれか。,0:車体が傾くと支えにくいので、まっすぐに近い状態を保ち、止まるときは前輪ブレーキを使う / 1:勢いがついたら足で止める / 2:坂道では手を離して車体の自然な動きに任せる / 3:車体を大きく自分と反対側に傾けて押す,0:車体が傾くと支えにくいので、まっすぐに近い状態を保ち、止まるときは前輪ブレーキを使う,重い車両ほど傾くと支えきれなくなる。車体を立て気味に保ち、停止には前輪ブレーキを使う。,fix,"obvious_longest,near_dup,ambiguous",at256と押し歩きの車体の傾け方が食い違う,at256と傾きの扱いを統一するか、前輪ブレーキで止まる点のみを問う形にする。at256と重複のため統合を検討,交通の方法に関する教則 第4章 二輪車の運転,要,,
at298,at_gentei,operation,4,急ブレーキで後輪がロックして滑り始めたときの対処として適切なのはどれか。,0:後輪ブレーキをさらに強くかけ続ける / 1:後輪ブレーキを緩めてタイヤのグリップを回復させる / 2:ハンドルを大きく切って向きを変える / 3:スロットルを全開にして立て直す,1:後輪ブレーキを緩めてタイヤのグリップを回復させる,車輪がロックしたらブレーキを緩めてタイヤの回転を回復させる。ロックしたまま強くかけ続けると横滑りして転倒のおそれがある。,fix,"obvious_longest,factual",後輪ロック時にブレーキを緩める是非は教本で要確認,前輪ロックの場合は直ちに緩める、に限定した問いに変更する。後輪ロックは直進状態なら保持して停止する扱いもあり断定しない,交通の方法に関する教則 第4章 二輪車の運転,要,,
at301,at_gentei,signs,1,「徐行」の標識が意味するものとして正しいのはどれか。,0:車両がただちに停止できるような速度まで速度を落として進行しなければならないことを示す / 1:バスなど特定の車両の専用通行帯であることを示し、それ以外の車両の通行を制限する / 2:自転車が道路を横断するための場所であることを示す / 3:前方にロータリー（環状交差点）があることを予告する,0:車両がただちに停止できるような速度まで速度を落として進行しなければならないことを示す,「徐行」は規制標識（逆三角形・白地に赤枠、青字）で、車両がただちに停止できるような速度まで速度を落として進行しなければならないことを示すことを意味する。,fix,"obvious_longest,weak_explanation,factual",解説の文字色が青字は誤りの疑い（黒字）,解説の標識の記述を逆三角形・白地に赤枠に修正し、文字色の記述は削除する,道路標識、区画線及び道路標示に関する命令 別表／交通の方法に関する教則 第2章,要,,
at308,at_gentei,signs,2,円形で青地に白のPマークの「駐車可」の標識について、正しい説明はどれか。,0:他の車両を追い越すために進路変更することを禁止する / 1:大型乗用自動車（バス等）の通行を禁止する / 2:指定された区間で警音器（クラクション）を鳴らさなければならないことを示す / 3:その場所での駐車が認められていることを示す,3:その場所での駐車が認められていることを示す,「駐車可」は規制標識（円形・青地に白のPマーク）で、その場所での駐車が認められていることを示すことを意味する。,fix,"weak_explanation,factual",標識の形・色の記述に誤りの疑い,問題文の形・色の説明は不正確の恐れがあるため削除し、標識画像を提示して意味を問う形にする,道路標識、区画線及び道路標示に関する命令 別表／交通の方法に関する教則 第2章,要,,
at311,at_gentei,signs,2,円形で青地に赤の斜線の「駐停車禁止」の標識について、正しい説明はどれか。,0:前方にロータリー（環状交差点）があることを予告する / 1:路面が滑りやすい状態にあることが多く、注意すべきことを示す / 2:車両の駐車と停車の両方を禁止する / 3:バスなど特定の車両の専用通行帯であることを示し、それ以外の車両の通行を制限する,2:車両の駐車と停車の両方を禁止する,「駐停車禁止」は規制標識（円形・青地に赤の斜線）で、車両の駐車と停車の両方を禁止することを意味する。,fix,"weak_explanation,factual,ambiguous",駐停車禁止は赤い×印。斜線は駐車禁止と紛らわしい,青地に赤の×印、と修正する（斜線の表現を削除）,道路標識、区画線及び道路標示に関する命令 別表／交通の方法に関する教則 第2章,要,,
at314,at_gentei,signs,2,円形の中に長方形で黄色地に白枠の「優先道路」の標識について、正しい説明はどれか。,0:前方に十字路（交差点）があることを予告し、注意を促す / 1:その道路が交差点において優先道路であることを示す / 2:車両の種類ごとに通行すべき車両通行帯を指定する / 3:自転車が道路を横断するための場所であることを示す,1:その道路が交差点において優先道路であることを示す,「優先道路」は指示標識（円形の中に長方形・黄色地に白枠）で、その道路が交差点において優先道路であることを示すことを意味する。,fix,"weak_explanation,factual",優先道路はひし形の黄色地。形の記述が誤り,円形の中に長方形を、ひし形で黄色地に白縁、に修正（または形の説明を削除）,道路標識、区画線及び道路標示に関する命令 別表／交通の方法に関する教則 第2章,要,,
at315,at_gentei,signs,3,「指定方向外進行禁止（左折禁止）」の標識の意味として正しいのはどれか。,0:前方に十字路（交差点）があることを予告し、注意を促す / 1:前方の道路が右方向に大きく曲がっていることを予告する / 2:示された方向以外への進行を禁止し、左折を禁止する / 3:道路の側端に対して斜めに駐車すべきことを示す,2:示された方向以外への進行を禁止し、左折を禁止する,「指定方向外進行禁止（左折禁止）」は規制標識（円形・青地に白の矢印（左折方向を除く））で、示された方向以外への進行を禁止し、左折を禁止することを意味する。,fix,"weak_explanation,factual,ambiguous",示された方向以外禁止と左折禁止が矛盾,標識名を左折禁止に統一し、左折を禁止する、のみとする。方向以外禁止の語は削除,道路標識、区画線及び道路標示に関する命令 別表／交通の方法に関する教則 第2章,要,,
at318,at_gentei,signs,3,「自動車専用」の標識の意味として正しいのはどれか。,0:指定された区間で警音器（クラクション）を鳴らさなければならないことを示す / 1:自動車・原動機付自転車以外（歩行者・軽車両等）の通行を禁止する / 2:車両の駐車と停車の両方を禁止する / 3:前方にT字路があることを予告し、注意を促す,1:自動車・原動機付自転車以外（歩行者・軽車両等）の通行を禁止する,「自動車専用」は規制標識（円形・青地に白の自動車の絵）で、自動車・原動機付自転車以外（歩行者・軽車両等）の通行を禁止することを意味する。,fix,"weak_explanation,factual",自動車専用は原付も通行不可。解説・正解が誤り,正解を自動車以外（歩行者・軽車両・原動機付自転車等）の通行を禁止する、に修正。新基準原付も同様,道路標識、区画線及び道路標示に関する命令 別表／交通の方法に関する教則 第2章,要,,
at322,at_gentei,signs,1,「車両横断禁止」の標識が意味するものとして正しいのはどれか。,0:その数字を超える速度での走行を禁止する / 1:車両が道路を横断（右左折を除く進路変更）することを禁止する / 2:バスなど特定の車両の専用通行帯であることを示し、それ以外の車両の通行を制限する / 3:車両が矢印で示された方向にのみ進行できることを示す,1:車両が道路を横断（右左折を除く進路変更）することを禁止する,「車両横断禁止」は規制標識（円形・青地に赤の斜線と矢印）で、車両が道路を横断（右左折を除く進路変更）することを禁止することを意味する。,fix,"weak_explanation,factual",車両横断禁止の定義が不正確（右左折を除く進路変更）,正解を道路外の施設・場所に出入りするための横断（右折を伴う）を禁止する、に修正。形は白地赤縁,道路標識、区画線及び道路標示に関する命令 別表／交通の方法に関する教則 第2章,要,,
at323,at_gentei,signs,2,円形で赤地に白のバツ印とトラックの絵の「大型・特定中型貨物自動車等通行止め」の標識について、正しい説明はどれか。,0:車両の駐車と停車の両方を禁止する / 1:前方に十字路（交差点）があることを予告し、注意を促す / 2:大型貨物自動車や特定中型貨物自動車などの通行を禁止する / 3:路面電車の軌道敷内を車両が通行できることを示す,2:大型貨物自動車や特定中型貨物自動車などの通行を禁止する,「大型・特定中型貨物自動車等通行止め」は規制標識（円形・赤地に白のバツ印とトラックの絵）で、大型貨物自動車や特定中型貨物自動車などの通行を禁止することを意味する。,fix,"weak_explanation,factual",標識の形・色の記述に誤りの疑い,問題文の形・色の説明は不正確の恐れがあるため削除し、標識画像を提示して意味を問う形にする,道路標識、区画線及び道路標示に関する命令 別表／交通の方法に関する教則 第2章,要,,
at325,at_gentei,signs,1,「指定方向外進行禁止（右折禁止）」の標識が意味するものとして正しいのはどれか。,0:示された方向以外への進行を禁止し、右折を禁止する / 1:車両の種類ごとに通行すべき車両通行帯を指定する / 2:前方にT字路があることを予告し、注意を促す / 3:前方に十字路（交差点）があることを予告し、注意を促す,0:示された方向以外への進行を禁止し、右折を禁止する,「指定方向外進行禁止（右折禁止）」は規制標識（円形・青地に白の矢印（右折方向を除く））で、示された方向以外への進行を禁止し、右折を禁止することを意味する。,fix,"weak_explanation,factual,ambiguous",示された方向以外禁止と右折禁止が矛盾,標識名を右折禁止に統一し、右折を禁止する、のみとする。方向以外禁止の語は削除,道路標識、区画線及び道路標示に関する命令 別表／交通の方法に関する教則 第2章,要,,
at326,at_gentei,signs,2,円形で赤地に白のバツ印と複数車両の絵の「車両（組合せ）通行止め」の標識について、正しい説明はどれか。,0:車両の駐車を禁止する（短時間の停車は可能） / 1:指定された複数の種類の車両の通行を禁止する / 2:バスなど特定の車両の専用通行帯であることを示し、それ以外の車両の通行を制限する / 3:大型貨物自動車や特定中型貨物自動車などの通行を禁止する,1:指定された複数の種類の車両の通行を禁止する,「車両（組合せ）通行止め」は規制標識（円形・赤地に白のバツ印と複数車両の絵）で、指定された複数の種類の車両の通行を禁止することを意味する。,fix,"weak_explanation,factual",標識の形・色の記述に誤りの疑い,問題文の形・色の説明は不正確の恐れがあるため削除し、標識画像を提示して意味を問う形にする,道路標識、区画線及び道路標示に関する命令 別表／交通の方法に関する教則 第2章,要,,
at330,at_gentei,signs,3,「転回禁止」の標識の意味として正しいのはどれか。,0:車両が道路を横断（右左折を除く進路変更）することを禁止する / 1:車両のUターン（転回）を禁止する / 2:前方にT字路があることを予告し、注意を促す / 3:示された方向以外への進行を禁止し、右折を禁止する,1:車両のUターン（転回）を禁止する,「転回禁止」は規制標識（円形・青地に赤の斜線とUターン矢印）で、車両のUターン（転回）を禁止することを意味する。,fix,"weak_explanation,factual",解説の青地は誤り（白地赤縁）,解説の標識の色を白地に赤縁・赤斜線に修正,道路標識、区画線及び道路標示に関する命令 別表／交通の方法に関する教則 第2章,要,,
at332,at_gentei,signs,2,円形で青地に白の歩行者の絵の「歩行者専用」の標識について、正しい説明はどれか。,0:矢印で示された方向（直進）以外への進行を禁止する / 1:バスなど特定の車両の専用通行帯であることを示し、それ以外の車両の通行を制限する / 2:一方通行路の出口などに設置され、車両がその方向へ進入することを禁止する / 3:歩行者専用の道路であり、車両の通行を禁止する,3:歩行者専用の道路であり、車両の通行を禁止する,「歩行者専用」は規制標識（円形・青地に白の歩行者の絵）で、歩行者専用の道路であり、車両の通行を禁止することを意味する。,fix,"weak_explanation,factual",標識の形の記述に誤りの疑い,問題文の形・色の説明は不正確の恐れがあるため削除し、標識画像を提示して意味を問う形にする,道路標識、区画線及び道路標示に関する命令 別表／交通の方法に関する教則 第2章,要,,
at335,at_gentei,signs,2,円形で赤地に白のバツ印と歩行者の絵の「歩行者通行止め」の標識について、正しい説明はどれか。,0:車両が停止線の直前で一時停止しなければならないことを示す / 1:車両が矢印で示された方向にのみ進行できることを示す / 2:歩行者の通行を禁止する / 3:車両の種類ごとに通行すべき車両通行帯を指定する,2:歩行者の通行を禁止する,「歩行者通行止め」は規制標識（円形・赤地に白のバツ印と歩行者の絵）で、歩行者の通行を禁止することを意味する。,fix,"weak_explanation,factual",標識の形・色の記述に誤りの疑い,問題文の形・色の説明は不正確の恐れがあるため削除し、標識画像を提示して意味を問う形にする,道路標識、区画線及び道路標示に関する命令 別表／交通の方法に関する教則 第2章,要,,
at341,at_gentei,signs,2,円形で赤地に白のバツ印の「通行止め」の標識について、正しい説明はどれか。,0:歩行者・車両を問わず、すべての通行が禁止されていることを示す / 1:その数字を下回る速度での走行を禁止する（高速道路等に設置） / 2:自転車が2台まで並んで通行できることを示す / 3:歩行者が道路を横断するための場所であることを示す,0:歩行者・車両を問わず、すべての通行が禁止されていることを示す,「通行止め」は規制標識（円形・赤地に白のバツ印）で、歩行者・車両を問わず、すべての通行が禁止されていることを示すことを意味する。,fix,"weak_explanation,factual",標識の形・色の記述に誤りの疑い,問題文の形・色の説明は不正確の恐れがあるため削除し、標識画像を提示して意味を問う形にする,道路標識、区画線及び道路標示に関する命令 別表／交通の方法に関する教則 第2章,要,,
at348,at_gentei,signs,3,「追越し禁止」の標識の意味として正しいのはどれか。,0:自転車を除く軽車両（荷車など）の通行を禁止する / 1:歩行者の通行を禁止する / 2:指定された複数の種類の車両の通行を禁止する / 3:他の車両を追い越すために進路変更することを禁止する,3:他の車両を追い越すために進路変更することを禁止する,「追越し禁止」は規制標識（円形・青地に赤の斜線と追越しの絵）で、他の車両を追い越すために進路変更することを禁止することを意味する。,fix,"obvious_longest,weak_explanation,factual",解説の青地は誤り（白地赤縁）,解説の標識の色を白地に赤縁に修正,道路標識、区画線及び道路標示に関する命令 別表／交通の方法に関する教則 第2章,要,,
f001,futsuu_nirin,operation,1,二輪車の走行中、以下の場合のうち、最も危険なのはどれか。,0:濡れた路面での走行 / 1:乾いた路面での走行 / 2:砂利道での走行 / 3:コンクリート舗装の走行,0:濡れた路面での走行,濡れた路面は二輪車のタイヤグリップが大幅に低下し、スリップのリスクが最も高い。,fix,"ambiguous,obvious_other",砂利道も同等に危険で最も危険が曖昧,「最も滑りやすい」等に変え、砂利道を外すか選択肢を同程度に危険なものに差替,交通の方法に関する教則,,,
f008,futsuu_nirin,rules,1,雨の日に二輪車を運転する際の注意点として正しいのはどれか。,0:水たまりを高速で通過してもタイヤは滑らない / 1:ヘッドライトはつけず、視認性に頼る / 2:タイヤの溝は関係なく、速度に注意するだけで良い / 3:段差や溝を避け、走行速度を低下させる,3:段差や溝を避け、走行速度を低下させる,雨の日は路面が濡れてグリップが低下するため、段差や溝を避け、通常より走行速度を落とすことが重要。,fix,obvious_other,正解は妥当だが誤答肢が不自然,誤答肢を「前輪ブレーキだけで止まる」等の紛らわしい内容へ,交通の方法に関する教則,,,
f010,futsuu_nirin,hazard_prediction,1,以下のうち、二輪車に必ず装備されていなければならないものはどれか。,0:エアコン / 1:ヘッドライト / 2:サンシェード / 3:カーステレオ,1:ヘッドライト,ヘッドライトは道路交通法によって二輪車に必須の装備である。その他のものは装備義務がない。,fix,"topic_mismatch,obvious_other",エアコン等が明らかに不自然。topicはmaintenance,選択肢を二輪の保安基準部品(前照灯・尾灯・制動灯等)で構成,道路運送車両の保安基準,,,
f011,futsuu_nirin,operation,2,二輪車の乗降について正しいのはどれか。,0:乗り降りの方向に制限はない / 1:右側から乗り降りする / 2:停止している場合に限り、左側から乗り降りする / 3:走行中でも乗り降りできる,2:停止している場合に限り、左側から乗り降りする,二輪車の乗降は、停止している場合に限り、左側（車線側）から行うことが安全とされている。,fix,ambiguous,乗降は法規定でなく慣習。表現が断定的,「一般に左側から乗り降りする」と教則準拠に直す,交通の方法に関する教則,要,,
f015,futsuu_nirin,parking,1,二輪車のサイドスタンドについて正しいのはどれか。,0:走行中に下ろしても問題ない / 1:エンジンがかかったままでも駐車できる / 2:駐車時は必ず左側に立てる / 3:サイドスタンドだけでは安定しないため、必ずセンタースタンドと併用する,2:駐車時は必ず左側に立てる,二輪車のサイドスタンドは左側に立て、エンジンは必ず切った状態で駐車する。,fix,weak_explanation,左側に立てるは妥当だが解説が正解根拠を説明せず,解説にエンジン停止・傾斜地での停め方等を追記,交通の方法に関する教則,,,
f020,futsuu_nirin,operation,2,二輪車でスリップが起きた場合、最も危険な対処はどれか。,0:クラッチを切ってニュートラルにする / 1:アクセルを急に緩める / 2:ハンドル操作を続ける / 3:急激なハンドル修正をする,3:急激なハンドル修正をする,スリップ中の急激なハンドル修正は、かえってスリップを悪化させる可能性があり最も危険。,fix,ambiguous,誤りと言える対処が複数あり最も危険が曖昧,「スリップ時にしてはならないのは」に変え単一の誤答に絞る,交通の方法に関する教則,,,
f023,futsuu_nirin,operation,2,二輪車で急ハンドルを切った場合に起きやすいのはどれか。,0:ガソリン漏れ / 1:エンストする / 2:転倒やスリップ / 3:ライト消灯,2:転倒やスリップ,急ハンドルはタイヤのグリップ限界を超え、転倒やスリップの危険性を大幅に高める。,fix,obvious_other,正解は明白で誤答肢が不自然,誤答肢を操作上のもっともらしい結果に差替,交通の方法に関する教則,,,
f024,futsuu_nirin,maintenance,1,二輪車の点検項目で最も重要なのはどれか。,0:ラジオの機能 / 1:シートの色 / 2:ワイパーの状態 / 3:タイヤの空気圧と溝,3:タイヤの空気圧と溝,タイヤの空気圧と溝は二輪車の安全運転に直結する最重要な点検項目。,fix,"ambiguous,obvious_other",最も重要は主観的。誤答肢も不自然,「日常点検で確認する項目はどれか」等に変更,道路運送車両法 第47条,,,
f025,futsuu_nirin,hazard_prediction,2,二輪車で夜間走行する際の注意点で正しいのはどれか。,0:反射材や懐中電灯も装備すると視認性が高まる / 1:ヘッドライトをつけていれば他の装備は不要 / 2:夜間走行は避けるべき / 3:ハイビームのみで十分,0:反射材や懐中電灯も装備すると視認性が高まる,夜間走行では、ヘッドライトに加えて反射材や懐中電灯を装備することで、より高い視認性が確保できる。,fix,"obvious_longest,factual",懐中電灯の装備は不適切で正解が最長,反射材付き用具や明るい服装を勧める趣旨に改め、懐中電灯は削除,交通の方法に関する教則,,,
f027,futsuu_nirin,hazard_prediction,2,二輪車のガード下を走行する際の注意点は。,0:特に注意する必要はない / 1:ライトを消して走行する / 2:低速で慎重に走行し、落下物に注意する / 3:速度を上げて素早く通過する,2:低速で慎重に走行し、落下物に注意する,ガード下は落下物のリスクや視認性が低下するため、低速で慎重に走行することが重要。,fix,vague_prompt,「ガード下」が曖昧。落下物は不自然,「ガード下(線路下)は路面が濡れやすく滑りやすい」等へ,交通の方法に関する教則,,,
f028,futsuu_nirin,parking,2,二輪車での駐輪について正しいのはどれか。,0:駐輪禁止場所に停めても大丈夫 / 1:道路脇なら駐輪できる / 2:駐輪場所に関する規制はない / 3:許可された駐輪場のみ使用する,3:許可された駐輪場のみ使用する,二輪車は必ず許可された駐輪場のみ使用し、駐輪禁止場所への停車は違反になる。,fix,"obvious_other,weak_explanation",誤答肢が不自然で正解が長い,駐車可否の標識を問う内容に具体化,道路交通法 第44-45条,,,
f035,futsuu_nirin,license_system,2,普通二輪での高速道路利用について正しいのはどれか。,0:普通二輪でも高速利用可能 / 1:夜間のみ利用可能 / 2:普通二輪は高速利用禁止 / 3:条件付きで利用可能,0:普通二輪でも高速利用可能,普通自動二輪車（126cc以上）は高速道路を走行できる。高速道路の走行が禁止されているのは原付（50cc以下）と125cc以下の小型二輪のみ。,fix,ambiguous,「条件付き」が曖昧で正解と競合,選択肢Dを「125cc以下も可能」等の明確な誤りに,道路交通法 第75条の4,要,,
f038,futsuu_nirin,operation,1,二輪車での走行中の手放し運転について正しいのはどれか。,0:片手なら許可される / 1:道路交通法により禁止されている / 2:停止線前なら許可される / 3:短時間なら許可される,1:道路交通法により禁止されている,二輪車の手放し運転は道路交通法によって禁止されており、安全な操作が必須。,fix,ambiguous,「片手」は手放しと別で選択肢Aが紛らわしい,Aを「両手を離してもよい」に変更,道路交通法 第70条,,,
f040,futsuu_nirin,hazard_prediction,1,普通二輪での保険加入について正しいのはどれか。,0:登録バイクには保険が自動で付与される / 1:保険加入は任意であり必須ではない / 2:任意保険のみで十分 / 3:自賠責保険への加入が法で義務づけられている,3:自賠責保険への加入が法で義務づけられている,自賠責保険への加入は道路交通法により全ての二輪車に義務づけられている。,fix,"factual,topic_mismatch,obvious_longest",自賠責は自賠法で義務。道交法ではない,解説を「自動車損害賠償保障法」に修正、topicをlicense_systemへ,自動車損害賠償保障法 第5条,要,,
f043,futsuu_nirin,hazard_prediction,2,二輪車での霧の中での走行で最も重要なのはどれか。,0:ハイビームで進む / 1:速度を変えずハイビーム / 2:低速走行とライト、霧灯で視認性を確保 / 3:霧の中は避けるべき,2:低速走行とライト、霧灯で視認性を確保,霧の中では低速走行し、ライトや霧灯を活用して視認性を確保することが安全。,fix,"factual,obvious_longest",霧灯前提が不適切、正解が長い,「ライトを点灯し速度を落とす」に簡素化,交通の方法に関する教則,,,
f050,futsuu_nirin,operation,2,普通二輪での安全走行のための基本姿勢について正しいのはどれか。,0:ハンドルに強く握りしめて走行 / 1:背中を張り、視線を先に置き、腕に力を入れずに走行 / 2:背中を丸めてハンドルに乗る / 3:身体の力を抜き、リラックスして走行,1:背中を張り、視線を先に置き、腕に力を入れずに走行,安全な走行姿勢は、背中を張り、視線を先に置き、ハンドルに過度な力を入れないことが基本。,fix,ambiguous,BとDが競合,Dを「全身に力を入れる」に変更,交通の方法に関する教則,,,
f051,futsuu_nirin,operation,2,二輪車で加速中にリアタイヤがスリップしてきた。最も危険な対処方法はどれか。,0:段階的にアクセルを戻す / 1:クラッチを切る / 2:ブレーキペダルを踏む / 3:急激にアクセルを戻す,2:ブレーキペダルを踏む,スリップ中にブレーキを踏むと、さらにスリップが悪化する。段階的にアクセルを戻すのが正解。,fix,"ambiguous,weak_explanation",ブレーキ以外も誤りで解説と不整合,「加速中スリップで適切な対処は」に変更,交通の方法に関する教則,,,
f057,futsuu_nirin,rules,2,夜間走行で見通しの効かない交差点に接近する場合の正しい対処は。,0:速度を落とし、早めにハイビームを点灯 / 1:クラクションを鳴らす / 2:ハイビーム走行を続ける / 3:速度を落とさず進む,0:速度を落とし、早めにハイビームを点灯,見通しが悪い場所では、速度を落とし、ハイビームで前方をしっかり確認することが重要。,fix,ambiguous,見通し悪い交差点は徐行が要。ハイビームのみは不適,正解を「徐行し安全確認」に変更,道路交通法 第42条,要,,
f059,futsuu_nirin,operation,2,普通二輪での急カーブでの最安全な走行は。,0:高速で内側に傾ける / 1:アクセル全開で走行 / 2:カーブ前に減速し、外側のラインで走行 / 3:ニュートラルで走行,2:カーブ前に減速し、外側のラインで走行,カーブは事前に減速し、外側のラインで大きく回ることが安全。,fix,ambiguous,外側ラインのみは単純化。コース取りの説明不足,「減速してから進入」に絞る,交通の方法に関する教則,,,
f065,futsuu_nirin,parking,2,普通二輪での荷物積載時の走行で最も危険なのはどれか。,0:前に重いものを積む / 1:両側にバランスよく積む / 2:バランスの取れた積載 / 3:後ろに重いものを積む,0:前に重いものを積む,前に重い荷物を積むと、前輪の操舵性が失われ、最も危険。,fix,ambiguous,後ろに重いも不安定で最も危険が曖昧,選択肢Dを外し、前方偏重が操舵に影響する旨を解説に追記,交通の方法に関する教則,,,
f070,futsuu_nirin,parking,3,普通二輪での二人乗り時のハンドル操作で気をつけることは。,0:乗客の力は関係ない / 1:乗客は抱きつくが、ハンドルには掴まない / 2:乗客がハンドルを支援 / 3:乗客が強く掴む,1:乗客は抱きつくが、ハンドルには掴まない,乗客はライダーの腰に抱きつくが、ハンドルに掴まると操作が阻害される。,fix,ambiguous,同乗者の掴まり方は教則で要確認,教則記述(ライダーの腰・グリップ)に合わせ修正,交通の方法に関する教則,要,,
f073,futsuu_nirin,operation,2,普通二輪での制動力で重要な操作は。,0:フロント7:リア3の比率 / 1:リアブレーキのみ / 2:どちらでもいい / 3:フロントブレーキのみ,0:フロント7:リア3の比率,安全な制動はフロントブレーキ70%・リアブレーキ30%の比率が基本。,fix,"factual,weak_explanation",7:3は教則に明記なし,前後ブレーキを同時に使う、等へ,交通の方法に関する教則,要,,
f075,futsuu_nirin,operation,2,普通二輪での急ハンドル操作が危険な理由は。,0:エンジン過熱 / 1:スピード低下 / 2:横転リスク増加 / 3:燃費悪化,2:横転リスク増加,急ハンドル操作は重心移動により横転リスクが急増する。,fix,weak_explanation,横転表現がやや不正確で解説が一般的,転倒に統一し原因を具体化,交通の方法に関する教則,,,
f077,futsuu_nirin,rules,3,普通二輪での右折時の対向車対応で正しいのは。,0:対向車完全通過後に右折 / 1:加速して先に進む / 2:右ウインカー出で優先権確保 / 3:停止位置まで進む,0:対向車完全通過後に右折,対向車には右折時に優先権がある。対向車通過後の右折が正解。,fix,weak_explanation,右折車は直進車の進行を妨げない。解説が誤解を招く,解説を直進車・左折車が優先に修正,道路交通法 第37条,,,
f084,futsuu_nirin,license_system,5,普通二輪免許の更新時期は。,0:満期当日のみ / 1:1ヶ月前から / 2:1年ごと / 3:有効期限の3ヶ月前から可能,1:1ヶ月前から,運転免許証の更新は、更新年の誕生日の1ヶ月前から1ヶ月後までの2ヶ月間に行う必要がある（「3ヶ月前から」ではない）。,fix,"ambiguous,vague_prompt",更新期間は誕生日の1か月前から。選択肢が曖昧,更新手続きを受けられる期間と明記し誕生日前後1か月に,道路交通法 第101条,要,,
f228,futsuu_nirin,rules,1,「二輪の自動車・原動機付自転車通行止め」を表す標識がある道路について正しいのはどれか。,0:原付のみ通行できない / 1:側車付きの二輪車のみ通行できる / 2:夜間のみ通行が制限される / 3:普通自動二輪車を含む二輪車は通行できない,3:普通自動二輪車を含む二輪車は通行できない,この標識が設置されている道路は、原動機付自転車を含む二輪の自動車全般の通行が禁止されている。,fix,"ambiguous,topic_mismatch",二輪車が自転車を含みうる表現,選択肢Dを二輪の自動車と原付は通行できない、に,道路標識令,要,,
f237,futsuu_nirin,hazard_prediction,2,見通しの悪いカーブに近づくとき、対向車線から出てくるかもしれない車両に備えて二輪車がとるべき走行位置はどれか。,0:カーブの外側から進入し、事前に速度を落として対応できるようにする / 1:対向車線にはみ出して見通しを確保する / 2:できるだけ道路の中央に寄って走る / 3:カーブの内側ぎりぎりを走る,0:カーブの外側から進入し、事前に速度を落として対応できるようにする,見通しの悪いカーブでは対向車がはみ出してくる可能性を考え、事前に減速し、進入位置を工夫していつでも対応できるようにしておく必要がある。,fix,"ambiguous,obvious_longest",「外側から進入」が左側通行下で曖昧,問いを「見通しの悪いカーブでは、対向車のはみ出しに備えどうするか」とし、正解を「手前で十分減速し、道路の左寄りを走行する」に改める,交通の方法に関する教則 第7章 危険の予測,要,,
f252,futsuu_nirin,hazard_prediction,2,signalのない交差点近くで、路上駐車している車の陰から子どもが飛び出す危険を減らすために二輪車がとるべき行動はどれか。,0:駐車車両にできるだけ近づいて速度を上げる / 1:クラクションを鳴らし続けて通過する / 2:駐車車両の反対側は確認しなくてよい / 3:駐車車両から間隔をとり、あらかじめ速度を落としておく,3:駐車車両から間隔をとり、あらかじめ速度を落としておく,駐車車両の陰から子どもなどが飛び出す危険を考え、あらかじめ側方の間隔をとり速度を落としておくことで、とっさの対応がしやすくなる。,fix,,問題文に英語「signal」が混入,「signalのない」を「信号機のない」に直す,交通の方法に関する教則 第7章 危険の予測,,,
f265,futsuu_nirin,operation,2,二輪車を運転するときの正しいステップ(足)の位置はどれか。,0:つま先をステップに乗せ、しっかりと車体を挟むように保持する / 1:片足だけをステップに乗せて走行する / 2:足の位置は走行に影響しないため自由でよい / 3:両足を地面につけたまま走行する,0:つま先をステップに乗せ、しっかりと車体を挟むように保持する,走行中は両足をステップに乗せ、ニーグリップなどで車体を安定させることで、操作性とバランスを保つことができる。,fix,"factual,weak_explanation",「つま先をステップ」は教則と異なる恐れ,正解を「土踏まずでステップを踏み、足先を正面に向けニーグリップする」に改め、解説も合わせる,教則 第3章 運転姿勢,要,,
f269,futsuu_nirin,operation,4,強い横風を受けながら走行するときの車体の保持方法として正しいのはどれか。,0:ハンドルをしっかりと握り、風上側にわずかに車体を傾けて直進を保つ / 1:風に逆らわず車体を完全に垂直に保ち、ハンドルはできるだけ軽く握る / 2:風下側に大きく体を傾けたまま走行する / 3:横風のときはアクセルを大きく開けて対抗する,0:ハンドルをしっかりと握り、風上側にわずかに車体を傾けて直進を保つ,横風を受けるときはハンドルをしっかり握り、風上側にわずかに車体を傾けることで、風に流されずに直進姿勢を保ちやすくなる。,fix,"factual,ambiguous",「風上側に傾ける」は教則に明記なく疑わしい,横風は「速度を落としハンドルをしっかり握る」に絞り、傾け方の記述を外す,教則 第3章/第7章,要,,
f274,futsuu_nirin,operation,2,普通自動二輪車のエンジンをかけたまま長時間アイドリングさせることについて、運転操作上注意すべき点はどれか。,0:アイドリング中は特に何も注意する必要はない / 1:エンジンをかけたまま車両から離れず、発進時は周囲の安全を再確認する / 2:アイドリング中は必ずスタンドを外しておく / 3:アイドリング中はハンドルロックをかけたままでよい,1:エンジンをかけたまま車両から離れず、発進時は周囲の安全を再確認する,エンジンをかけた状態で車両を離れることは危険であり、また再発進の際は周囲の状況が変わっている可能性があるため、安全を再確認する必要がある。,fix,"vague_prompt,ambiguous,topic_mismatch",アイドリングと操作の関係が曖昧で出題意図不明,「エンジンをかけたまま車両を離れてよいか」等に絞る。topicTagはmaintenanceまたはrules,,要,,
f285,futsuu_nirin,parking,2,駐車と停車の違いに関する説明として正しいのはどれか。,0:運転者がすぐに運転できる状態で5分を超えずに待つことは停車にあたる / 1:荷物の積み下ろしのための短時間の停止は駐車にあたる / 2:駐車と停車には法律上の区別がない / 3:駐車は昼間のみ、停車は夜間のみ適用される概念である,0:運転者がすぐに運転できる状態で5分を超えずに待つことは停車にあたる,運転者が車両を離れずに、すぐ運転できる状態で継続的に停止していないものは停車にあたり、人待ちや荷待ちなどで車両を離れる、または継続的に停止する場合は駐車にあたる。,fix,"factual,ambiguous,weak_explanation",選択肢Aの「待つ」は駐車(人待ち)に当たり不正確,正解を「5分以内の荷物の積卸しで運転者がすぐ運転できる状態は停車」とし、人待ち・荷待ちは駐車と明記する,道路交通法 第2条,要,,
f286,futsuu_nirin,parking,4,上り坂の途中でやむを得ず普通自動二輪車を駐車するときの注意点として正しいのはどれか。,0:エンジンをかけたままにしておく / 1:前輪を道路の外側(縁石側)に向けるなどして、車両が動き出さないようにする / 2:前輪を進行方向にまっすぐ向けて駐車すればよい / 3:ギアをニュートラルに入れたまま離れる,1:前輪を道路の外側(縁石側)に向けるなどして、車両が動き出さないようにする,坂道で駐車する場合は、万一動き出しても被害が少なくなるよう前輪を縁石側に向けるなどの措置をとる必要がある。,fix,"ambiguous,factual",上り坂の車輪向きの記述が曖昧,二輪の坂道駐車は「ギアを入れ、車輪が動かないようにする」等、教則記載に合わせ書き直す,教則 第3章/道路交通法,要,,
f293,futsuu_nirin,license_system,4,普通自動二輪免許における「AT小型限定」等の免許の条件について正しいのはどれか。,0:免許証に記載された条件に従って運転しなければならない / 1:AT限定の条件はごく一部の都道府県だけに適用される / 2:条件が付された免許でも、条件に反する車両を運転してよい / 3:条件は罰則とは関係がないため無視してよい,0:免許証に記載された条件に従って運転しなければならない,運転免許証にAT限定などの条件が付されている場合、その条件に従って運転しなければならず、条件に反する運転は違反となる。,fix,"category_mismatch,vague_prompt",AT小型限定は他区分の内容に近い,普通二輪では「条件付き免許は条件に従う」に一般化する,道路交通法 第91条,要,,
f301,futsuu_nirin,signs,1,「自転車以外の軽車両通行止め」の標識が意味するものとして正しいのはどれか。,0:自転車を除く軽車両（荷車など）の通行を禁止する / 1:歩行者が道路を横断するための場所であることを示す / 2:路面が滑りやすい状態にあることが多く、注意すべきことを示す / 3:路面電車の軌道敷内を車両が通行できることを示す,0:自転車を除く軽車両（荷車など）の通行を禁止する,「自転車以外の軽車両通行止め」は規制標識（円形・赤地に白のバツ印と荷車の絵）で、自転車を除く軽車両（荷車など）の通行を禁止することを意味する。,fix,factual,軽車両通行止めは白地赤枠。「赤地に白バツ」は誤り,問題文・解説の形状説明を「白地に赤い縁の円形」に直す,道路標識、区画線及び道路標示に関する命令,要,,
f305,futsuu_nirin,signs,2,長方形で青地に白の絵の「直角駐車」の標識について、正しい説明はどれか。,0:道路の側端に対して直角に駐車すべきことを示す / 1:停止すべき位置を示す / 2:自動車・原動機付自転車以外（歩行者・軽車両等）の通行を禁止する / 3:道路の中央の位置を示す線であることを示す,0:道路の側端に対して直角に駐車すべきことを示す,「直角駐車」は指示標識（長方形・青地に白の絵）で、道路の側端に対して直角に駐車すべきことを示すことを意味する。,fix,"factual,weak_explanation",直角駐車は規制標識。解説の指示標識は誤り,解説の区分を規制標識に直す,道路標識、区画線及び道路標示に関する命令,要,,
f307,futsuu_nirin,signs,1,「駐停車禁止」の標識が意味するものとして正しいのはどれか。,0:矢印で示された方向（直進）以外への進行を禁止する / 1:バスなど特定の車両の専用通行帯であることを示し、それ以外の車両の通行を制限する / 2:車両の駐車と停車の両方を禁止する / 3:大型貨物自動車や特定中型貨物自動車などの通行を禁止する,2:車両の駐車と停車の両方を禁止する,「駐停車禁止」は規制標識（円形・青地に赤の斜線）で、車両の駐車と停車の両方を禁止することを意味する。,fix,near_dup,駐停車禁止。f284と重複,f284と統合するか一方を削除,道路標識、区画線及び道路標示に関する命令,,,
f308,futsuu_nirin,signs,2,菱形で黄色地に黒の環状矢印の「ロータリーあり」の標識について、正しい説明はどれか。,0:示された方向以外への進行を禁止し、左折を禁止する / 1:道路の側端に対して斜めに駐車すべきことを示す / 2:車両が矢印で示された方向にのみ進行できることを示す / 3:前方にロータリー（環状交差点）があることを予告する,3:前方にロータリー（環状交差点）があることを予告する,「ロータリーあり」は警戒標識（菱形・黄色地に黒の環状矢印）で、前方にロータリー（環状交差点）があることを予告することを意味する。,fix,outdated,環状交差点導入後の標識名が古い恐れ,「環状の交差点における通行方法」の趣旨を含め確認し直す,道路標識、区画線及び道路標示に関する命令,要,,
f310,futsuu_nirin,signs,1,「追越し禁止」の標識が意味するものとして正しいのはどれか。,0:一方通行路の出口などに設置され、車両がその方向へ進入することを禁止する / 1:他の車両を追い越すために進路変更することを禁止する / 2:見通しの悪い区間など、必要に応じて警音器を鳴らすべき区間であることを示す / 3:路面が滑りやすい状態にあることが多く、注意すべきことを示す,1:他の車両を追い越すために進路変更することを禁止する,「追越し禁止」は規制標識（円形・青地に赤の斜線と追越しの絵）で、他の車両を追い越すために進路変更することを禁止することを意味する。,fix,factual,追越し禁止は白地赤枠。「青地」は誤り,解説の形状説明を「白地に赤い縁の円形」に直す,道路標識、区画線及び道路標示に関する命令,要,,
f313,futsuu_nirin,signs,1,「大型・特定中型貨物自動車等通行止め」の標識が意味するものとして正しいのはどれか。,0:大型貨物自動車や特定中型貨物自動車などの通行を禁止する / 1:バスなど特定の車両の専用通行帯であることを示し、それ以外の車両の通行を制限する / 2:追越しのために道路の右側部分にはみ出して通行することを禁止する（右側部分にはみ出さない追越しは可能） / 3:自転車が道路を横断するための場所であることを示す,0:大型貨物自動車や特定中型貨物自動車などの通行を禁止する,「大型・特定中型貨物自動車等通行止め」は規制標識（円形・赤地に白のバツ印とトラックの絵）で、大型貨物自動車や特定中型貨物自動車などの通行を禁止することを意味する。,fix,factual,大型貨物等通行止めは白地赤枠。「赤地に白バツ」は誤り,問題文・解説の形状説明を「白地に赤い縁の円形」に直す,道路標識、区画線及び道路標示に関する命令,要,,
f314,futsuu_nirin,signs,2,円形で赤地に白のバツ印の「通行止め」の標識について、正しい説明はどれか。,0:道路の中央の位置を示す線であることを示す / 1:歩行者・車両を問わず、すべての通行が禁止されていることを示す / 2:車両のUターン（転回）を禁止する / 3:前方にT字路があることを予告し、注意を促す,1:歩行者・車両を問わず、すべての通行が禁止されていることを示す,「通行止め」は規制標識（円形・赤地に白のバツ印）で、歩行者・車両を問わず、すべての通行が禁止されていることを示すことを意味する。,fix,"factual,near_dup",形状説明「赤地に白バツ」は疑わしい。f298と重複,形状説明を削り、名称と意味のみにする,道路標識、区画線及び道路標示に関する命令,要,,
f315,futsuu_nirin,signs,3,「斜め駐車」の標識の意味として正しいのはどれか。,0:バスなど特定の車両の専用通行帯であることを示し、それ以外の車両の通行を制限する / 1:その数字を超える速度での走行を禁止する / 2:道路の側端に対して斜めに駐車すべきことを示す / 3:前方の道路が右方向に大きく曲がっていることを予告する,2:道路の側端に対して斜めに駐車すべきことを示す,「斜め駐車」は指示標識（長方形・青地に白の絵）で、道路の側端に対して斜めに駐車すべきことを示すことを意味する。,fix,"factual,weak_explanation",斜め駐車は規制標識。解説の区分が誤り,解説の区分を規制標識に直す,道路標識、区画線及び道路標示に関する命令,要,,
f318,futsuu_nirin,signs,3,「並進可」の標識の意味として正しいのはどれか。,0:示された方向以外への進行を禁止し、右折を禁止する / 1:自転車が2台まで並んで通行できることを示す / 2:前方に踏切があることを予告し、通過時の注意を促す / 3:大型乗用自動車（バス等）の通行を禁止する,1:自転車が2台まで並んで通行できることを示す,「並進可」は指示標識（円形・青地に白の絵）で、自転車が2台まで並んで通行できることを示すことを意味する。,fix,weak_explanation,並進可は区分記述が不明確,区分の記述を削る,道路標識、区画線及び道路標示に関する命令,要,,
f319,futsuu_nirin,signs,1,「指定方向外進行禁止（左折禁止）」の標識が意味するものとして正しいのはどれか。,0:前方の道路が右方向に大きく曲がっていることを予告する / 1:指定された複数の種類の車両の通行を禁止する / 2:示された方向以外への進行を禁止し、左折を禁止する / 3:道路の側端に対して斜めに駐車すべきことを示す,2:示された方向以外への進行を禁止し、左折を禁止する,「指定方向外進行禁止（左折禁止）」は規制標識（円形・青地に白の矢印（左折方向を除く））で、示された方向以外への進行を禁止し、左折を禁止することを意味する。,fix,"factual,ambiguous",左折禁止は指定方向外進行禁止の標識ではない,「指定方向外進行禁止」を直進・左折のみ等具体化するか削除,道路標識、区画線及び道路標示に関する命令,要,,
f321,futsuu_nirin,signs,3,「車両（組合せ）通行止め」の標識の意味として正しいのはどれか。,0:指定された複数の種類の車両の通行を禁止する / 1:前方にT字路があることを予告し、注意を促す / 2:その数字を超える速度での走行を禁止する / 3:大型乗用自動車（バス等）の通行を禁止する,0:指定された複数の種類の車両の通行を禁止する,「車両（組合せ）通行止め」は規制標識（円形・赤地に白のバツ印と複数車両の絵）で、指定された複数の種類の車両の通行を禁止することを意味する。,fix,factual,組合せ通行止めは白地赤枠。「赤地に白バツ」は誤り,問題文・解説の形状説明を「白地に赤い縁の円形」に直す,道路標識、区画線及び道路標示に関する命令,要,,
f323,futsuu_nirin,signs,2,円形で青地に赤の斜線とPマークの「駐車禁止」の標識について、正しい説明はどれか。,0:路面電車の停留所などで、歩行者が安全に待機するための場所であることを示す / 1:その数字を超える速度での走行を禁止する / 2:車両の駐車を禁止する（短時間の停車は可能） / 3:指定された区間で警音器（クラクション）を鳴らさなければならないことを示す,2:車両の駐車を禁止する（短時間の停車は可能）,「駐車禁止」は規制標識（円形・青地に赤の斜線とPマーク）で、車両の駐車を禁止する（短時間の停車は可能）ことを意味する。,fix,near_dup,駐車禁止の記述は適切だがf283と重複,f283と統合するか一方を削除,道路標識、区画線及び道路標示に関する命令,,,
f324,futsuu_nirin,signs,3,「指定方向外進行禁止（右折禁止）」の標識の意味として正しいのはどれか。,0:歩行者の通行を禁止する / 1:矢印で示された方向（直進）以外への進行を禁止する / 2:付近に学校・幼稚園・保育所等があり、児童・幼児の飛び出し等に注意すべきことを示す / 3:示された方向以外への進行を禁止し、右折を禁止する,3:示された方向以外への進行を禁止し、右折を禁止する,「指定方向外進行禁止（右折禁止）」は規制標識（円形・青地に白の矢印（右折方向を除く））で、示された方向以外への進行を禁止し、右折を禁止することを意味する。,fix,"factual,ambiguous",右折禁止の表現が実在標識と合わない,f319と同様に具体化するか削除,道路標識、区画線及び道路標示に関する命令,要,,
f326,futsuu_nirin,signs,2,円形で青地に白の自動車の絵の「自動車専用」の標識について、正しい説明はどれか。,0:路線バス等が優先的に通行する車両通行帯であることを示す / 1:自動車・原動機付自転車以外（歩行者・軽車両等）の通行を禁止する / 2:付近に学校・幼稚園・保育所等があり、児童・幼児の飛び出し等に注意すべきことを示す / 3:停止すべき位置を示す,1:自動車・原動機付自転車以外（歩行者・軽車両等）の通行を禁止する,「自動車専用」は規制標識（円形・青地に白の自動車の絵）で、自動車・原動機付自転車以外（歩行者・軽車両等）の通行を禁止することを意味する。,fix,factual,自動車専用は原付も通行不可。「原付以外」は誤り,「自動車以外(原付・歩行者等)の通行を禁止」に直す,道路標識、区画線及び道路標示に関する命令,要,,
f328,futsuu_nirin,signs,1,「二輪の自動車・原動機付自転車通行止め」の標識が意味するものとして正しいのはどれか。,0:道路の中央の位置を示す線であることを示す / 1:前方にT字路があることを予告し、注意を促す / 2:自転車が道路を横断するための場所であることを示す / 3:二輪の自動車と原動機付自転車の通行を禁止する,3:二輪の自動車と原動機付自転車の通行を禁止する,「二輪の自動車・原動機付自転車通行止め」は規制標識（円形・赤地に白のバツ印とバイクの絵）で、二輪の自動車と原動機付自転車の通行を禁止することを意味する。,fix,factual,二輪通行止めは白地赤枠。「赤地に白バツ」は誤り,問題文・解説の形状説明を「白地に赤い縁の円形」に直す,道路標識、区画線及び道路標示に関する命令,要,,
f329,futsuu_nirin,signs,2,逆三角形で白地に赤枠、青字の「徐行」の標識について、正しい説明はどれか。,0:車両がただちに停止できるような速度まで速度を落として進行しなければならないことを示す / 1:道路の側端に対して斜めに駐車すべきことを示す / 2:見通しの悪い区間など、必要に応じて警音器を鳴らすべき区間であることを示す / 3:一方通行路の出口などに設置され、車両がその方向へ進入することを禁止する,0:車両がただちに停止できるような速度まで速度を落として進行しなければならないことを示す,「徐行」は規制標識（逆三角形・白地に赤枠、青字）で、車両がただちに停止できるような速度まで速度を落として進行しなければならないことを示すことを意味する。,fix,factual,徐行標識の色・字色の記述が疑わしい,形状説明を削り名称と意味のみにする,道路標識、区画線及び道路標示に関する命令,要,,
f330,futsuu_nirin,signs,3,「優先道路」の標識の意味として正しいのはどれか。,0:示された方向以外への進行を禁止し、左折を禁止する / 1:その道路が交差点において優先道路であることを示す / 2:バスなど特定の車両の専用通行帯であることを示し、それ以外の車両の通行を制限する / 3:車両の駐車を禁止する（短時間の停車は可能）,1:その道路が交差点において優先道路であることを示す,「優先道路」は指示標識（円形の中に長方形・黄色地に白枠）で、その道路が交差点において優先道路であることを示すことを意味する。,fix,factual,優先道路は菱形(黄)の指示標識。円形の記述は誤り,解説の形状を「菱形・黄色地に白縁」に直す,道路標識、区画線及び道路標示に関する命令,要,,
f332,futsuu_nirin,signs,2,円形で青地に白のPマークの「駐車可」の標識について、正しい説明はどれか。,0:自転車を除く軽車両（荷車など）の通行を禁止する / 1:示された方向以外への進行を禁止し、右折を禁止する / 2:自転車が2台まで並んで通行できることを示す / 3:その場所での駐車が認められていることを示す,3:その場所での駐車が認められていることを示す,「駐車可」は規制標識（円形・青地に白のPマーク）で、その場所での駐車が認められていることを示すことを意味する。,fix,weak_explanation,駐車可は指示標識の恐れ。区分記述が不明確,区分の記述を削り意味のみにする,道路標識、区画線及び道路標示に関する命令,要,,
f333,futsuu_nirin,signs,3,「中央線」の標識の意味として正しいのはどれか。,0:道路の中央の位置を示す線であることを示す / 1:前方の道路に落石のおそれがあることを予告する / 2:路面電車の軌道敷内を車両が通行できることを示す / 3:見通しの悪い区間など、必要に応じて警音器を鳴らすべき区間であることを示す,0:道路の中央の位置を示す線であることを示す,「中央線」は指示標識（長方形・青地に白の絵）で、道路の中央の位置を示す線であることを示すことを意味する。,fix,ambiguous,中央線は標識か道路標示か曖昧,道路標示(中央線)として問い直す,道路標識、区画線及び道路標示に関する命令,要,,
f334,futsuu_nirin,signs,1,「停止線」の標識が意味するものとして正しいのはどれか。,0:見通しの悪い区間など、必要に応じて警音器を鳴らすべき区間であることを示す / 1:停止すべき位置を示す / 2:前方に十字路（交差点）があることを予告し、注意を促す / 3:前方に踏切があることを予告し、通過時の注意を促す,1:停止すべき位置を示す,「停止線」は指示標識（長方形・青地に白の絵）で、停止すべき位置を示すことを意味する。,fix,"factual,ambiguous",停止線は標識でなく道路標示の混同,「停止線」を道路標示として出題し直す,道路標識、区画線及び道路標示に関する命令,要,,
f335,futsuu_nirin,signs,2,長方形で青地に白の絵の「平行駐車」の標識について、正しい説明はどれか。,0:車両の種類ごとに通行すべき車両通行帯を指定する / 1:自転車を除く軽車両（荷車など）の通行を禁止する / 2:道路の側端に対して平行に駐車すべきことを示す / 3:道路の側端に対して直角に駐車すべきことを示す,2:道路の側端に対して平行に駐車すべきことを示す,「平行駐車」は指示標識（長方形・青地に白の絵）で、道路の側端に対して平行に駐車すべきことを示すことを意味する。,fix,"factual,weak_explanation",平行駐車は規制標識。解説の区分が誤り,解説の区分を規制標識に直す,道路標識、区画線及び道路標示に関する命令,要,,
f336,futsuu_nirin,signs,3,「大型乗用自動車等通行止め」の標識の意味として正しいのはどれか。,0:道路の側端に対して斜めに駐車すべきことを示す / 1:停止すべき位置を示す / 2:前方にT字路があることを予告し、注意を促す / 3:大型乗用自動車（バス等）の通行を禁止する,3:大型乗用自動車（バス等）の通行を禁止する,「大型乗用自動車等通行止め」は規制標識（円形・赤地に白のバツ印とバスの絵）で、大型乗用自動車（バス等）の通行を禁止することを意味する。,fix,factual,大型乗用通行止めは白地赤枠。「赤地に白バツ」は誤り,問題文・解説の形状説明を「白地に赤い縁の円形」に直す,道路標識、区画線及び道路標示に関する命令,要,,
f340,futsuu_nirin,signs,1,「警笛区間」の標識が意味するものとして正しいのはどれか。,0:車両が道路を横断（右左折を除く進路変更）することを禁止する / 1:道路の側端に対して斜めに駐車すべきことを示す / 2:路面が滑りやすい状態にあることが多く、注意すべきことを示す / 3:見通しの悪い区間など、必要に応じて警音器を鳴らすべき区間であることを示す,3:見通しの悪い区間など、必要に応じて警音器を鳴らすべき区間であることを示す,「警笛区間」は規制標識（長方形・青地に白字とラッパの絵）で、見通しの悪い区間など、必要に応じて警音器を鳴らすべき区間であることを示すことを意味する。,fix,"near_dup,ambiguous",警笛区間と警笛鳴らせが紛らわしい。f347と重複,f347と統合するか一方を削除,道路標識、区画線及び道路標示に関する命令,要,,
f347,futsuu_nirin,signs,2,三角形で黄色地に黒のラッパの絵の「警笛鳴らせ」の標識について、正しい説明はどれか。,0:歩行者・車両を問わず、すべての通行が禁止されていることを示す / 1:道路の側端に対して平行に駐車すべきことを示す / 2:指定された区間で警音器（クラクション）を鳴らさなければならないことを示す / 3:道路の中央の位置を示す線であることを示す,2:指定された区間で警音器（クラクション）を鳴らさなければならないことを示す,「警笛鳴らせ」は規制標識（三角形・黄色地に黒のラッパの絵）で、指定された区間で警音器（クラクション）を鳴らさなければならないことを示すことを意味する。,fix,"factual,near_dup",警笛鳴らせは円形青地。三角形黄色は誤り。f340と重複,形状説明を「円形・青地」に直し、f340と統合,道路標識、区画線及び道路標示に関する命令,要,,
f348,futsuu_nirin,signs,3,「追越しのための右側部分はみ出し通行禁止」の標識の意味として正しいのはどれか。,0:示された方向以外への進行を禁止し、右折を禁止する / 1:車両の駐車を禁止する（短時間の停車は可能） / 2:車両が矢印で示された方向にのみ進行できることを示す / 3:追越しのために道路の右側部分にはみ出して通行することを禁止する（右側部分にはみ出さない追越しは可能）,3:追越しのために道路の右側部分にはみ出して通行することを禁止する（右側部分にはみ出さない追越しは可能）,「追越しのための右側部分はみ出し通行禁止」は規制標識（円形・黄色地に黒の追越し禁止マーク）で、追越しのために道路の右側部分にはみ出して通行することを禁止する（右側部分にはみ出さない追越しは可能）ことを意味する。,fix,factual,標識の色の記述が疑わしい,形状説明を削り名称と意味のみにする,道路標識、区画線及び道路標示に関する命令,要,,
f349,futsuu_nirin,signs,1,「歩行者通行止め」の標識が意味するものとして正しいのはどれか。,0:歩行者の通行を禁止する / 1:見通しの悪い区間など、必要に応じて警音器を鳴らすべき区間であることを示す / 2:大型乗用自動車（バス等）の通行を禁止する / 3:車両が道路を横断（右左折を除く進路変更）することを禁止する,0:歩行者の通行を禁止する,「歩行者通行止め」は規制標識（円形・赤地に白のバツ印と歩行者の絵）で、歩行者の通行を禁止することを意味する。,fix,factual,歩行者通行止めは白地赤枠。「赤地に白バツ」は誤り,問題文・解説の形状説明を「白地に赤い縁の円形」に直す,道路標識、区画線及び道路標示に関する命令,要,,
f350,futsuu_nirin,signs,2,円形で青地に白の絵の「軌道敷内通行可」の標識について、正しい説明はどれか。,0:道路の中央の位置を示す線であることを示す / 1:路面電車の軌道敷内を車両が通行できることを示す / 2:大型乗用自動車（バス等）の通行を禁止する / 3:路面電車の停留所などで、歩行者が安全に待機するための場所であることを示す,1:路面電車の軌道敷内を車両が通行できることを示す,「軌道敷内通行可」は指示標識（円形・青地に白の絵）で、路面電車の軌道敷内を車両が通行できることを示すことを意味する。,fix,"factual,weak_explanation",軌道敷内通行可は規制標識。指示標識は誤り,解説の区分を規制標識に直す,道路標識、区画線及び道路標示に関する命令,要,,
g001,gentsuki,rules,1,原付車の最高速度制限は。,0:時速30km以下 / 1:制限がない / 2:時速40km以下 / 3:時速50km以下,0:時速30km以下,道路交通法により、原付車（50cc以下）の最高速度は30km/hに制限されている。,fix,"outdated,obvious_other",新基準原付(2025-04)を踏まえた表現に,問題文を「原付（原付一種。新基準原付を含む）の法定最高速度は。」とし、正解30km/hのまま。,道路交通法施行令 第11条,要,,
g002,gentsuki,parking,2,原付車での二人乗りについて正しいのはどれか。,0:16歳以上なら可能 / 1:二人乗りは完全禁止 / 2:20歳以上で免許取得後3年以上 / 3:誰でも自由に二人乗り可能,1:二人乗りは完全禁止,原付車（原付一種）は二人乗りが完全に禁止されており、年齢や運転経験にかかわらず例外はない。「20歳以上・免許取得後3年以上」は高速道路での普通・大型自動二輪の二人乗り条件であり、原付には適用されない。,fix,"topic_mismatch,obvious_other",topicTagはrulesが適切,topicTagをrulesに変更,道路交通法 第55条・施行令 第26条,,,
g003,gentsuki,parking,1,原付車の最大積載量は。,0:20kg / 1:50kg / 2:30kg / 3:10kg,2:30kg,原付車の最大積載量は30kgと定められており、これを超える積載は違反。,fix,"topic_mismatch,near_dup",topicTagはrules。g004と重複,topicTagをrulesに。g004は削除,道路交通法施行令 第22条,要,,
g005,gentsuki,rules,1,原付車でのヘルメット着用について正しいのはどれか。,0:運転者と乗客の両方に着用義務 / 1:乗客のみ着用義務 / 2:運転者のみ着用義務 / 3:着用は任意,0:運転者と乗客の両方に着用義務,原付車でも、運転者と乗客の両方にヘルメット着用義務がある。,fix,"factual,ambiguous",原付は乗客なし。選択肢が不適切,「原付を運転するときのヘルメットは。」正解「乗車用ヘルメットをかぶり、あごひもを確実に締める」、他は着用任意等,道路交通法 第71条の4,,,
g009,gentsuki,license_system,1,原付免許で運転できる最大排気量は。,0:50cc以下 / 1:125cc以下 / 2:100cc以下 / 3:30cc以下,0:50cc以下,原付免許では50cc以下の一輪二輪車を運転できる。,fix,"outdated,factual,ambiguous",「一輪二輪車」は誤り。新基準原付で125cc選択肢が曖昧,「原付免許で運転できる二輪車は。」正解「総排気量50cc以下（新基準では0.125L以下かつ最高出力4.0kW以下）」。排気量だけの選択肢は避ける,道路交通法施行規則 第2条,要,,
g010,gentsuki,rules,2,原付での交差点での左折について最も安全なのはどれか。,0:停止線を越えて左折する / 1:十分に減速し、大きな回転半径で曲がる / 2:左折表示のみで十分 / 3:左に傾きながら高速で曲がる,1:十分に減速し、大きな回転半径で曲がる,原付の左折は、十分な減速と大きな回転半径を取ることが安全。,fix,"factual,vague_prompt",左折は小回りが正しく、正解が誤り,正解を「あらかじめ道路の左端に寄り、徐行して小さく回る」に変更。g049と重複なので統合も可,交通の方法に関する教則 第4章,,,
g013,gentsuki,rules,2,原付での歩道走行について正しいのはどれか。,0:徐行して歩道走行できる / 1:歩道走行は禁止 / 2:子供は歩道走行可能 / 3:常に歩道を走行できる,0:徐行して歩道走行できる,原付は特定の条件下で徐行して歩道走行できるが、基本は車道走行。,fix,factual,原付は歩道通行不可。正解が誤り,正解を「歩道は通行できない（横断時のみ可。押して歩けば歩行者扱い）」に変更し、選択肢を整理,道路交通法 第17条,,,
g016,gentsuki,hazard_prediction,2,原付での夜間走行で最重要な対策はどれか。,0:ロービームで十分 / 1:ライトなしで走行 / 2:明るいウェアを着る / 3:ハイビームをつけ、反射材も装備,3:ハイビームをつけ、反射材も装備,夜間走行ではハイビームに加え、反射材を装備することで視認性が大幅に向上。,fix,"ambiguous,obvious_longest",夜間は状況でハイビーム/ロービーム。正解が長い,「夜間の走行で有効な対策は。」正解は「前照灯を点灯し反射材付き用具を使う」等に簡潔化、ハイビームは対向車がいなければとの条件を付ける,交通の方法に関する教則 第5章,要,,
g017,gentsuki,hazard_prediction,1,原付での保険加入について正しいのはどれか。,0:自賠責保険加入が必須 / 1:保険は不要 / 2:任意保険のみで十分 / 3:登録時に自動付与,0:自賠責保険加入が必須,原付でも自賠責保険への加入が法で義務づけられている。,fix,topic_mismatch,topicTagはrules/license_system,topicTagをrulesに,自動車損害賠償保障法 第5条,,,
g020,gentsuki,maintenance,2,原付での定期点検について正しいのはどれか。,0:走行距離で判断 / 1:点検義務はない / 2:3年に1回で十分 / 3:点検整備に努めることとされているが、車検のような罰則を伴う義務ではない,3:点検整備に努めることとされているが、車検のような罰則を伴う義務ではない,原付（125cc以下）には車検（自動車検査登録制度）がなく、定期点検も使用者の努力義務にとどまり、車検対象車両のような罰則を伴う法的義務ではない。ただし日常点検（乗車前点検）は安全のため必要。,fix,"obvious_longest,ambiguous,outdated",正解が長い。法的義務の記述に疑義,「125cc以下」は新基準原付の文脈。日常点検の義務区分を確認の上、短い正解に,道路運送車両法 第47条,要,,
g025,gentsuki,rules,2,原付での交差点での右折について最も安全なのはどれか。,0:十分に減速し、交差点中央を大きく迂回 / 1:速度を保ったまま右折 / 2:他の車を無視して先に進む / 3:右折表示のみで走行,0:十分に減速し、交差点中央を大きく迂回,原付の右折は、十分な減速と大きな迂回路が安全運転のコツ。,fix,factual,原付は二段階右折。正解が誤り,「原付が信号のある交差点で右折する方法は。」正解「二段階右折（標識で小回り指定がなければ）」,道路交通法 第34条,,,
g032,gentsuki,rules,2,原付での信号待ち中の安全な位置はどれか。,0:交差点中央 / 1:対向車の間 / 2:停止線直前 / 3:停止線より手前で逃げ場がある位置,3:停止線より手前で逃げ場がある位置,信号待ち時は、万が一他の車両が突入した場合に逃げられる位置が安全。,fix,"ambiguous,obvious_longest",「停止線直前」と正解が競合,正解を「停止線の直前」に統一し、逃げ場の記述は解説へ,道路交通法 第38条,,,
g035,gentsuki,operation,1,原付での乗り降りについて正しいのはどれか。,0:乗り降りの制限なし / 1:右側から乗り降り / 2:停止時に左側から乗り降り / 3:走行中も乗り降り可,2:停止時に左側から乗り降り,原付の乗り降りは停止時に限り、左側（車線側）から行うことが安全。,fix,"factual,weak_explanation",解説の「車線側」は誤り（左側は路肩側）,解説の「（車線側）」を削除し「停止時に左側から」,,要,,
g042,gentsuki,rules,1,原付が通行できない道路はどれか。,0:一般道 / 1:高速道路 / 2:大多喜町内の一般道 / 3:市街地,1:高速道路,原付（50cc以下）は高速道路での走行が禁止されている。,fix,"obvious_other,outdated",「大多喜町内の一般道」が不自然,誤答を整理。「50cc以下」は新基準原付を含め禁止と明記,道路交通法 第75条の4,,,
g047,gentsuki,rules,2,原付での右折について正しいのはどれか。,0:右側中央に寄り、対向車が来ないなら直進と同じスピードで曲がる / 1:左側に寄り、信号待ちして、信号が変わったら直進する / 2:右折表示を出して、対向車の通過を待ち、その後曲がる / 3:右折禁止地点での右折は可能,2:右折表示を出して、対向車の通過を待ち、その後曲がる,原付の右折は、右折表示を出してから対向車の通過を待つ必要があり、急な右折は危険。,fix,factual,原付は二段階右折。正解が誤り,正解を「二段階右折をする」に変更,道路交通法 第34条,,,
g048,gentsuki,hazard_prediction,1,原付での夜間走行時に必ず装備すべきものはどれか。,0:ハロゲンライト / 1:懐中電灯 / 2:LEDヘッドライト / 3:ライト（保安基準の光度基準を満たすもの）,3:ライト（保安基準の光度基準を満たすもの）,"夜間走行時は、保安基準で定められた光度基準（すれ違い用前照灯で6,400カンデラ以上など）を満たすヘッドライトの点灯が必要。",fix,"ambiguous,obvious_longest,weak_explanation",選択肢が曖昧。光度の記述が不正確の疑い,「夜間に前照灯を点灯する必要があるのは」型に作り直し。光度数値は削除,道路運送車両の保安基準 第32条,要,,
g052,gentsuki,parking,2,原付の積載荷物が30kgを超えた場合の違反は。,"0:反則金10,000円 / 1:反則金2,000円 / 2:口頭注意のみ / 3:反則金5,000円","3:反則金5,000円","原付の積載制限超過は反則金5,000円が科される。",fix,factual,反則金額の根拠が不明,金額問題をやめ「積載の制限重量は」型に統合,道路交通法施行令 第22条,要,,
g059,gentsuki,operation,3,原付でのエンジンブレーキの利点について正しいのは。,0:燃料を多く消費する / 1:法定速度を超過させられる / 2:タイヤへの負荷が減り、制動力が確保できる / 3:エンジン破損のリスク,2:タイヤへの負荷が減り、制動力が確保できる,エンジンブレーキはタイヤ負荷を低減しながら減速でき、長い下り坂で有効。,fix,"factual,weak_explanation",利点の説明が不正確,正解を「ブレーキの過熱を防ぐ」へ,交通の方法に関する教則 第5章,,,
g067,gentsuki,parking,1,原付での積載品の固定について正しいのはどれか。,0:軽い物は固定不要 / 1:積載品は固定しなくても問題ない / 2:積載品は必ずロープで確実に固定する / 3:固定は走行時のみ,2:積載品は必ずロープで確実に固定する,積載品の脱落防止のため、確実な固定が法律で要求される。,fix,topic_mismatch,topicTagはrules/operation,topicTagをrulesに,道路交通法 第55条,,,
g069,gentsuki,rules,2,原付での点滅信号（黄）での対応は。,0:停止位置を確認し、安全なら進行 / 1:必ず停止 / 2:加速して通過 / 3:徐々に加速,0:停止位置を確認し、安全なら進行,黄点滅信号は注意信号で、安全を確認してから進行。,fix,"ambiguous,weak_explanation,topic_mismatch",正解の言い回しが曖昧。signsが適切,正解を「ほかの交通に注意して進行できる」に。topicTagはsigns,道路交通法施行令 第2条,,,
g072,gentsuki,parking,2,原付での積載品の重心について正しいのは。,0:高く積むと安定する / 1:重心は気にしなくてよい / 2:バイク後部に集中させる / 3:バイク中央部、できるだけ低くが重要,3:バイク中央部、できるだけ低くが重要,積載品の重心はバイク中央部、低い位置が安定性を保つ。,fix,topic_mismatch,topicTagはoperationが適切,topicTagをoperationに,,,,
g077,gentsuki,hazard_prediction,1,原付で歩行者通路に侵入する場合の対応は。,0:押して歩行 / 1:クラクション使用のみ / 2:徐々に加速 / 3:走行したまま通過,0:押して歩行,歩行者通路ではバイクを押して歩くことが原則。,fix,vague_prompt,「歩行者通路」が曖昧,「歩道を横断する際」等に具体化,道路交通法 第17条,,,
g090,gentsuki,operation,2,原付でのスタンド立てた場合の走行は。,0:燃費改善 / 1:エンジン停止が発生し危険 / 2:スピード向上 / 3:問題ない,1:エンジン停止が発生し危険,スタンド立てたまま走行すると、エンジンが自動停止する安全機構が働く。,fix,"factual,weak_explanation",エンジン停止は車種依存,「スタンドを出したまま走行すると」の正解を「転倒の危険がある」に,,,,
g094,gentsuki,maintenance,1,原付でのエンジン始動前の点検項目で最も重要なのは。,0:色確認 / 1:タイヤ空気圧とライト点灯確認 / 2:ガソリン量のみ / 3:エンジン音,1:タイヤ空気圧とライト点灯確認,始動前のタイヤ空気圧確認とライト点灯テストは安全走行の基本。,fix,ambiguous,「最も重要」が曖昧,「始動前の日常点検項目として適切なのは」に,,,,
g102,gentsuki,rules,2,原付での側道からの進入時の安全確認は。,0:ウインカーのみで進入 / 1:充分に速度を落とし、周囲確認後進入 / 2:両側看確認不要 / 3:加速しながら進入,1:充分に速度を落とし、周囲確認後進入,側道からの進入は速度低下と周囲確認が必須の安全手順。,fix,vague_prompt,「側道」が曖昧,「道路外から道路に入るとき」等に具体化,道路交通法 第25条,,,
g103,gentsuki,hazard_prediction,2,原付での死角を生じやすい場所は。,0:広い駐車場 / 1:田んぼ / 2:トラック後方 / 3:海岸通,2:トラック後方,大型車両後方は死角が生じやすく、追従走行時に特に注意が必須。,fix,"ambiguous,obvious_other",死角の代表例として不適,正解を「大型車の左側・後方」に,,,,
g109,gentsuki,maintenance,1,原付でのライトチェックで確認項目は。,0:ヘッドライトとテールライト / 1:ウインカーのみ / 2:ヘッドライトのみ / 3:チェック不要,0:ヘッドライトとテールライト,走行前のライト点灯確認はヘッドライトとテールライト両方が必須。,fix,ambiguous,ブレーキランプ等も必要,正解を「前照灯・尾灯・ブレーキランプ・方向指示器」に,,,,
g112,gentsuki,rules,2,原付での右折時に対向車が来た場合の対応は。,0:右折ウインカーを出して先に進む / 1:加速して通過 / 2:後ろに下がる / 3:対向車が完全に通過するまで待つ,3:対向車が完全に通過するまで待つ,右折時の対向車には優先権がある。対向車通過後に右折する。,fix,factual,原付は二段階右折。待って右折は誤り,右折方法ではなく二段階右折を問う問題に統合,道路交通法 第34条,,,
g114,gentsuki,operation,1,原付での片手運転について。,0:左手のみ使用可 / 1:両手ハンドル操作が必須 / 2:片手なら問題ない / 3:ウインカー点灯時のみ片手可,1:両手ハンドル操作が必須,バイク運転は両手でのハンドル操作が必須。片手は制御困難で危険。,fix,ambiguous,手信号時の片手運転を許容,「走行中は両手で」ではなく「片手は合図以外で避ける」,,,,
g115,gentsuki,rules,1,原付でのスマートフォン使用については。,0:短時間なら大丈夫 / 1:ハンズフリー通話なら可能 / 2:完全禁止 / 3:停止中なら可能,2:完全禁止,走行中のスマートフォン使用は道路交通法で完全禁止。注意散漫と事故のリスク。,fix,"factual,outdated,ambiguous",停止中は使用可。2024-11改正を反映,正解を「走行中は携帯電話を手で持っての通話・画面注視は禁止」に,道路交通法 第71条,要,,
g118,gentsuki,emergency,1,原付での交通事故後の対応で最初にすべきことは。,0:バイク移動 / 1:警察に通報 / 2:相手の連絡先確認のみ / 3:その場から去る,1:警察に通報,交通事故発生時は直ちに警察に通報することが法的義務。,fix,"factual,ambiguous",最初は救護・危険防止,正解を「運転をやめて負傷者の救護と危険防止」に,道路交通法 第72条,,,
g122,gentsuki,rules,3,原付での歩行者信号が赤の状態での走行は。,0:40km以下なら可 / 1:進行可能 / 2:歩行者がいなければ可能 / 3:完全禁止,1:進行可能,歩行者信号が赤でもバイク信号が青なら進行可能。バイクは自動車信号に従う。,fix,ambiguous,「バイク信号」は不適切,「車両用信号に従う」に,道路交通法施行令 第2条,,,
g125,gentsuki,signs,1,原付での駐禁標識がある場所での停止について。,0:許可なく停止は完全禁止 / 1:数分なら大丈夫 / 2:標識無視可能 / 3:夜間なら可能,0:許可なく停止は完全禁止,駐禁標識のある場所の無許可停止は違反で罰金対象。,fix,"factual,ambiguous",駐車禁止と停車の区別が必要,「停車は可能」を区別して書く,道路交通法 第45条,,,
g135,gentsuki,hazard_prediction,3,原付での最終章：安全運転の最重要要素はどれか。,0:加速度の強さ / 1:ルール無視 / 2:他者の行動予測と事前対応 / 3:最高スピード達成,2:他者の行動予測と事前対応,安全運転は他者の行動を予測し、事前に対応する危機管理能力が最重要。,fix,vague_prompt,「最終章」は不要,問題文から除く,,,,
g156,gentsuki,hazard_prediction,2,原付での夜間走行時に対向車ハイビームに遭遇した場合の対応は。,0:急ブレーキ / 1:ハイビームで応戦 / 2:減速して路肩に寄る / 3:落ち着いてロービームに切り替え、走行継続,3:落ち着いてロービームに切り替え、走行継続,相手のハイビーム対抗は危険なため、冷静にロービームに切り替え走行継続が正解。,fix,ambiguous,対応が「ロービーム」だけで曖昧,正解を「視線をやや左前方へ向けて眩惑を避ける」を含める,交通の方法に関する教則 第5章,,,
g165,gentsuki,parking,1,原付での路肩走行について正しいのは。,0:路肩は駐停車以外は走行禁止 / 1:徐行なら可能 / 2:右折時のみ許可 / 3:常に走行可能,0:路肩は駐停車以外は走行禁止,路肩は駐停車以外の走行が禁止。走行は車道内で行うことが必須。,fix,"ambiguous,topic_mismatch",路側帯と路肩の区別が必要。rules,路肩と路側帯を区別して問い直す,道路交通法 第17条,要,,
g167,gentsuki,hazard_prediction,1,原付での時間帯別ライト点灯基準で正しいのは。,0:ライト点灯は任意 / 1:昼間も点灯 / 2:薄暮時から夜間まで常時点灯 / 3:夜間のみ点灯,2:薄暮時から夜間まで常時点灯,視認性が低下する薄暮時から夜間まで、ライト点灯が法定要件。,fix,"ambiguous,factual",点灯義務は夜間,正解を「夜間は点灯」へ,道路交通法 第52条,要,,
g171,gentsuki,parking,1,原付での駐車中のエンジン切断義務について。,0:義務なし / 1:任意 / 2:エンジン切断が必須 / 3:1時間ごと,2:エンジン切断が必須,駐車時のエンジン切断は燃料節約と環境保全のために必須。,fix,weak_explanation,解説の理由が不正確,解説に「無断運転防止等の義務」を,道路交通法 第71条,,,
g173,gentsuki,operation,1,原付での追越しで禁止される場所は。,0:交差点手前・横断歩道・カーブ・坂道頂上付近 / 1:信号青時 / 2:広い直線路 / 3:走行車線,0:交差点手前・横断歩道・カーブ・坂道頂上付近,交差点・横断歩道・カーブ・坂道頂上は視界不足で追越し禁止。,fix,topic_mismatch,topicTagはrulesが適切,topicTagをrulesに,道路交通法 第30条,,,
g177,gentsuki,operation,1,原付での片手運転について。,0:両手操作が必須で片手は禁止 / 1:信号待ちなら可 / 2:短距離なら可能 / 3:低速なら可,0:両手操作が必須で片手は禁止,片手運転は操作困難でバランス喪失のリスク。両手操作が必須。,fix,"factual,ambiguous",合図等で片手になる場面があり「禁止」は不正確,「走行中の携帯電話使用(保持)」または「ハンドルは原則両手で握る」など正確な命題に差し替え,交通の方法に関する教則 第5章,,,
g178,gentsuki,operation,2,原付での公道でのスタント走行について。,0:面白いなら可 / 1:危険で違法。走行禁止 / 2:夜間なら可 / 3:低速で可,1:危険で違法。走行禁止,ウイリーやドーナツ走行は危険且つ違法。厳禁。,fix,"obvious_other,vague_prompt",自明な誤答。共同危険行為等の条文に絞る,「公道でのウイリー等の危険走行」の違反名(危険運転・共同危険行為)を問う形に,道路交通法 第68条,,,
g179,gentsuki,hazard_prediction,1,原付での走行中の服装で重要なのは。,0:軽装備 / 1:おしゃれ優先 / 2:肌の保護と視認性向上を優先 / 3:速さ,2:肌の保護と視認性向上を優先,走行時は肌露出を避け、目立つウェア着用で保護と視認性を確保。,fix,"vague_prompt,obvious_other,weak_explanation",「重要なのは」が曖昧、誤答が不自然,「二輪運転時の服装で適切なのは」とし、明るい色・プロテクター・袖口を留める等を正解に,交通の方法に関する教則 第5章,,,
g182,gentsuki,rules,2,原付での前車への過度な接近走行（あおり走行）について。,0:クラクションと併用 / 1:危険且つ違反。煽り運転は厳禁 / 2:低速なら可 / 3:効果的,1:危険且つ違反。煽り運転は厳禁,煽り運転は危険で違法。十分な距離保持が必須。,fix,"vague_prompt,obvious_other,weak_explanation",車間距離保持義務(法26条)・妨害運転(法117条の2の2)に絞る,「前車との車間距離は、前車が急停止しても追突しない距離を保つ」を正解にした設問へ,道路交通法 第26条,,,
g183,gentsuki,emergency,1,原付での突然のエンジン停止での対応は。,0:再スタート試行 / 1:走行継続 / 2:安全な場所に移動後確認 / 3:そのまま走行,2:安全な場所に移動後確認,エンジン停止時は即座に安全な場所への移動が最優先。,fix,"ambiguous,obvious_other",再始動と退避の優先順位が曖昧,「走行中エンジンが止まったら」安全な場所へ移動して停止、と明確化,交通の方法に関する教則 第5章,,,
g184,gentsuki,rules,3,原付での最適な走行速度決定の基準は。,0:最高速度の法定値のみ / 1:前車の速度 / 2:気分や気象 / 3:路面・天候・視界・交通量を総合判断,3:路面・天候・視界・交通量を総合判断,安全走行は速度制限以下で、さらに路面・天候・視界など条件に応じた速度調整が必須。,fix,"obvious_longest,vague_prompt",正解が最長で当てやすい,正解を「速度制限内で路面・天候・交通量に応じた速度」と短く、誤答を現実的に,道路交通法 第22条・第70条,,,
g185,gentsuki,parking,1,原付での積載位置が高い場合の影響は。,0:重心上昇で安定性低下、転倒リスク増加 / 1:スピード向上 / 2:安定性向上 / 3:影響なし,0:重心上昇で安定性低下、転倒リスク増加,高い位置への積載は重心が上昇し、バイク安定性が大幅に低下。,fix,"topic_mismatch,obvious_longest",積載の問い。parkingでなくoperation,topicTagをoperationへ。積載の高さ上限は地上2.0m等の数値問題も検討,道路交通法施行令 第22条,要,,
g186,gentsuki,rules,2,原付での中央線を越える走行について。,0:判断は運転手 / 1:追越し以外は禁止 / 2:夜間なら可 / 3:許可,1:追越し以外は禁止,中央線越えは追越し時のみ許可。それ以外は対向車との衝突リスク。,fix,"ambiguous,factual",はみ出し通行は追越し以外にも例外あり、前提が曖昧,「黄色の中央線(はみ出し禁止)」と「追越し禁止の標識」を区別する形に直す,道路交通法 第17条・第25条の2,要,,
g187,gentsuki,rules,1,原付での信号機がない交差点での走行優先順位は。,0:左からの車を優先 / 1:すべて同等 / 2:道幅の広い方を優先 / 3:右からの車を優先,2:道幅の広い方を優先,信号機がない交差点では、道幅広い方が優先権。確認して進行。,fix,"ambiguous,vague_prompt",左方優先と道幅優先が併存し曖昧,「道幅が同じ交差点では左方向から来る車が優先」等、条件を明記,道路交通法 第36条,要,,
g188,gentsuki,rules,2,原付での走行中のスマートフォン使用について。,0:通話なら可 / 1:短時間なら可 / 2:GPS確認なら可 / 3:完全禁止。安全な場所停止後のみ確認可,3:完全禁止。安全な場所停止後のみ確認可,走行中のスマートフォン使用は違反で危険。停止後の使用が必須。,fix,"outdated,obvious_longest,weak_explanation",2024-11の二輪も含む保持・注視禁止に未対応,「手に持って通話・画面注視は禁止(違反点数・罰則強化)」に更新,道路交通法 第71条第5号の5,要,,
g189,gentsuki,hazard_prediction,1,原付での給油時の安全対策で重要なのは。,0:エンジン切断し、静電気除去後給油 / 1:火を持ちながら給油 / 2:走行中給油 / 3:エンジンかけたまま給油,0:エンジン切断し、静電気除去後給油,給油時のエンジン切断と静電気除去は火災防止に必須。,fix,"topic_mismatch,obvious_other",給油は maintenance。誤答が不自然,topicTagをmaintenanceへ。誤答を現実的に,消防法/教則(給油時の注意),,,
g194,gentsuki,operation,2,原付での地面濡れた状態でのブレーキ効果。,0:不安定化のみ / 1:制動距離が著しく延びる / 2:変わらない / 3:短くなる,1:制動距離が著しく延びる,濡れた路面はタイヤグリップが低下し、ブレーキ距離が大幅に延長される。,fix,"near_dup,obvious_other",g208と同趣旨(濡れた路面),g208に統合し片方を削除,交通の方法に関する教則 第5章,,,
g195,gentsuki,emergency,1,原付での右直事故の多くの原因は。,0:左折車の不注意 / 1:標識無視 / 2:右折車の対向直進車に対する安全確認不足 / 3:天候,2:右折車の対向直進車に対する安全確認不足,右直事故は、右折する車両と対向車線から直進してくる車両との衝突事故。右折車が「直進車が来る前に曲がれるだろう」と対向直進車の速度・距離を見誤る（安全確認不足）ことが主な原因とされる。,fix,"topic_mismatch,near_dup,weak_explanation",topicはhazard_prediction。g225/g240と近い,topicTagをhazard_predictionへ。右直事故の対策(対向車速度を見極め待つ)を問う形に,交通の方法に関する教則 第5章,,,
g196,gentsuki,hazard_prediction,2,原付での走行中の眠気対策で最も効果的なのは。,0:音楽を大きく / 1:運転継続で我慢 / 2:窓全開で走行継続 / 3:定期的な休憩が最優先,3:定期的な休憩が最優先,運転中の眠気は極めて危険。定期的休憩による対策が必須。,fix,"obvious_longest,obvious_other",正解が当てやすい,誤答を「窓を開ける」等の誤った対策に。眠気時は休憩を正解に,交通の方法に関する教則 第5章,,,
g198,gentsuki,hazard_prediction,2,原付での健康状態不良時の走行について。,0:短距離なら可 / 1:走行を控え、回復まで待つが最優先 / 2:気合で走行 / 3:薬飲んで走行,1:走行を控え、回復まで待つが最優先,体調不良は判断力低下と反応時間延長を招く。走行回避が必須。,fix,"ambiguous,obvious_other",薬との関係が曖昧,「疲労・病気・薬の影響で正常な運転ができないおそれがあるときは運転しない」に統一,道路交通法 第66条,,,
g199,gentsuki,signs,1,原付での道路工事区間での走行注意。,0:スピード上げ早期通過 / 1:工事中は走行禁止 / 2:標識指示に従い、低速で慎重に走行 / 3:無視して走行,2:標識指示に従い、低速で慎重に走行,工事区間は標識指示に従い、予測不可能な状況への対応が最優先。,fix,"topic_mismatch,ambiguous",標識でなくhazard/rules寄り,topicTagをhazard_predictionへ,交通の方法に関する教則 第5章,,,
g200,gentsuki,maintenance,2,原付での安全走行習慣の確立における最重要項目は。,0:スピード感覚 / 1:バイク性能 / 2:運で判断 / 3:毎回の走行前点検と心身確認,3:毎回の走行前点検と心身確認,安全走行習慣は毎回の走行前点検と心身状態確認から始まる。,fix,"obvious_other,vague_prompt",「最重要項目」が曖昧,「運転前の日常点検で確認する項目」に具体化,道路運送車両法 第47条の2,,,
g205,gentsuki,operation,2,カーブを曲がるときの原付の走行方法として最も適切なのはどれか。,0:カーブに入る前に十分減速し、曲がりながらは加速も減速も控える / 1:カーブの出口で急加速する / 2:ハンドルだけを大きく切り、車体は傾けない / 3:カーブの途中で強くブレーキをかけて速度を落とす,0:カーブに入る前に十分減速し、曲がりながらは加速も減速も控える,カーブでは進入前に減速を終え、旋回中は一定の速度を保つことで安定した走行ができる。カーブ中の急な操作は転倒につながる。,fix,ambiguous,旋回中の加減速の可否は流派差あり,「進入前に減速し、旋回中は急な操作を避ける」に,交通の方法に関する教則 第5章,,,
g206,gentsuki,operation,2,車線内での原付の走行位置として適切なのはどれか。,0:車線を跨いで走る / 1:車線の中央よりやや左寄りを走る / 2:追い越し以外でも車線の右側に寄って走る / 3:常に車線の右端を走る,1:車線の中央よりやや左寄りを走る,追い越しなど特別な場合を除き、車線内のやや左寄りを走行することで対向車や後続車との安全な間隔を保てる。,fix,ambiguous,車線内の位置は左寄りの規定。表現が不正確の可能性,「道路の左寄りを走行」と道交法18条に沿う文言に,道路交通法 第18条,要,,
g215,gentsuki,operation,2,停車していた乗客降車中の路線バスの横を通過するときの対応として適切なのはどれか。,0:乗客がいなければ通常速度で通過してよい / 1:バスの右側から一気に追い越す / 2:バスの前後から歩行者が出てくる可能性を考え、速度を落として通過する / 3:バスに近づいたらクラクションを鳴らして急いで通過する,2:バスの前後から歩行者が出てくる可能性を考え、速度を落として通過する,バスの陰から降車した乗客が道路を横断してくる可能性があるため、速度を落として周囲の状況に注意しながら通過する必要がある。,fix,vague_prompt,「停車していた乗客降車中」の文が不自然,「バス停で停車中のバスの側方を通過するとき」に整える,交通の方法に関する教則 第5章,,,
g250,gentsuki,rules,3,原付の最高速度に関する規定として正しいのはどれか。,0:時速40キロメートル以下 / 1:時速30キロメートル以下 / 2:時速50キロメートル以下 / 3:道路の種類によって制限はない,1:時速30キロメートル以下,原付一種(50cc以下)の法定最高速度は時速30キロメートルであり、道路の種類にかかわらずこの制限が適用される。,fix,outdated,2025-04新基準原付に未対応。30km/hは正,解説を「原付(50cc以下、および新基準の125cc以下かつ最高出力4.0kW以下)は30km/h」に,道路交通法施行令 第11条,要,,
g251,gentsuki,rules,1,原付での二人乗りに関する規定として正しいのはどれか。,0:運転者が18歳以上であれば可能 / 1:同乗者が子どもであれば可能 / 2:二人乗りはどのような場合でも禁止されている / 3:免許取得から1年以上経過していれば可能,2:二人乗りはどのような場合でも禁止されている,原付一種は構造上定員が一人と定められており、年齢や運転経験にかかわらず二人乗りは一切認められていない。,fix,outdated,新基準原付も一人乗りと注記すると良い,解説に新基準原付も定員1名と追記,道路交通法 第55条,要,,
g255,gentsuki,rules,2,二段階右折が必要となる条件として正しいのはどれか。,0:二段階右折は原付には適用されない規定である / 1:信号のない交差点でのみ二段階右折が必要である / 2:二段階右折の標識がある交差点、または片側3車線以上の道路の交差点で必要になる / 3:すべての交差点で必ず二段階右折をしなければならない,2:二段階右折の標識がある交差点、または片側3車線以上の道路の交差点で必要になる,二段階右折は、その旨を示す標識がある交差点や、片側3車線以上ある道路の交差点で必要となる。それ以外の通常の交差点では一般的な右折方法でよい。,fix,"factual,ambiguous",二段階右折の条件の表現が不正確,「原付は、交通整理の行われている交差点で通行区分が3以上は二段階右折。標識で小回り指定があれば除く」と明確化,道路交通法 第34条,要,,
g260,gentsuki,rules,3,運転中の携帯電話の使用に関する規定として正しいのはどれか。,0:停止中であれば手に持って操作してもよい規定は運転中とは別に考える必要がある / 1:携帯電話の使用は運転中でも制限されていない / 2:手に持たなければ通話しながら運転してもよい / 3:手に持って通話しながら運転することは禁止されている,3:手に持って通話しながら運転することは禁止されている,運転中に携帯電話を手に持って通話したり画面を注視したりする行為は法律で禁止されている。,fix,"outdated,obvious_other",選択肢0が意味不明。2024-11に二輪も保持禁止を明記,選択肢0を「停止中なら操作してよい」等に直し、保持・注視禁止と罰則を解説に,道路交通法 第71条第5号の5,要,,
g264,gentsuki,rules,1,歩道の通行に関する原付の規定として正しいのはどれか。,0:歩行者がいなければ歩道を通行してよい / 1:歩道の通行は速度を落とせば認められる / 2:歩道は自由に通行してよい / 3:歩道は原則として通行してはならない,3:歩道は原則として通行してはならない,原付は車両であるため、特別な標識がある場所などを除き、歩道を通行することは原則として認められていない。,fix,ambiguous,歩道通行は例外(普通自転車等)の有無を明記すべき,「原付は歩道を通行できない(横断・出入りは除く)」に,道路交通法 第17条,,,
g266,gentsuki,rules,2,車両通行帯がある道路での原付の走行位置について正しいのはどれか。,0:常に道路の中央を通行してよい / 1:追い越しなどの場合を除き、道路の左側寄りを通行する / 2:右側の車両通行帯を自由に選んでよい / 3:走行位置に関する規定はない,1:追い越しなどの場合を除き、道路の左側寄りを通行する,車両は、追い越しなど特別な場合を除いて道路の左側に寄って通行することが原則とされている。,fix,ambiguous,車両通行帯では通行帯の位置が問題,「車両通行帯が2つ以上では、原付は最も左側の通行帯」,道路交通法 第20条,要,,
g271,gentsuki,parking,1,消防用機械器具の置場や消火栓の付近における駐車について正しいのはどれか。,0:消火栓からの距離に関する規定はない / 1:消火栓の近くであれば短時間なら駐車してよい / 2:消火栓から5メートル以内は駐車が禁止されている / 3:消防用の設備は駐車禁止の対象にならない,2:消火栓から5メートル以内は駐車が禁止されている,消火栓や消防用機械器具の置場から5メートル以内の場所は、緊急時の使用を妨げないよう駐車が禁止されている。,fix,ambiguous,消火栓付近は駐車禁止のみ(停車は可)と明記,「5m以内は駐車禁止」と整える,道路交通法 第45条,要,,
g273,gentsuki,parking,1,「駐車」と「停車」の違いとして正しいのはどれか。,0:運転者がすぐに運転できる状態で短時間停止するのは停車、それ以外の継続的な停止は駐車に区分される / 1:停車の方が駐車より長い時間の停止を指す / 2:駐車と停車はまったく同じ意味である / 3:駐車は違反にならないが停車は必ず違反になる,0:運転者がすぐに運転できる状態で短時間停止するのは停車、それ以外の継続的な停止は駐車に区分される,運転者がすぐに車両を移動できる状態で短時間停止することを「停車」といい、それ以外の継続的な停止や運転者が車両を離れる場合は「駐車」に区分される。,fix,"obvious_longest,ambiguous",停車の定義が不正確,停車=人の乗降・5分以内の荷物の積卸し等で直ちに運転できない場合を除くと法定義に,道路交通法 第2条,要,,
g274,gentsuki,parking,1,見通しの悪いカーブや坂の頂上付近での駐停車について正しいのはどれか。,0:見通しが悪くても短時間であれば駐停車してよい / 1:見通しの悪いカーブや坂の頂上付近は駐停車が禁止されている / 2:坂の頂上付近は駐車のみ禁止で停車はできる / 3:カーブや坂の頂上付近に駐停車の規制はない,1:見通しの悪いカーブや坂の頂上付近は駐停車が禁止されている,見通しの悪いカーブの付近や坂の頂上付近は、後続車や対向車から発見が遅れ危険なため駐停車が禁止されている。,fix,"factual,ambiguous",見通しの悪いカーブでなく曲がり角5m以内/坂の頂上が正,「坂の頂上付近・急坂は駐停車禁止」に絞る,道路交通法 第44条,要,,
g275,gentsuki,parking,2,歩道に原付を駐車するときの注意点として正しいのはどれか。,0:歩道であればどこにでも自由に駐車してよい / 1:歩道上の駐車には規制が一切ない / 2:歩行者の通行の妨げにならないよう配慮し、認められた方法で駐車する / 3:歩行者がいなければ通行帯をふさいでもよい,2:歩行者の通行の妨げにならないよう配慮し、認められた方法で駐車する,歩道に駐車する場合であっても歩行者の通行を妨げないよう配慮し、決められた方法や場所で駐車する必要がある。,fix,"factual,ambiguous",歩道への駐停車は原則禁止で、誤解を招く,「歩道に駐停車してよいか」の問いで「禁止」を正解に,道路交通法 第17条・第47条,要,,
g276,gentsuki,parking,2,バス停留所の標識から一定距離内における駐車について正しいのはどれか。,0:バスが来ていなければ停留所付近に駐車してよい / 1:停留所の標識から1メートル以内のみ禁止されている / 2:バス停付近には駐車の規制はない / 3:停留所の標識から10メートル以内は駐車が禁止されている,3:停留所の標識から10メートル以内は駐車が禁止されている,バスの停留所を表示する標識から10メートル以内の場所は、バスの発着を妨げるため駐車が禁止されている。,fix,"ambiguous,factual",バス停付近は運行時間中の駐停車禁止,「バス停の標示柱から10m以内は運行時間中は駐停車禁止」,道路交通法 第44条,要,,
g277,gentsuki,parking,2,有料の駐車区画(パーキングメーターなど)を利用するときの心がけとして正しいのはどれか。,0:定められた時間や料金のルールを守って利用する / 1:パーキングメーターの表示は目安であり従う必要はない / 2:料金を支払えば時間制限を超えて駐車してよい / 3:混雑していなければルールを守らなくてよい,0:定められた時間や料金のルールを守って利用する,有料駐車区画では定められた時間や料金のルールを守って利用する必要があり、これを超える駐車は違反となる。,fix,"obvious_other,weak_explanation",誤答が不自然,駐車時間制限の具体例(60分等)を問う形に,道路交通法 第49条,要,,
g287,gentsuki,license_system,2,原付免許を取得できる年齢として正しいのはどれか。,0:20歳以上 / 1:15歳以上 / 2:16歳以上 / 3:18歳以上,2:16歳以上,原付免許は満16歳以上であれば取得することができる。,fix,outdated,原付の16歳は正。新基準原付も同じ旨を追記,解説に新基準原付も16歳以上と追記,道路交通法 第88条,要,,
g289,gentsuki,license_system,2,運転免許証の更新に関する一般的な仕組みとして正しいのはどれか。,0:更新の時期が近づくと更新連絡のはがき等で通知が届く / 1:更新の案内は一切届かず自分で管理する必要がある / 2:免許証に有効期限は設けられていない / 3:更新手続きは一生に一度だけでよい,0:更新の時期が近づくと更新連絡のはがき等で通知が届く,運転免許証には有効期限があり、更新時期が近づくと更新連絡の通知が届くしくみになっている。,fix,"vague_prompt,weak_explanation",「しくみとして」が曖昧,「更新の連絡(はがき)は通知されるが義務ではない」等具体化,道路交通法 第101条,,,
g290,gentsuki,license_system,3,交通違反や事故によって累積する制度として正しいのはどれか。,0:累積した点数は運転免許に一切影響しない / 1:違反や事故の内容に応じて点数が付与され、累積すると免許の停止や取消しにつながる制度がある / 2:事故を起こしても違反点数には反映されない / 3:違反をしても点数が累積する制度はない,1:違反や事故の内容に応じて点数が付与され、累積すると免許の停止や取消しにつながる制度がある,交通違反や事故には内容に応じた点数が定められており、一定期間内に累積すると免許の停止や取消しなどの処分につながる制度がある。,fix,"vague_prompt,weak_explanation",「累積する制度」が曖昧,「違反点数制度」を明示し、免停の累積点数を問う,道路交通法施行令 別表,要,,
g302,gentsuki,signs,2,円形で青地に赤の斜線の「駐停車禁止」の標識について、正しい説明はどれか。,0:自転車が道路を横断するための場所であることを示す / 1:車両の駐車と停車の両方を禁止する / 2:路面電車の停留所などで、歩行者が安全に待機するための場所であることを示す / 3:その数字を超える速度での走行を禁止する,1:車両の駐車と停車の両方を禁止する,「駐停車禁止」は規制標識（円形・青地に赤の斜線）で、車両の駐車と停車の両方を禁止することを意味する。,fix,factual,駐停車禁止は赤のバツ印。「斜線」は駐車禁止の記述,「青地に赤のバツ印」へ修正,道路標識、区画線及び道路標示に関する命令,要,,
g305,gentsuki,signs,2,円形で赤地に白のバツ印とバスの絵の「大型乗用自動車等通行止め」の標識について、正しい説明はどれか。,0:大型乗用自動車（バス等）の通行を禁止する / 1:路面電車の停留所などで、歩行者が安全に待機するための場所であることを示す / 2:道路の側端に対して平行に駐車すべきことを示す / 3:指定された区間で警音器（クラクション）を鳴らさなければならないことを示す,0:大型乗用自動車（バス等）の通行を禁止する,「大型乗用自動車等通行止め」は規制標識（円形・赤地に白のバツ印とバスの絵）で、大型乗用自動車（バス等）の通行を禁止することを意味する。,fix,factual,実標識は白地に赤枠。「赤地に白バツ」は誤り,形状説明を「白地に赤枠、バスの絵」へ,道路標識、区画線及び道路標示に関する命令,要,,
g307,gentsuki,signs,1,「自動車専用」の標識が意味するものとして正しいのはどれか。,0:前方にロータリー（環状交差点）があることを予告する / 1:前方に十字路（交差点）があることを予告し、注意を促す / 2:自動車・原動機付自転車以外（歩行者・軽車両等）の通行を禁止する / 3:前方の道路が右方向に大きく曲がっていることを予告する,2:自動車・原動機付自転車以外（歩行者・軽車両等）の通行を禁止する,「自動車専用」は規制標識（円形・青地に白の自動車の絵）で、自動車・原動機付自転車以外（歩行者・軽車両等）の通行を禁止することを意味する。,fix,factual,自動車専用は原付通行不可。解説が誤り,「自動車専用道路を原付は通行できない」を正解に,道路標識、区画線及び道路標示に関する命令,要,,
g308,gentsuki,signs,2,円形で青地に赤の斜線と追越しの絵の「追越し禁止」の標識について、正しい説明はどれか。,0:バスなど特定の車両の専用通行帯であることを示し、それ以外の車両の通行を制限する / 1:付近に学校・幼稚園・保育所等があり、児童・幼児の飛び出し等に注意すべきことを示す / 2:路面電車の軌道敷内を車両が通行できることを示す / 3:他の車両を追い越すために進路変更することを禁止する,3:他の車両を追い越すために進路変更することを禁止する,「追越し禁止」は規制標識（円形・青地に赤の斜線と追越しの絵）で、他の車両を追い越すために進路変更することを禁止することを意味する。,fix,factual,追越し禁止は白地赤枠に車2台の絵,形状説明を修正,道路標識、区画線及び道路標示に関する命令,要,,
g309,gentsuki,signs,3,「一方通行」の標識の意味として正しいのはどれか。,0:車両が矢印で示された方向にのみ進行できることを示す / 1:路線バス等が優先的に通行する車両通行帯であることを示す / 2:その数字を超える速度での走行を禁止する / 3:路面電車の停留所などで、歩行者が安全に待機するための場所であることを示す,0:車両が矢印で示された方向にのみ進行できることを示す,「一方通行」は規制標識（長方形・青地に白の矢印）で、車両が矢印で示された方向にのみ進行できることを示すことを意味する。,fix,factual,一方通行は指示標識,「指示標識」に修正,道路標識、区画線及び道路標示に関する命令,要,,
g311,gentsuki,signs,2,長方形で青地に白字とラッパの絵の「警笛区間」の標識について、正しい説明はどれか。,0:その数字を下回る速度での走行を禁止する（高速道路等に設置） / 1:路線バス等が優先的に通行する車両通行帯であることを示す / 2:見通しの悪い区間など、必要に応じて警音器を鳴らすべき区間であることを示す / 3:道路の側端に対して斜めに駐車すべきことを示す,2:見通しの悪い区間など、必要に応じて警音器を鳴らすべき区間であることを示す,「警笛区間」は規制標識（長方形・青地に白字とラッパの絵）で、見通しの悪い区間など、必要に応じて警音器を鳴らすべき区間であることを示すことを意味する。,fix,factual,警笛区間は補助標識。形状記述が不正確,「補助標識」と説明,道路標識、区画線及び道路標示に関する命令,要,,
g312,gentsuki,signs,3,「駐車可」の標識の意味として正しいのはどれか。,0:道路の側端に対して斜めに駐車すべきことを示す / 1:前方に踏切があることを予告し、通過時の注意を促す / 2:道路の中央の位置を示す線であることを示す / 3:その場所での駐車が認められていることを示す,3:その場所での駐車が認められていることを示す,「駐車可」は規制標識（円形・青地に白のPマーク）で、その場所での駐車が認められていることを示すことを意味する。,fix,factual,駐車可は長方形の指示標識。円形は誤り,「長方形」に修正,道路標識、区画線及び道路標示に関する命令,要,,
g313,gentsuki,signs,1,「指定方向外進行禁止（右折禁止）」の標識が意味するものとして正しいのはどれか。,0:示された方向以外への進行を禁止し、右折を禁止する / 1:指定された区間で警音器（クラクション）を鳴らさなければならないことを示す / 2:前方に十字路（交差点）があることを予告し、注意を促す / 3:自動車・原動機付自転車以外（歩行者・軽車両等）の通行を禁止する,0:示された方向以外への進行を禁止し、右折を禁止する,「指定方向外進行禁止（右折禁止）」は規制標識（円形・青地に白の矢印（右折方向を除く））で、示された方向以外への進行を禁止し、右折を禁止することを意味する。,fix,"factual,ambiguous",右折禁止の説明が矛盾,「右折禁止」を正解とする単純化,道路標識、区画線及び道路標示に関する命令,要,,
g314,gentsuki,signs,2,円形で赤地に白のバツ印とトラックの絵の「大型・特定中型貨物自動車等通行止め」の標識について、正しい説明はどれか。,0:他の車両を追い越すために進路変更することを禁止する / 1:大型貨物自動車や特定中型貨物自動車などの通行を禁止する / 2:バスなど特定の車両の専用通行帯であることを示し、それ以外の車両の通行を制限する / 3:路面が滑りやすい状態にあることが多く、注意すべきことを示す,1:大型貨物自動車や特定中型貨物自動車などの通行を禁止する,「大型・特定中型貨物自動車等通行止め」は規制標識（円形・赤地に白のバツ印とトラックの絵）で、大型貨物自動車や特定中型貨物自動車などの通行を禁止することを意味する。,fix,factual,実標識は白地赤枠。色記述が誤り,形状説明を修正,道路標識、区画線及び道路標示に関する命令,要,,
g319,gentsuki,signs,1,「軌道敷内通行可」の標識が意味するものとして正しいのはどれか。,0:その数字を超える速度での走行を禁止する / 1:歩行者が道路を横断するための場所であることを示す / 2:路面電車の軌道敷内を車両が通行できることを示す / 3:車両が矢印で示された方向にのみ進行できることを示す,2:路面電車の軌道敷内を車両が通行できることを示す,「軌道敷内通行可」は指示標識（円形・青地に白の絵）で、路面電車の軌道敷内を車両が通行できることを示すことを意味する。,fix,factual,軌道敷内通行可は規制標識,分類を修正,道路標識、区画線及び道路標示に関する命令,要,,
g320,gentsuki,signs,2,円形で赤地に白のバツ印の「通行止め」の標識について、正しい説明はどれか。,0:一方通行路の出口などに設置され、車両がその方向へ進入することを禁止する / 1:その道路が交差点において優先道路であることを示す / 2:前方にロータリー（環状交差点）があることを予告する / 3:歩行者・車両を問わず、すべての通行が禁止されていることを示す,3:歩行者・車両を問わず、すべての通行が禁止されていることを示す,「通行止め」は規制標識（円形・赤地に白のバツ印）で、歩行者・車両を問わず、すべての通行が禁止されていることを示すことを意味する。,fix,factual,通行止めの形状説明が不正確,形状説明を実標識に合わせ修正,道路標識、区画線及び道路標示に関する命令,要,,
g326,gentsuki,signs,2,三角形で黄色地に黒のラッパの絵の「警笛鳴らせ」の標識について、正しい説明はどれか。,0:道路の側端に対して斜めに駐車すべきことを示す / 1:指定された区間で警音器（クラクション）を鳴らさなければならないことを示す / 2:車両がただちに停止できるような速度まで速度を落として進行しなければならないことを示す / 3:歩行者が道路を横断するための場所であることを示す,1:指定された区間で警音器（クラクション）を鳴らさなければならないことを示す,「警笛鳴らせ」は規制標識（三角形・黄色地に黒のラッパの絵）で、指定された区間で警音器（クラクション）を鳴らさなければならないことを示すことを意味する。,fix,factual,警笛鳴らせは青地円形の規制標識,形状説明を修正,道路標識、区画線及び道路標示に関する命令,要,,
g327,gentsuki,signs,3,「歩行者通行止め」の標識の意味として正しいのはどれか。,0:道路の側端に対して直角に駐車すべきことを示す / 1:原動機付自転車や自転車など特定の車両が通行すべき車両通行帯を指定する / 2:歩行者の通行を禁止する / 3:車両の駐車と停車の両方を禁止する,2:歩行者の通行を禁止する,「歩行者通行止め」は規制標識（円形・赤地に白のバツ印と歩行者の絵）で、歩行者の通行を禁止することを意味する。,fix,factual,歩行者通行止めは白地赤枠,形状説明を修正,道路標識、区画線及び道路標示に関する命令,要,,
g329,gentsuki,signs,2,円形で青地に赤の斜線とPマークの「駐車禁止」の標識について、正しい説明はどれか。,0:車両の駐車を禁止する（短時間の停車は可能） / 1:車両のUターン（転回）を禁止する / 2:路面電車の軌道敷内を車両が通行できることを示す / 3:前方の道路に落石のおそれがあることを予告する,0:車両の駐車を禁止する（短時間の停車は可能）,「駐車禁止」は規制標識（円形・青地に赤の斜線とPマーク）で、車両の駐車を禁止する（短時間の停車は可能）ことを意味する。,fix,factual,駐車禁止にPマークはない,「青地に赤の斜線」へ修正,道路標識、区画線及び道路標示に関する命令,要,,
g332,gentsuki,signs,2,円形の中に長方形で黄色地に白枠の「優先道路」の標識について、正しい説明はどれか。,0:前方に踏切があることを予告し、通過時の注意を促す / 1:道路の側端に対して直角に駐車すべきことを示す / 2:その数字を下回る速度での走行を禁止する（高速道路等に設置） / 3:その道路が交差点において優先道路であることを示す,3:その道路が交差点において優先道路であることを示す,「優先道路」は指示標識（円形の中に長方形・黄色地に白枠）で、その道路が交差点において優先道路であることを示すことを意味する。,fix,factual,優先道路は菱形(黄)の標識,形状説明を修正,道路標識、区画線及び道路標示に関する命令,要,,
g333,gentsuki,signs,3,「徐行」の標識の意味として正しいのはどれか。,0:車両がただちに停止できるような速度まで速度を落として進行しなければならないことを示す / 1:自転車が2台まで並んで通行できることを示す / 2:車両が道路を横断（右左折を除く進路変更）することを禁止する / 3:歩行者の通行を禁止する,0:車両がただちに停止できるような速度まで速度を落として進行しなければならないことを示す,「徐行」は規制標識（逆三角形・白地に赤枠、青字）で、車両がただちに停止できるような速度まで速度を落として進行しなければならないことを示すことを意味する。,fix,factual,徐行は黒字。「青字」は誤り,黒字へ修正,道路標識、区画線及び道路標示に関する命令,要,,
g335,gentsuki,signs,2,円形で青地に白の矢印（左折方向を除く）の「指定方向外進行禁止（左折禁止）」の標識について、正しい説明はどれか。,0:原動機付自転車や自転車など特定の車両が通行すべき車両通行帯を指定する / 1:歩行者・車両を問わず、すべての通行が禁止されていることを示す / 2:示された方向以外への進行を禁止し、左折を禁止する / 3:停止すべき位置を示す,2:示された方向以外への進行を禁止し、左折を禁止する,「指定方向外進行禁止（左折禁止）」は規制標識（円形・青地に白の矢印（左折方向を除く））で、示された方向以外への進行を禁止し、左折を禁止することを意味する。,fix,"factual,ambiguous",左折禁止の記述が矛盾,単純化,道路標識、区画線及び道路標示に関する命令,要,,
g341,gentsuki,signs,2,円形で赤地に白のバツ印と荷車の絵の「自転車以外の軽車両通行止め」の標識について、正しい説明はどれか。,0:自転車を除く軽車両（荷車など）の通行を禁止する / 1:指定された区間で警音器（クラクション）を鳴らさなければならないことを示す / 2:付近に学校・幼稚園・保育所等があり、児童・幼児の飛び出し等に注意すべきことを示す / 3:歩行者専用の道路であり、車両の通行を禁止する,0:自転車を除く軽車両（荷車など）の通行を禁止する,「自転車以外の軽車両通行止め」は規制標識（円形・赤地に白のバツ印と荷車の絵）で、自転車を除く軽車両（荷車など）の通行を禁止することを意味する。,fix,factual,色説明が不正確,形状説明を修正,道路標識、区画線及び道路標示に関する命令,要,,
g342,gentsuki,signs,3,「並進可」の標識の意味として正しいのはどれか。,0:付近に学校・幼稚園・保育所等があり、児童・幼児の飛び出し等に注意すべきことを示す / 1:自転車が2台まで並んで通行できることを示す / 2:大型貨物自動車や特定中型貨物自動車などの通行を禁止する / 3:その数字を下回る速度での走行を禁止する（高速道路等に設置）,1:自転車が2台まで並んで通行できることを示す,「並進可」は指示標識（円形・青地に白の絵）で、自転車が2台まで並んで通行できることを示すことを意味する。,fix,"factual,ambiguous",並進可は軽車両の標識で規制標識,名称・分類修正,道路標識、区画線及び道路標示に関する命令,要,,
g343,gentsuki,signs,1,「車両（組合せ）通行止め」の標識が意味するものとして正しいのはどれか。,0:路面電車の軌道敷内を車両が通行できることを示す / 1:バスなど特定の車両の専用通行帯であることを示し、それ以外の車両の通行を制限する / 2:指定された複数の種類の車両の通行を禁止する / 3:示された方向以外への進行を禁止し、左折を禁止する,2:指定された複数の種類の車両の通行を禁止する,「車両（組合せ）通行止め」は規制標識（円形・赤地に白のバツ印と複数車両の絵）で、指定された複数の種類の車両の通行を禁止することを意味する。,fix,factual,色説明が不正確,形状説明を修正,道路標識、区画線及び道路標示に関する命令,要,,
g346,gentsuki,signs,1,「特定の種類の車両の通行区分」の標識が意味するものとして正しいのはどれか。,0:路面電車の軌道敷内を車両が通行できることを示す / 1:原動機付自転車や自転車など特定の車両が通行すべき車両通行帯を指定する / 2:歩行者・車両を問わず、すべての通行が禁止されていることを示す / 3:前方に十字路（交差点）があることを予告し、注意を促す,1:原動機付自転車や自転車など特定の車両が通行すべき車両通行帯を指定する,「特定の種類の車両の通行区分」は指示標識（円形・青地に白の矢印と特定車両の絵）で、原動機付自転車や自転車など特定の車両が通行すべき車両通行帯を指定することを意味する。,fix,factual,規制標識の可能性,分類確認,道路標識、区画線及び道路標示に関する命令,要,,
kg004,kogata_gentsuki_nirin,rules,4,小型限定普通二輪車(125cc以下)の法定最高速度について正しいのはどれか。,0:一律に時速30kmに制限されている / 1:夜間のみ時速60kmまで認められる / 2:時速40kmに固定されている / 3:一般道路では標識のある区分に従い、原付のような一律30km制限はない,3:一般道路では標識のある区分に従い、原付のような一律30km制限はない,原付は法定速度が一律30km/hだが、小型限定普通二輪車は原付のような一律制限はなく、道路標識や法定速度など一般の二輪車と同じ速度区分に従う。,fix,"vague_prompt,near_dup,obvious_longest",数値がなく長文選択肢が正解。kg159と重複,問題文を「小型限定普通二輪車が標識等のない一般道路で出せる最高速度は」とし、60km/h(正解)・30km/h・40km/h・50km/hの数値選択肢にする。またはkg159と統合して削除,交通の方法に関する教則 / 道路交通法,要,,
kg005,kogata_gentsuki_nirin,rules,5,小型限定普通二輪免許で交差点を右折する方法について正しいのはどれか。,0:小型二輪は二段階右折の対象ではなく、他の車両と同様に一回で右折する / 1:原付と同様に必ず二段階右折をしなければならない / 2:信号のある交差点でのみ二段階右折が免除される / 3:125ccちょうどの車両のみ二段階右折が必要,0:小型二輪は二段階右折の対象ではなく、他の車両と同様に一回で右折する,二段階右折の義務があるのは原付(50cc以下)のみで、小型限定普通二輪車を含む自動二輪車は通常の方法(あらかじめ道路の中央または右側端に寄り一回で)で右折する。,fix,"outdated,obvious_longest,near_dup",解説の「原付(50cc以下)のみ」が2025-04新基準原付で古い。kg121/kg161と重複,解説を「二段階右折をするのは原動機付自転車(新基準原付を含む)で、最高出力4.0kW超の125cc以下の二輪車は通常の小回り右折」に修正。問題文に「最高出力を制御していない」条件を追加,交通の方法に関する教則 / 道路交通法,要,,
kg007,kogata_gentsuki_nirin,rules,2,二輪車の運転者が携帯電話を通話のために手に持って使用しながら運転する行為について正しいのはどれか。,0:時速10km以下の徐行中は認められる / 1:停止中であれば常に認められる / 2:運転中は禁止されており、危険な状態を生じさせた場合はさらに重く処罰される / 3:運転に支障がなければ認められる,2:運転中は禁止されており、危険な状態を生じさせた場合はさらに重く処罰される,運転中に携帯電話を手に持って通話したり画面を注視したりする行為は禁止されており、交通の危険を生じさせた場合はより重い処分の対象となる。,fix,"outdated,ambiguous",2024-11改正の説明不足。「停止中なら常に認められる」が紛らわしい,解説に2024-11の罰則強化(保持のみで禁止、交通の危険は更に重い)を反映。選択肢「停止中であれば常に認められる」は停止中は禁止対象外で正誤が紛らわしいので別の誤り選択肢に差替え,交通の方法に関する教則 / 道路交通法,要,,
kg009,kogata_gentsuki_nirin,rules,4,追い越しが禁止されている場所として正しいものはどれか。,0:トンネルの中(照明があり車両通行帯がある場合を除く) / 1:駐車場の出入口付近のみ / 2:見通しのよい直線道路 / 3:幅の広い一方通行路,0:トンネルの中(照明があり車両通行帯がある場合を除く),トンネルの中は原則として追い越しが禁止されている。ただし車両通行帯が設けられている場合など例外もある。,fix,"factual,obvious_longest",「照明があり」は無関係。追越し禁止は車両通行帯のないトンネル,選択肢を「車両通行帯のないトンネルの中」に修正し「照明があり」を削除,交通の方法に関する教則 / 道路交通法,要,,
kg014,kogata_gentsuki_nirin,rules,4,駐停車が禁止されている場所として正しいものはどれか。,0:住宅街の広い道路脇 / 1:火災報知機から1メートル以内の場所 / 2:駐車場の中 / 3:広い駐車帯のある道路,1:火災報知機から1メートル以内の場所,消火栓や火災報知機から一定距離(1メートル以内)は駐停車が禁止されている。緊急時の使用を妨げないための規制である。,fix,"factual,topic_mismatch",火災報知機1m以内は駐車禁止で駐停車禁止ではない,問題文を「駐車が禁止されている場所」に変更。解説も「駐停車」でなく「駐車禁止(消火栓等5m、火災報知機1m)」と修正,交通の方法に関する教則 / 道路交通法,要,,
kg024,kogata_gentsuki_nirin,rules,4,軌道敷内を自動二輪車が通行できる場合について正しいのはどれか。,0:125cc以下の二輪車は無条件に通行できる / 1:常に自由に通行できる / 2:路面電車が来ていなければいつでも通行できる / 3:道路工事などのため軌道敷内を通行しなければやむを得ない場合等に限られる,3:道路工事などのため軌道敷内を通行しなければやむを得ない場合等に限られる,軌道敷内の通行は、危険防止のため道路工事などでやむを得ない場合や、標識等で通行が認められている場合などに限られる。,fix,vague_prompt,選択肢文が不自然(「通行しなければやむを得ない」),正解を「道路工事などでやむを得ない場合や、右左折・横断・転回のため横切る場合等に限られる」に修正,交通の方法に関する教則 / 道路交通法,要,,
kg047,kogata_gentsuki_nirin,hazard_prediction,2,高速で走行中、前方に落下物を発見した場合の適切な対応はどれか。,0:目をつぶって通過する / 1:急ハンドルで避けようとする / 2:後続車や周囲の安全を確認しつつ、できる範囲で速度を落として回避や停止を図る / 3:気にせずそのまま走行を続ける,2:後続車や周囲の安全を確認しつつ、できる範囲で速度を落として回避や停止を図る,落下物を発見した場合、急な操作は転倒を招く危険があるため、周囲の安全を確認しながら速度を落として回避や停止を図ることが望ましい。,fix,"category_mismatch,ambiguous",「高速で走行中」は小型限定が走れない高速道路を連想,問題文を「速度を出して一般道路を走行中、前方に落下物を発見した場合」に修正,交通の方法に関する教則 第5章,,,
kg056,kogata_gentsuki_nirin,operation,3,停車時に両足を地面につけて安定させる基本姿勢として正しいのはどれか。,0:サイドスタンドを立てたまま乗車を続ける / 1:できるだけ足を地面から離しておく / 2:片足だけで支え反対の足はステップに置く / 3:両足のつま先立ちで支える,3:両足のつま先立ちで支える,停車時はつま先立ちなどで両足を地面につけ、車体を安定させることが基本姿勢とされる。,fix,"factual,ambiguous,weak_explanation",停車時は右足ブレーキ保持で片足接地が一般的。両足は不正確,問題文を「停止するときの足の使い方」とし、正解を「ブレーキをかけたまま、片足(左足)で接地して車体を支える」等に修正,交通の方法に関する教則 第2章,要,,
kg063,kogata_gentsuki_nirin,operation,2,段差を乗り越える際の運転操作として正しいのはどれか。,0:できるだけ速い速度で一気に通過する / 1:段差の手前で車体を大きく傾ける / 2:速度を落とし、体重を後方に少し残してアクセルを一定に保ちながら通過する / 3:ブレーキをかけながら段差の上で急停止する,2:速度を落とし、体重を後方に少し残してアクセルを一定に保ちながら通過する,段差を乗り越えるときは速度を落とし、前輪が跳ねないよう体重をやや後方に残しながら、アクセルを一定に保って通過することが望ましい。,fix,factual,段差越えの教則どおりの説明か不明(体重を後方に残す),正解を「速度を落とし、段差に直角に近い角度で進入し、ステップ上で膝を柔らかく使う」等、教則表現に合わせる,交通の方法に関する教則 第2章,要,,
kg065,kogata_gentsuki_nirin,operation,2,狭い道でのすれ違いにおける二輪車の操作として正しいのはどれか。,0:あらかじめ速度を落とし、道路の左側に寄って安全な間隔を確保する / 1:speedを上げて一気にすれ違う / 2:中央付近を維持したまま通過する / 3:対向車が止まるまで動かない,0:あらかじめ速度を落とし、道路の左側に寄って安全な間隔を確保する,狭い道でのすれ違いでは、あらかじめ速度を落とし道路の左側に寄って、対向車との間隔を確保しながら安全に通過することが基本である。,fix,obvious_other,選択肢に英語「speed」が混入,選択肢「speedを上げて一気にすれ違う」を「速度を上げて一気にすれ違う」に修正,交通の方法に関する教則 第2章,,,
kg067,kogata_gentsuki_nirin,operation,2,二輪車を押して歩く場合の交通ルール上の扱いとして正しいのはどれか。,0:押して歩いていても常に車両として扱われる / 1:エンジンをかけたまま押すのが正しい / 2:エンジンを止めて押して歩く場合、歩行者として扱われることがある / 3:押して歩く行為自体が禁止されている,2:エンジンを止めて押して歩く場合、歩行者として扱われることがある,エンジンを止め、かつ足で歩く速度で押して歩いている二輪車の運転者は、一定の条件のもとで歩行者に準じて扱われることがある。,fix,ambiguous,「歩行者として扱われることがある」が曖昧,正解を「エンジンを止めて押して歩く場合は歩行者として扱われる」に修正,交通の方法に関する教則 第2章,要,,
kg070,kogata_gentsuki_nirin,operation,1,急なカーブの途中で速度が出過ぎていると感じたときの操作として正しいのはどれか。,0:アクセルを全開にして一気に抜ける / 1:車体を起こしぎみにしながら軽くブレーキをかけ、体勢を立て直してから旋回を続ける / 2:ハンドルを大きく切って強引に曲がる / 3:急ブレーキを強くかけて停止する,1:車体を起こしぎみにしながら軽くブレーキをかけ、体勢を立て直してから旋回を続ける,カーブの途中で速度超過に気づいた場合、無理に旋回を続けず、車体をやや起こして軽くブレーキで減速し体勢を立て直すことが望ましい。急な操作は転倒の危険を高める。,fix,factual,カーブ途中のブレーキ操作は教則どおりか不明。kg055と矛盾しうる,正解を「アクセルを戻して減速し、車体を傾けすぎない」等、教則の記載に合わせる,交通の方法に関する教則 第2章,要,,
kg077,kogata_gentsuki_nirin,parking,2,バス停留所の標示板から10メートル以内での駐停車について正しいのはどれか。,0:原則として駐停車が禁止されている / 1:バスが来ていなければ駐停車できる / 2:夜間のみ駐停車が認められる / 3:自動二輪車であれば駐停車できる,0:原則として駐停車が禁止されている,バスの停留所の標示板から前後10メートル以内は、運行の妨げになるため原則として駐停車が禁止されている。,fix,ambiguous,運行時間中に限る条件の欠落,問題文を「バスの運行時間中、停留所の標示板から10m以内」とする,道路交通法 第44条・第45条 / 教則 第3章,要,,
kg081,kogata_gentsuki_nirin,parking,2,自動二輪車のミラー(後写鏡)を確認する目的として正しいのはどれか。,0:後方や側方の交通状況を把握するため / 1:前方の信号を確認するため / 2:タイヤの空気圧を確認するため / 3:エンジンの状態を確認するため,0:後方や側方の交通状況を把握するため,後写鏡(ミラー)は、後方や側方から接近する車両・歩行者などの交通状況を把握するために使用する。,fix,"topic_mismatch,obvious_other,weak_explanation",ミラーの目的は自明。topicTagはoperation,「二輪車は後写鏡に映らない死角があるため、発進・進路変更時にどうするか」(目視確認)を問う形に変更しtopicをoperationに,道路交通法 第44条・第45条 / 教則 第3章,,,
kg082,kogata_gentsuki_nirin,parking,1,駐車場所として不適切な場所はどれか。,0:コインパーキングの指定区画 / 1:道路工事区域の端から5メートル以内 / 2:自分の家の車庫 / 3:駐車場に指定された空き地,1:道路工事区域の端から5メートル以内,道路工事区域の端から5メートル以内は、作業の安全確保のため駐停車が禁止されている。,fix,factual,工事区域端5m以内は駐車禁止で駐停車禁止ではない,解説を「道路工事区域の端から5m以内は駐車禁止」に修正,道路交通法 第44条・第45条 / 教則 第3章,要,,
kg083,kogata_gentsuki_nirin,parking,2,荷台やリアシートに荷物を積載する際の基本ルールとして正しいのはどれか。,0:リアシートの荷物は積載制限の対象外である / 1:荷物は車幅より大きくはみ出してもよい / 2:荷崩れしないよう確実に固定し、車幅や視界を妨げないようにする / 3:荷物は固定しなくても運転に影響しない,2:荷崩れしないよう確実に固定し、車幅や視界を妨げないようにする,積載する荷物は、走行中に荷崩れしないよう確実に固定し、運転者の視界や車体の幅を大きく超えないようにする必要がある。,fix,topic_mismatch,積載方法はoperation/rulesが適切,topicTagをoperationに変更,道路交通法 第44条・第45条 / 教則 第3章,,,
kg088,kogata_gentsuki_nirin,license_system,1,原付免許(原動機付自転車免許)から小型限定普通二輪免許にステップアップする場合について正しいのはどれか。,0:原付免許があれば125cc以下の二輪車も運転できる / 1:原付免許では二人乗りだけが禁止されるが125ccの運転はできる / 2:原付免許を取得すれば自動的に小型限定普通二輪免許に切り替わる / 3:原付免許では小型限定普通二輪車は運転できず、別途小型限定普通二輪免許を取得する必要がある,3:原付免許では小型限定普通二輪車は運転できず、別途小型限定普通二輪免許を取得する必要がある,原付免許で運転できるのは50cc以下の原動機付自転車のみであり、125cc以下の自動二輪車を運転するには小型限定普通二輪免許を別途取得する必要がある。,fix,outdated,「原付免許は50cc以下のみ」は2025-04新基準原付で古い,解説に「ただし最高出力4.0kW以下に制御した125cc以下の新基準原付は原付免許で運転可」を追加,道路交通法 第84条・施行規則 / 運転免許関係,要,,
kg090,kogata_gentsuki_nirin,license_system,1,小型限定普通二輪免許の適性検査(視力等)について正しいのはどれか。,0:片眼が見えなくても取得できる / 1:両眼で0.7以上、片眼それぞれ0.3以上などの基準を満たす必要がある / 2:色彩識別能力は問われない / 3:視力検査は不要である,1:両眼で0.7以上、片眼それぞれ0.3以上などの基準を満たす必要がある,普通二輪免許を含む多くの免許では、両眼で0.7以上、かつ片眼でそれぞれ0.3以上の視力があることなどの適性基準を満たす必要がある。,fix,"factual,ambiguous",片眼不可の例外あり。基準の記述に要確認,視力基準(両眼0.7以上・片眼0.3以上等)を最新の施行規則で確認。例外の記述を追加,道路交通法 第84条・施行規則 / 運転免許関係,要,,
kg102,kogata_gentsuki_nirin,license_system,1,普通自動車免許だけを持っている人が、総排気量110ccのスクーターを運転することについて正しいのはどれか。,0:スクーター(AT車)であれば運転できる / 1:運転できず、小型限定普通二輪免許以上の二輪免許が必要である / 2:普通自動車免許があれば125cc以下の二輪車は運転できる / 3:二人乗りをしなければ運転できる,1:運転できず、小型限定普通二輪免許以上の二輪免許が必要である,普通自動車免許で運転できる二輪車は原動機付自転車までである。総排気量50ccを超える二輪車を運転するには二輪免許が必要になる。,fix,"outdated,ambiguous",110ccでも新基準原付なら原付免許で運転可,問題文を「最高出力を制御していない総排気量110cc」に修正,道路交通法 第84条・施行規則 / 運転免許関係,要,,
kg104,kogata_gentsuki_nirin,license_system,2,AT小型限定普通二輪免許を受けている人が、総排気量100ccのマニュアル(MT)車を運転することについて正しいのはどれか。,0:教習所の構内であれば公道でも運転できる / 1:125cc以下であればMT車も運転できる / 2:同乗者に二輪免許所持者がいれば運転できる / 3:AT車に限る条件があるため運転できない,3:AT車に限る条件があるため運転できない,AT小型限定免許では、総排気量125cc以下かつオートマチック(クラッチ操作不要)の二輪車しか運転できない。MT車を運転すると免許条件違反になる。,fix,category_mismatch,AT小型限定の内容はat_gentei区分,at_gentei区分へ移動するか削除,道路交通法 第84条・施行規則 / 運転免許関係,要,,
kg109,kogata_gentsuki_nirin,license_system,5,免許を取得して初めての更新を受ける人(初回更新者)に交付される免許証の有効期間として正しいのはどれか。,0:3年(3回目の誕生日から1か月を経過する日まで) / 1:10年 / 2:5年(5回目の誕生日から1か月を経過する日まで) / 3:1年(次の誕生日から1か月を経過する日まで),0:3年(3回目の誕生日から1か月を経過する日まで),初回更新者は、違反の有無にかかわらず優良運転者にはならないため、有効期間は3年となる。,fix,factual,初回更新者の有効期間(3年/5年)は要確認,初回更新者の有効期間を最新の公安委員会資料で確認し、解説の根拠を修正,道路交通法 第84条・施行規則 / 運転免許関係,要,,
kg114,kogata_gentsuki_nirin,license_system,3,総排気量110ccの二輪車に取り付けられている市区町村発行のナンバープレートの色として正しいのはどれか。,0:白色 / 1:桃色(ピンク) / 2:黄色 / 3:緑色,1:桃色(ピンク),市区町村が条例で交付するナンバープレートは、多くの自治体で50cc以下が白、50cc超90cc以下が黄、90cc超125cc以下が桃色という目安で色分けされている（自治体により多少異なる場合がある）。,fix,ambiguous,ナンバー色は自治体差あり。新基準原付との関係も,「多くの自治体で」と明示し、桃色が正解であることを条件付きで記述,道路交通法 第84条・施行規則 / 運転免許関係,要,,
kg121,kogata_gentsuki_nirin,signs,3,「原動機付自転車の右折方法(二段階)」の標識がある交差点を、125ccの二輪車で右折する場合として正しいのはどれか。,0:この標識は原付に対するものなので、あらかじめ道路の中央に寄り交差点の中心の内側を徐行して右折する / 1:右折そのものが禁止されている / 2:二段階右折でも小回り右折でも好きな方法を選べる / 3:標識に従い二段階右折をしなければならない,0:この標識は原付に対するものなので、あらかじめ道路の中央に寄り交差点の中心の内側を徐行して右折する,二段階右折の標識は原動機付自転車(一種)を対象としたものである。125ccの二輪車は自動車なので通常の方法(小回り)で右折する。,fix,"outdated,near_dup",新基準原付との関係が未記載。kg005/kg161と重複,問題文に「最高出力4.0kW超の125cc二輪車」を明記,道路標識、区画線及び道路標示に関する命令 / 教則 第1章,要,,
kg155,kogata_gentsuki_nirin,parking,2,「原付専用(50cc以下)」と表示された駐輪場への125ccの二輪車の駐車について正しいのはどれか。,0:エンジンを止めて押して入れば止めてよい / 1:二輪車であれば排気量に関係なく止めてよい / 2:125ccの二輪車は原付ではないため、原付専用と指定された場所には原則として止められない / 3:125cc以下であれば原付専用の駐輪場に止めてよい,2:125ccの二輪車は原付ではないため、原付専用と指定された場所には原則として止められない,総排気量50ccを超える二輪車は原付ではなく自動二輪車である。原付専用とされた場所ではなく、自動二輪車を止められる駐車場を利用する。,fix,"outdated,ambiguous",新基準原付(125cc・4kW以下)は原付扱いになりうる,問題文を「最高出力4.0kW超の125cc二輪車」に限定,道路交通法 第44条・第45条 / 教則 第3章,要,,
kg159,kogata_gentsuki_nirin,rules,1,標識や標示による指定がない一般道路で、総排気量125ccの二輪車が出すことのできる最高速度として正しいのはどれか。,0:80km/h / 1:50km/h / 2:60km/h / 3:30km/h,2:60km/h,総排気量125cc以下でも自動二輪車の一般道路での法定最高速度は60km/hである。30km/hは原付(一種)の法定最高速度である。,fix,"outdated,ambiguous,near_dup",新基準原付は30km/h。kg004と重複,問題文に「原付に当たらない(最高出力4.0kW超)」を追加,交通の方法に関する教則 / 道路交通法,要,,
kg161,kogata_gentsuki_nirin,rules,2,片側3車線の信号機のある交差点を125ccの二輪車で右折する場合の方法として正しいのはどれか。,0:あらかじめ道路の中央(右折車線)に寄り、交差点の中心の内側を徐行して右折する / 1:3車線以上なので二段階右折をしなければならない / 2:横断歩道を押して渡らなければならない / 3:交差点の左端から右折する,0:あらかじめ道路の中央(右折車線)に寄り、交差点の中心の内側を徐行して右折する,車線数による二段階右折の義務は原付(一種)に対するものである。125ccの二輪車は自動車なので通常の方法で右折する。,fix,"outdated,near_dup",新基準原付との区別が未記載。kg005と重複,問題文に「最高出力4.0kW超」を明記,交通の方法に関する教則 / 道路交通法,要,,
kg181,kogata_gentsuki_nirin,rules,4,環状交差点から出るときの合図として正しいのはどれか。,0:出ようとする出口の直前の出口の側方を通過したとき(入った直後の出口で出る場合は入ったとき)に左折の合図をする / 1:出口に着いてから右折の合図をする / 2:環状交差点に入る30m手前で右折の合図をする / 3:環状交差点では合図をする必要はない,0:出ようとする出口の直前の出口の側方を通過したとき(入った直後の出口で出る場合は入ったとき)に左折の合図をする,環状交差点では入るときの合図は不要で、出るときは直前の出口の側方を通過したときに左折の合図を出し、出るまで継続する。,fix,"factual,obvious_longest",入る時の合図不要の解説が左折入場と矛盾の恐れ,解説を「直進・右折で入るときは合図不要。出るときは直前の出口の側方通過時に左折合図」に修正。正解文も短縮,道路交通法施行令 第21条 / 教則 環状交差点,要,,
kg191,kogata_gentsuki_nirin,rules,4,「路線バス等専用」と表示された通行帯について、125ccの二輪車の通行として正しいのはどれか。,0:原付と同じく通行することができる / 1:路線バスが近づいてきたら出ればよいので通行できる / 2:右左折する場合や工事などやむを得ない場合を除き、通行することはできない / 3:125cc以下の二輪車は通行が認められている,2:右左折する場合や工事などやむを得ない場合を除き、通行することはできない,路線バス等の専用通行帯は、原付(一種)・小型特殊・軽車両は通行できるが、125ccの二輪車を含む自動車は右左折などやむを得ない場合を除き通行できない。,fix,"outdated,ambiguous",新基準原付(125cc以下4kW以下)は原付扱いで通行可,問題文を「出力4.0kWを超える125cc以下の二輪車(小型二輪)」に限定し、解説も新基準原付は原付として通行可と注記,道路交通法 第20条の2 / 同施行令,要,,
kg193,kogata_gentsuki_nirin,rules,2,車両通行帯を区切る線が黄色の線で表示されている場合について正しいのはどれか。,0:その線を越えて進路を変更してはならない / 1:黄色の線は注意して進路変更してよいことを示す / 2:交差点の直前であれば線を越えてよい / 3:二輪車は黄色の線を越えて進路変更できる,0:その線を越えて進路を変更してはならない,車両通行帯の境界が黄色の線の場合は、進路変更禁止を意味する。緊急自動車に進路を譲る場合などを除き、越えて進路変更してはならない。,fix,factual,車両通行帯境界線の色(黄)の根拠が不明確,線の色の根拠を出典で確認。確認できなければ白の実線(進路変更禁止)等に直すか削除,道路標示 進路変更禁止 / 道路交通法 第26条の2,要,,
kg235,kogata_gentsuki_nirin,operation,2,AT二輪車(スクーター)のエンジンを始動する方法として正しいのはどれか。,0:アクセルを少し開けた状態で始動する / 1:ブレーキはかけずに、すぐ発進できる状態で始動する / 2:スタンドを立て、ブレーキをかけ、アクセルが戻っていることを確かめてから始動する / 3:またがって片足を地面から浮かせた状態で始動する,2:スタンドを立て、ブレーキをかけ、アクセルが戻っていることを確かめてから始動する,AT車はアクセルを回すだけで発進するため、始動時はブレーキをかけ、アクセルが全閉であることを確かめる。急発進事故を防ぐためである。,fix,"category_mismatch,ambiguous,obvious_longest",AT専用内容。at_gentei区分向き。スタンド記述が曖昧,区分をat_genteiへ移すか共通化。選択肢から「スタンドを立て」を削除し「ブレーキをかけ、アクセルが全閉であることを確かめて始動」に短縮,交通の方法に関する教則 第2章・二輪車の運転,,,
kg236,kogata_gentsuki_nirin,operation,1,AT二輪車で信号待ちなどのため停止しているときの操作として正しいのはどれか。,0:ブレーキを放しておき、アクセルで車体を支える / 1:エンジンの回転を高めにして発進に備える / 2:両足を前方に投げ出して停止する / 3:ブレーキをかけたままにし、不用意にアクセルを回さない,3:ブレーキをかけたままにし、不用意にアクセルを回さない,AT車はアクセル操作だけで急に発進するおそれがあるため、停止中はブレーキをかけ、アクセルに触れないようにする。,fix,category_mismatch,AT専用内容。at_gentei区分向き,区分をat_genteiへ移すか、AT車と明示した共通問題にする,交通の方法に関する教則 第2章・二輪車の運転,,,
kg301,kogata_gentsuki_nirin,signs,1,「転回禁止」の標識が意味するものとして正しいのはどれか。,0:車両のUターン（転回）を禁止する / 1:指定された区間で警音器（クラクション）を鳴らさなければならないことを示す / 2:歩行者・車両を問わず、すべての通行が禁止されていることを示す / 3:自転車が道路を横断するための場所であることを示す,0:車両のUターン（転回）を禁止する,「転回禁止」は規制標識（円形・青地に赤の斜線とUターン矢印）で、車両のUターン（転回）を禁止することを意味する。,fix,"factual,weak_explanation",標識の色・図柄の説明が不正確(白地赤枠),解説を「円形・白地に赤枠、Uターン矢印に斜線」に直す,道路標識、区画線及び道路標示に関する命令,要,,
kg302,kogata_gentsuki_nirin,signs,2,円形で赤地に白のバツ印の「通行止め」の標識について、正しい説明はどれか。,0:自転車を除く軽車両（荷車など）の通行を禁止する / 1:歩行者・車両を問わず、すべての通行が禁止されていることを示す / 2:路面電車の軌道敷内を車両が通行できることを示す / 3:車両の種類ごとに通行すべき車両通行帯を指定する,1:歩行者・車両を問わず、すべての通行が禁止されていることを示す,「通行止め」は規制標識（円形・赤地に白のバツ印）で、歩行者・車両を問わず、すべての通行が禁止されていることを示すことを意味する。,fix,"factual,weak_explanation",図柄説明(赤地に白バツ)が不正確の疑い,問題文から外見描写を削除し「通行止め」の名称のみで問う,道路標識、区画線及び道路標示に関する命令,要,,
kg307,kogata_gentsuki_nirin,signs,1,「停止線」の標識が意味するものとして正しいのはどれか。,0:路面電車の軌道敷内を車両が通行できることを示す / 1:路面が滑りやすい状態にあることが多く、注意すべきことを示す / 2:停止すべき位置を示す / 3:指定された複数の種類の車両の通行を禁止する,2:停止すべき位置を示す,「停止線」は指示標識（長方形・青地に白の絵）で、停止すべき位置を示すことを意味する。,fix,"factual,weak_explanation",停止線標識の分類・外見記述が要確認,分類・外見の記述を削除,道路標識、区画線及び道路標示に関する命令,要,,
kg308,kogata_gentsuki_nirin,signs,2,円形で赤地に白のバツ印と複数車両の絵の「車両（組合せ）通行止め」の標識について、正しい説明はどれか。,0:道路の側端に対して直角に駐車すべきことを示す / 1:歩行者が道路を横断するための場所であることを示す / 2:車両の種類ごとに通行すべき車両通行帯を指定する / 3:指定された複数の種類の車両の通行を禁止する,3:指定された複数の種類の車両の通行を禁止する,「車両（組合せ）通行止め」は規制標識（円形・赤地に白のバツ印と複数車両の絵）で、指定された複数の種類の車両の通行を禁止することを意味する。,fix,"factual,weak_explanation",図柄説明(赤地に白バツ)が不正確,問題文から外見描写を削除し、名称のみで問う,道路標識、区画線及び道路標示に関する命令,要,,
kg312,kogata_gentsuki_nirin,signs,3,「特定の種類の車両の通行区分」の標識の意味として正しいのはどれか。,0:路面電車の停留所などで、歩行者が安全に待機するための場所であることを示す / 1:路線バス等が優先的に通行する車両通行帯であることを示す / 2:追越しのために道路の右側部分にはみ出して通行することを禁止する（右側部分にはみ出さない追越しは可能） / 3:原動機付自転車や自転車など特定の車両が通行すべき車両通行帯を指定する,3:原動機付自転車や自転車など特定の車両が通行すべき車両通行帯を指定する,「特定の種類の車両の通行区分」は指示標識（円形・青地に白の矢印と特定車両の絵）で、原動機付自転車や自転車など特定の車両が通行すべき車両通行帯を指定することを意味する。,fix,"factual,weak_explanation",分類が指示標識でなく規制標識の疑い,解説の「指示標識」を「規制標識」に修正,道路標識、区画線及び道路標示に関する命令,要,,
kg313,kogata_gentsuki_nirin,signs,1,「駐車禁止」の標識が意味するものとして正しいのはどれか。,0:車両の駐車を禁止する（短時間の停車は可能） / 1:前方に踏切があることを予告し、通過時の注意を促す / 2:その道路が交差点において優先道路であることを示す / 3:歩行者の通行を禁止する,0:車両の駐車を禁止する（短時間の停車は可能）,「駐車禁止」は規制標識（円形・青地に赤の斜線とPマーク）で、車両の駐車を禁止する（短時間の停車は可能）ことを意味する。,fix,"factual,weak_explanation",駐車禁止にPマークは無い(斜線1本),解説から「Pマーク」を削除し「青地に赤枠・赤の斜線1本」に,道路標識、区画線及び道路標示に関する命令,要,,
kg314,kogata_gentsuki_nirin,signs,2,円形で赤地に白のバツ印とバスの絵の「大型乗用自動車等通行止め」の標識について、正しい説明はどれか。,0:自転車を除く軽車両（荷車など）の通行を禁止する / 1:大型乗用自動車（バス等）の通行を禁止する / 2:前方の道路が右方向に大きく曲がっていることを予告する / 3:車両のUターン（転回）を禁止する,1:大型乗用自動車（バス等）の通行を禁止する,「大型乗用自動車等通行止め」は規制標識（円形・赤地に白のバツ印とバスの絵）で、大型乗用自動車（バス等）の通行を禁止することを意味する。,fix,"factual,weak_explanation",図柄説明(赤地に白バツ)が不正確,問題文から外見描写を削除し、名称のみで問う,道路標識、区画線及び道路標示に関する命令,要,,
kg315,kogata_gentsuki_nirin,signs,3,「車両通行区分」の標識の意味として正しいのはどれか。,0:その道路が交差点において優先道路であることを示す / 1:停止すべき位置を示す / 2:車両の種類ごとに通行すべき車両通行帯を指定する / 3:その数字を超える速度での走行を禁止する,2:車両の種類ごとに通行すべき車両通行帯を指定する,「車両通行区分」は指示標識（円形・青地に白の矢印と車両の絵）で、車両の種類ごとに通行すべき車両通行帯を指定することを意味する。,fix,"factual,weak_explanation",分類が指示標識でなく規制標識の疑い,解説の「指示標識」を「規制標識」に修正,道路標識、区画線及び道路標示に関する命令,要,,
kg317,kogata_gentsuki_nirin,signs,2,菱形で黄色地に黒のレールと車輪の絵の「踏切あり」の標識について、正しい説明はどれか。,0:前方に踏切があることを予告し、通過時の注意を促す / 1:示された方向以外への進行を禁止し、左折を禁止する / 2:前方にT字路があることを予告し、注意を促す / 3:車両の駐車を禁止する（短時間の停車は可能）,0:前方に踏切があることを予告し、通過時の注意を促す,「踏切あり」は警戒標識（菱形・黄色地に黒のレールと車輪の絵）で、前方に踏切があることを予告し、通過時の注意を促すことを意味する。,fix,"factual,weak_explanation",踏切ありの図柄(レールと車輪)が不正確の疑い,問題文の外見描写を削除し名称のみで問う,道路標識、区画線及び道路標示に関する命令,要,,
kg318,kogata_gentsuki_nirin,signs,3,「自動車専用」の標識の意味として正しいのはどれか。,0:その道路が交差点において優先道路であることを示す / 1:自動車・原動機付自転車以外（歩行者・軽車両等）の通行を禁止する / 2:車両の駐車を禁止する（短時間の停車は可能） / 3:歩行者専用の道路であり、車両の通行を禁止する,1:自動車・原動機付自転車以外（歩行者・軽車両等）の通行を禁止する,「自動車専用」は規制標識（円形・青地に白の自動車の絵）で、自動車・原動機付自転車以外（歩行者・軽車両等）の通行を禁止することを意味する。,fix,"factual,weak_explanation",自動車専用は原付も通行不可。選択肢が誤り,正解を「自動車以外(原付・歩行者・軽車両等)の通行禁止」の趣旨に直す。原付を含む記述は誤り,道路標識令 自動車専用 / 道路交通法 第75条の4,要,,
kg323,kogata_gentsuki_nirin,signs,2,円形で青地に白の絵の「軌道敷内通行可」の標識について、正しい説明はどれか。,0:道路の側端に対して直角に駐車すべきことを示す / 1:車両の種類ごとに通行すべき車両通行帯を指定する / 2:路面電車の軌道敷内を車両が通行できることを示す / 3:車両の駐車を禁止する（短時間の停車は可能）,2:路面電車の軌道敷内を車両が通行できることを示す,「軌道敷内通行可」は指示標識（円形・青地に白の絵）で、路面電車の軌道敷内を車両が通行できることを示すことを意味する。,fix,"factual,weak_explanation",分類が指示標識でなく規制標識の疑い,解説の「指示標識」を「規制標識」に修正,道路標識、区画線及び道路標示に関する命令,要,,
kg325,kogata_gentsuki_nirin,signs,1,「車両横断禁止」の標識が意味するものとして正しいのはどれか。,0:車両が道路を横断（右左折を除く進路変更）することを禁止する / 1:大型乗用自動車（バス等）の通行を禁止する / 2:道路の側端に対して平行に駐車すべきことを示す / 3:車両の駐車と停車の両方を禁止する,0:車両が道路を横断（右左折を除く進路変更）することを禁止する,「車両横断禁止」は規制標識（円形・青地に赤の斜線と矢印）で、車両が道路を横断（右左折を除く進路変更）することを禁止することを意味する。,fix,"factual,weak_explanation",車両横断禁止の色・図柄記述が要確認,外見描写を削除し名称のみで問う,道路標識、区画線及び道路標示に関する命令,要,,
kg326,kogata_gentsuki_nirin,signs,2,円形で青地に白のPマークの「駐車可」の標識について、正しい説明はどれか。,0:路面電車の軌道敷内を車両が通行できることを示す / 1:その場所での駐車が認められていることを示す / 2:車両の駐車を禁止する（短時間の停車は可能） / 3:前方にロータリー（環状交差点）があることを予告する,1:その場所での駐車が認められていることを示す,「駐車可」は規制標識（円形・青地に白のPマーク）で、その場所での駐車が認められていることを示すことを意味する。,fix,"factual,weak_explanation",駐車可の形状(円形)が不正確の疑い,「円形」の記述を削除し、駐車可の名称のみで問う,道路標識、区画線及び道路標示に関する命令,要,,
kg327,kogata_gentsuki_nirin,signs,3,「歩行者通行止め」の標識の意味として正しいのはどれか。,0:停止すべき位置を示す / 1:バスなど特定の車両の専用通行帯であることを示し、それ以外の車両の通行を制限する / 2:歩行者の通行を禁止する / 3:矢印で示された方向（直進）以外への進行を禁止する,2:歩行者の通行を禁止する,「歩行者通行止め」は規制標識（円形・赤地に白のバツ印と歩行者の絵）で、歩行者の通行を禁止することを意味する。,fix,"factual,weak_explanation",図柄説明(赤地に白バツ)が不正確,外見描写を削除し名称のみで問う,道路標識、区画線及び道路標示に関する命令,要,,
kg329,kogata_gentsuki_nirin,signs,2,円形で赤地に白のバツ印とバイクの絵の「二輪の自動車・原動機付自転車通行止め」の標識について、正しい説明はどれか。,0:二輪の自動車と原動機付自転車の通行を禁止する / 1:車両が停止線の直前で一時停止しなければならないことを示す / 2:歩行者が道路を横断するための場所であることを示す / 3:歩行者の通行を禁止する,0:二輪の自動車と原動機付自転車の通行を禁止する,「二輪の自動車・原動機付自転車通行止め」は規制標識（円形・赤地に白のバツ印とバイクの絵）で、二輪の自動車と原動機付自転車の通行を禁止することを意味する。,fix,"factual,weak_explanation",図柄説明(赤地に白バツ)が不正確,問題文から外見描写を削除,道路標識、区画線及び道路標示に関する命令,要,,
kg330,kogata_gentsuki_nirin,signs,3,「警笛区間」の標識の意味として正しいのはどれか。,0:バスなど特定の車両の専用通行帯であることを示し、それ以外の車両の通行を制限する / 1:見通しの悪い区間など、必要に応じて警音器を鳴らすべき区間であることを示す / 2:示された方向以外への進行を禁止し、右折を禁止する / 3:道路の中央の位置を示す線であることを示す,1:見通しの悪い区間など、必要に応じて警音器を鳴らすべき区間であることを示す,「警笛区間」は規制標識（長方形・青地に白字とラッパの絵）で、見通しの悪い区間など、必要に応じて警音器を鳴らすべき区間であることを示すことを意味する。,fix,"factual,near_dup",警笛区間は鳴らす義務の区間。kg338と矛盾,正解を「警音器を鳴らさなければならない区間であることを示す」に直す(kg338参照),道路交通法 第54条第2項,要,,
kg331,kogata_gentsuki_nirin,signs,1,「歩行者専用」の標識が意味するものとして正しいのはどれか。,0:自転車が2台まで並んで通行できることを示す / 1:歩行者・車両を問わず、すべての通行が禁止されていることを示す / 2:歩行者専用の道路であり、車両の通行を禁止する / 3:路面電車の軌道敷内を車両が通行できることを示す,2:歩行者専用の道路であり、車両の通行を禁止する,「歩行者専用」は規制標識（円形・青地に白の歩行者の絵）で、歩行者専用の道路であり、車両の通行を禁止することを意味する。,fix,"factual,weak_explanation",歩行者専用の形状(円形)が不正確の疑い,「円形」の記述を削除,道路標識、区画線及び道路標示に関する命令,要,,
kg332,kogata_gentsuki_nirin,signs,2,円形で赤地に白のバツ印と荷車の絵の「自転車以外の軽車両通行止め」の標識について、正しい説明はどれか。,0:その数字を超える速度での走行を禁止する / 1:歩行者の通行を禁止する / 2:大型乗用自動車（バス等）の通行を禁止する / 3:自転車を除く軽車両（荷車など）の通行を禁止する,3:自転車を除く軽車両（荷車など）の通行を禁止する,「自転車以外の軽車両通行止め」は規制標識（円形・赤地に白のバツ印と荷車の絵）で、自転車を除く軽車両（荷車など）の通行を禁止することを意味する。,fix,"factual,weak_explanation",図柄説明(赤地に白バツ)が不正確,問題文から外見描写を削除,道路標識、区画線及び道路標示に関する命令,要,,
kg333,kogata_gentsuki_nirin,signs,3,「優先道路」の標識の意味として正しいのはどれか。,0:その道路が交差点において優先道路であることを示す / 1:前方にT字路があることを予告し、注意を促す / 2:道路の側端に対して斜めに駐車すべきことを示す / 3:自転車が道路を横断するための場所であることを示す,0:その道路が交差点において優先道路であることを示す,「優先道路」は指示標識（円形の中に長方形・黄色地に白枠）で、その道路が交差点において優先道路であることを示すことを意味する。,fix,"factual,weak_explanation",優先道路は黄色菱形に白枠。説明が誤り,解説を「菱形・白枠に黄色地」に直す,道路標識、区画線及び道路標示に関する命令,要,,
kg338,kogata_gentsuki_nirin,signs,2,三角形で黄色地に黒のラッパの絵の「警笛鳴らせ」の標識について、正しい説明はどれか。,0:道路の側端に対して直角に駐車すべきことを示す / 1:指定された区間で警音器（クラクション）を鳴らさなければならないことを示す / 2:示された方向以外への進行を禁止し、左折を禁止する / 3:道路の側端に対して平行に駐車すべきことを示す,1:指定された区間で警音器（クラクション）を鳴らさなければならないことを示す,「警笛鳴らせ」は規制標識（三角形・黄色地に黒のラッパの絵）で、指定された区間で警音器（クラクション）を鳴らさなければならないことを示すことを意味する。,fix,"factual,weak_explanation,near_dup",警笛鳴らせは三角形でない疑い。kg330と重複,外見描写を削除し名称のみで問う,道路標識、区画線及び道路標示に関する命令,要,,
kg344,kogata_gentsuki_nirin,signs,2,円形で青地に白の絵の「並進可」の標識について、正しい説明はどれか。,0:自転車が道路を横断するための場所であることを示す / 1:指定された区間で警音器（クラクション）を鳴らさなければならないことを示す / 2:原動機付自転車や自転車など特定の車両が通行すべき車両通行帯を指定する / 3:自転車が2台まで並んで通行できることを示す,3:自転車が2台まで並んで通行できることを示す,「並進可」は指示標識（円形・青地に白の絵）で、自転車が2台まで並んで通行できることを示すことを意味する。,fix,"factual,weak_explanation",分類が指示標識でなく規制標識の疑い,解説の「指示標識」を「規制標識」に修正,道路標識、区画線及び道路標示に関する命令,要,,
kg345,kogata_gentsuki_nirin,signs,3,「中央線」の標識の意味として正しいのはどれか。,0:道路の中央の位置を示す線であることを示す / 1:その道路が交差点において優先道路であることを示す / 2:路面電車の停留所などで、歩行者が安全に待機するための場所であることを示す / 3:自動車・原動機付自転車以外（歩行者・軽車両等）の通行を禁止する,0:道路の中央の位置を示す線であることを示す,「中央線」は指示標識（長方形・青地に白の絵）で、道路の中央の位置を示す線であることを示すことを意味する。,fix,"factual,weak_explanation",中央線標識の分類・外見記述が要確認,分類・外見の記述を削除,道路標識、区画線及び道路標示に関する命令,要,,
kg350,kogata_gentsuki_nirin,signs,2,円形で青地に赤の斜線と追越しの絵の「追越し禁止」の標識について、正しい説明はどれか。,0:前方の道路に落石のおそれがあることを予告する / 1:他の車両を追い越すために進路変更することを禁止する / 2:車両が矢印で示された方向にのみ進行できることを示す / 3:自転車が道路を横断するための場所であることを示す,1:他の車両を追い越すために進路変更することを禁止する,「追越し禁止」は規制標識（円形・青地に赤の斜線と追越しの絵）で、他の車両を追い越すために進路変更することを禁止することを意味する。,fix,"factual,weak_explanation",追越し禁止は白地赤枠。青地は誤り,問題文・解説の「青地に赤の斜線」を「白地に赤枠」に直す,道路標識、区画線及び道路標示に関する命令,要,,
o001,ogata_nirin,hazard_prediction,2,大型二輪での高出力について最も重要なのはどれか。,0:高出力による急加速に注意が必須 / 1:小型バイクと同じ / 2:加速が穏やかで安全 / 3:出力は関係ない,0:高出力による急加速に注意が必須,大型二輪は高出力であり、急加速による危険性が高いため、適切なコントロールが必須。,fix,"obvious_other,weak_explanation,near_dup,obvious_longest,topic_mismatch","誤答が不自然で消去法で当たる。解説も一般的 重複:o004,o054,o055,o059,o166,",誤答を現実的で紛らわしい内容に差し替え、解説に根拠を追記,交通の方法に関する教則 第3章（二輪車の運転）,,,
o002,ogata_nirin,parking,1,大型二輪の最大積載量は。,0:20kg / 1:60kg / 2:50kg / 3:30kg,1:60kg,大型二輪の最大積載量は60kgと定められている。,fix,"topic_mismatch,near_dup","tag=rules。o045,o057と同事実",topicTagをrulesへ。o045/o057と統合し1問に,道路交通法施行令 第22条,要,,
o003,ogata_nirin,parking,2,大型二輪での二人乗りについて正しいのはどれか。,0:20歳以上で3年以上の経験が必須 / 1:二人乗りは禁止 / 2:1年間の実乗経験後に可能 / 3:免許取得直後から可能,3:免許取得直後から可能,大型自動二輪車の二人乗りは、一般道路であれば免許取得直後から年齢・経験年数の条件なく可能。20歳以上・免許取得後通算3年以上という条件が課されるのは高速道路（自動車専用道路）を走行する場合のみ。,fix,"factual,outdated,topic_mismatch,near_dup","解説の高速二人乗り条件は廃止済。tag=rules。重複o056,o179",解説を修正: 大型自動二輪車の二人乗りは一般道・高速道とも免許取得直後から可能。高速道路での20歳以上・3年以上の条件は2005年に廃止済み。3問は1問に統合し、topicTagをrulesに。,道路交通法 第57条,要,,
o004,ogata_nirin,operation,2,大型二輪での急加速に伴うリスクについて正しいのはどれか。,0:燃料消費が減少する / 1:リスクはない / 2:安定性が増す / 3:ホイールスピンやウイリーの可能性,3:ホイールスピンやウイリーの可能性,大型二輪の急加速は、ホイールスピンやウイリー、リアタイヤのグリップ喪失につながる。,fix,"obvious_other,weak_explanation,near_dup,obvious_longest","誤答が不自然で消去法で当たる。解説も一般的 重複:o001,o054,o055,o059,o166,",誤答を現実的で紛らわしい内容に差し替え、解説に根拠を追記,交通の方法に関する教則 第3章（二輪車の運転）,,,
o006,ogata_nirin,hazard_prediction,2,大型二輪での高速走行時に最も注意すべきはどれか。,0:燃料を消費する / 1:風の影響を受けやすくなる / 2:ブレーキが効きやすくなる / 3:加速が低下する,1:風の影響を受けやすくなる,高速走行時は横風の影響が大きくなり、特に橋上での注意が必須。,fix,"obvious_other,weak_explanation,near_dup","誤答が不自然で消去法で当たる。解説も一般的 重複:o050,o184",誤答を現実的で紛らわしい内容に差し替え、解説に根拠を追記,交通の方法に関する教則 第3章（二輪車の運転）,,,
o007,ogata_nirin,operation,2,大型二輪でのブレーキング時の注意点で正しいのはどれか。,0:ブレーキは強く握る / 1:後ろブレーキだけ使用 / 2:前後ブレーキをバランスよく使用し、ABS機能を活用 / 3:前ブレーキだけ使用,2:前後ブレーキをバランスよく使用し、ABS機能を活用,大型二輪のブレーキは前後をバランスよく使用し、ABS機能を活用することが重要。,fix,"obvious_other,weak_explanation,near_dup,obvious_longest",誤答が不自然で消去法で当たる。解説も一般的 重複:o173,誤答を現実的で紛らわしい内容に差し替え、解説に根拠を追記,交通の方法に関する教則 第3章（二輪車の運転）,,,
o008,ogata_nirin,operation,2,大型二輪でのカーブ走行について最適なのはどれか。,0:高速でのリーンは安全 / 1:カーブ中の加速は許可 / 2:カーブ内での急ブレーキはOK / 3:カーブ前に十分に減速し、大きな軌跡で走行,3:カーブ前に十分に減速し、大きな軌跡で走行,大型二輪のカーブ走行は、カーブ前の十分な減速と大きな軌跡が安全。,fix,"obvious_other,weak_explanation,near_dup,obvious_longest","誤答が不自然で消去法で当たる。解説も一般的 重複:o060,o172,o201",誤答を現実的で紛らわしい内容に差し替え、解説に根拠を追記,交通の方法に関する教則 第3章（二輪車の運転）,,,
o009,ogata_nirin,rules,1,大型二輪でのヘルメット着用について正しいのはどれか。,0:運転者と乗客の両方 / 1:乗客のみ / 2:着用は任意 / 3:運転者のみ,0:運転者と乗客の両方,大型二輪でも、運転者と乗客の両方にヘルメット着用義務がある。,fix,"weak_explanation,obvious_longest",事実は正しい。乗客は同乗者表記へ,「乗客」を「同乗者」に統一,道路交通法 第71条の4,,,
o010,ogata_nirin,hazard_prediction,2,大型二輪での長距離走行時の注意点で正しいのはどれか。,0:休息は無駄 / 1:眠気と疲労管理、定期的な休息が必須 / 2:走行速度を上げる / 3:疲労管理不要,1:眠気と疲労管理、定期的な休息が必須,大型二輪での長距離走行は眠気と疲労による事故リスクが高いため、定期的な休息が必須。,fix,"obvious_other,weak_explanation,near_dup,obvious_longest",誤答が不自然で消去法で当たる。解説も一般的 重複:o190,誤答を現実的で紛らわしい内容に差し替え、解説に根拠を追記,交通の方法に関する教則 第3章（二輪車の運転）,,,
o011,ogata_nirin,rules,1,大型二輪での飲酒運転について正しいのはどれか。,0:少量なら許可 / 1:判断は個人に任せられる / 2:完全禁止 / 3:近距離なら許可,2:完全禁止,飲酒運転は大型二輪でも道路交通法により完全に禁止されている。,fix,"obvious_other,weak_explanation,near_dup",誤答が不自然で消去法で当たる。解説も一般的 重複:o192,誤答を現実的で紛らわしい内容に差し替え、解説に根拠を追記,交通の方法に関する教則 第3章（二輪車の運転）,,,
o012,ogata_nirin,parking,2,大型二輪での二人乗り時の乗客の責任について正しいのはどれか。,0:運転に集中しない / 1:どのように乗ってもよい / 2:荷物を持つなら無制限 / 3:運転者の動きに合わせ、急激な重心移動をしない,3:運転者の動きに合わせ、急激な重心移動をしない,乗客は運転者の動きに合わせ、急激な重心移動をしないことが安全運転に不可欠。,fix,"obvious_other,weak_explanation,near_dup,obvious_longest,topic_mismatch","誤答が不自然で消去法で当たる。解説も一般的 重複:o168,o176 tag=operation",誤答を現実的で紛らわしい内容に差し替え、解説に根拠を追記,交通の方法に関する教則 第3章（二輪車の運転）,,,
o013,ogata_nirin,maintenance,2,大型二輪での点検項目として最も重要なのはどれか。,0:タイヤの溝と空気圧、ブレーキシステム / 1:外観の色 / 2:ミラーの色 / 3:座席の形,0:タイヤの溝と空気圧、ブレーキシステム,タイヤの溝と空気圧、ブレーキシステムは大型二輪の安全性に直結する最重要項目。,fix,"obvious_other,weak_explanation,near_dup,obvious_longest","誤答が不自然で消去法で当たる。解説も一般的 重複:o041,o053",誤答を現実的で紛らわしい内容に差し替え、解説に根拠を追記,交通の方法に関する教則 第3章（二輪車の運転）,,,
o014,ogata_nirin,hazard_prediction,2,大型二輪での雨の日の走行で最も危険なのはどれか。,0:通常速度での走行 / 1:白線やマンホール上での走行 / 2:ハイビーム点灯 / 3:ゆっくり走行,1:白線やマンホール上での走行,雨の日は白線やマンホール上が極めて滑りやすく、大型二輪でも特に注意が必要。,fix,"obvious_other,weak_explanation,near_dup,obvious_longest",誤答が不自然で消去法で当たる。解説も一般的 重複:o185,誤答を現実的で紛らわしい内容に差し替え、解説に根拠を追記,交通の方法に関する教則 第3章（二輪車の運転）,,,
o015,ogata_nirin,hazard_prediction,1,大型二輪での保険加入について正しいのはどれか。,0:任意保険のみで十分 / 1:保険不要 / 2:自賠責保険加入が必須 / 3:登録時に自動付与,2:自賠責保険加入が必須,大型二輪でも自賠責保険への加入が法で義務づけられている。,fix,"topic_mismatch,obvious_other",tag=rules。誤答「自動付与」が不自然,topicTagをrulesへ。誤答を「任意保険があれば自賠責は不要」等に,自動車損害賠償保障法 第5条,,,
o016,ogata_nirin,hazard_prediction,2,大型二輪での夜間走行で最重要な対策はどれか。,0:ライトなし / 1:ロービームで十分 / 2:明るいウェアのみ / 3:ハイビーム点灯と反射材装備,3:ハイビーム点灯と反射材装備,夜間走行ではハイビーム点灯と反射材装備で視認性が大幅に向上。,fix,"obvious_other,weak_explanation,near_dup,obvious_longest",誤答が不自然で消去法で当たる。解説も一般的 重複:o177,誤答を現実的で紛らわしい内容に差し替え、解説に根拠を追記,交通の方法に関する教則 第3章（二輪車の運転）,,,
o017,ogata_nirin,rules,2,大型二輪での交差点での右折について最も安全なのはどれか。,0:十分に減速し、交差点中央を大きく迂回 / 1:右折表示のみで走行 / 2:速度を保ったまま右折 / 3:他の車を無視して進む,0:十分に減速し、交差点中央を大きく迂回,大型二輪の右折は、十分な減速と大きな迂回路が安全運転のコツ。,fix,"factual,obvious_longest",右折は中心の直近の内側を徐行。大迂回は不正確,正解を「あらかじめ道路中央に寄り、交差点の中心の直近の内側を徐行して曲がる」に変更,道路交通法 第34条,要,,
o018,ogata_nirin,rules,2,大型二輪での左折について最も安全なのはどれか。,0:停止線を越えて左折 / 1:十分に減速し、大きな回転半径で曲がる / 2:左折表示のみで十分 / 3:左に傾きながら高速で曲がる,1:十分に減速し、大きな回転半径で曲がる,大型二輪の左折は、十分な減速と大きな回転半径を取ることが安全。,fix,"factual,obvious_longest",左折は左端に寄り小回り。大回りは誤り,正解を「あらかじめ道路の左端に寄り、徐行して小回りで曲がる」に変更,道路交通法 第34条第1項,要,,
o020,ogata_nirin,operation,2,大型二輪での急ハンドルの危険性について正しいのはどれか。,0:安定性が増す / 1:速度が上がる / 2:特に危険ではない / 3:転倒やスリップを引き起こす,3:転倒やスリップを引き起こす,大型二輪での急ハンドルは、高速力でのタイヤグリップ低下により転倒やスリップを引き起こす。,fix,"obvious_other,weak_explanation,near_dup,obvious_longest",誤答が不自然で消去法で当たる。解説も一般的 重複:o040,誤答を現実的で紛らわしい内容に差し替え、解説に根拠を追記,交通の方法に関する教則 第3章（二輪車の運転）,,,
o021,ogata_nirin,hazard_prediction,1,大型二輪での視認性向上のための対策で最も重要なのはどれか。,0:目立つウェアの着用とライト点灯 / 1:クラクション頻繁 / 2:エンジン音を大きくする / 3:走行速度を上げる,0:目立つウェアの着用とライト点灯,大型二輪の視認性向上には、目立つウェアの着用と常時ライト点灯が最も効果的。,fix,"obvious_other,weak_explanation,near_dup,obvious_longest",誤答が不自然で消去法で当たる。解説も一般的 重複:o199,誤答を現実的で紛らわしい内容に差し替え、解説に根拠を追記,交通の方法に関する教則 第3章（二輪車の運転）,,,
o022,ogata_nirin,rules,2,大型二輪での高速道路走行について正しいのはどれか。,0:時間帯制限あり / 1:走行可能 / 2:走行中にヘルメット脱着可 / 3:走行禁止,1:走行可能,大型二輪は高速道路走行が許可されており、適切な安全運転が必須。,fix,obvious_other,高速走行可は正。誤答が弱い,誤答を「時速80km以下のみ」等に,道路交通法 第75条の4,,,
o023,ogata_nirin,rules,1,大型二輪での赤信号について正しいのはどれか。,0:徐行して進められる / 1:右折なら進める / 2:完全に停止する必要がある / 3:停止線を越えられる,2:完全に停止する必要がある,赤信号では大型二輪も完全に停止する必要がある。,fix,"obvious_other,weak_explanation",誤答が不自然で消去法で当たる。解説も一般的,誤答を現実的で紛らわしい内容に差し替え、解説に根拠を追記,交通の方法に関する教則 第3章（二輪車の運転）,,,
o025,ogata_nirin,parking,1,大型二輪でのサイドスタンドについて正しいのはどれか。,0:駐車時に左側に立てる / 1:スタンドなしで駐車 / 2:走行中も下したまま走行可 / 3:センタースタンドのみ使用,0:駐車時に左側に立てる,大型二輪のサイドスタンドは左側に立て、エンジンは切った状態で駐車。,fix,"weak_explanation,obvious_other",左側スタンドは正。誤答が弱い,誤答に「右側に立てる」等の紛らわしい選択肢,交通の方法に関する教則 第3章（二輪車の運転）,,,
o026,ogata_nirin,maintenance,2,大型二輪での定期点検について正しいのはどれか。,0:点検義務なし / 1:1年に1回の定期点検が必須 / 2:3年に1回で十分 / 3:走行距離で判断,1:1年に1回の定期点検が必須,大型二輪でも1年に1回の定期点検が法で義務づけられている。,fix,"ambiguous,factual,obvious_longest",大型の車検(2年)と定期点検の区別が曖昧,「車検は何年ごと」等に変更、または点検周期を明記,道路運送車両法 第48条・第61条,要,,
o027,ogata_nirin,rules,2,大型二輪での車線変更について正しいのはどれか。,0:自由に変更できる / 1:変更前に加速 / 2:目視確認とウインカー併用が必須 / 3:ウインカーで十分,2:目視確認とウインカー併用が必須,車線変更は、必ず目視確認をしながらウインカーで合図することが必須。,fix,"obvious_other,weak_explanation,obvious_longest",誤答が不自然で消去法で当たる。解説も一般的,誤答を現実的で紛らわしい内容に差し替え、解説に根拠を追記,交通の方法に関する教則 第3章（二輪車の運転）,,,
o028,ogata_nirin,hazard_prediction,2,大型二輪での霧の中での走行で最適なのはどれか。,0:速度変更不要 / 1:ハイビームで走行 / 2:霧の中は避けるべき / 3:低速走行と霧灯で視認性確保,3:低速走行と霧灯で視認性確保,霧の中は低速走行とライト、霧灯で視認性を確保することが安全。,fix,"obvious_longest,factual",霧でのハイビームは不適。霧灯は二輪に一般的でない,正解を「速度を落としロービームを点灯し車間を広げる」等に,交通の方法に関する教則 第3章（二輪車の運転）,要,,
o029,ogata_nirin,operation,1,大型二輪でのバックミラーについて正しいのはどれか。,0:バックミラーと肩越し目視併用が必須 / 1:バックミラーのみで充分 / 2:目視確認不要 / 3:バックミラーは装備不要,0:バックミラーと肩越し目視併用が必須,バックミラーだけでは死角があるため、肩越しの目視確認も必須。,fix,"obvious_other,weak_explanation,near_dup,obvious_longest",誤答が不自然で消去法で当たる。解説も一般的 重複:o195,誤答を現実的で紛らわしい内容に差し替え、解説に根拠を追記,交通の方法に関する教則 第3章（二輪車の運転）,,,
o030,ogata_nirin,operation,2,大型二輪での雪道走行について最も危険なのはどれか。,0:通常速度での走行 / 1:急ハンドルと急ブレーキ / 2:ヘッドライト点灯 / 3:ゆっくり走行,1:急ハンドルと急ブレーキ,雪道での急ハンドルと急ブレーキは極めて危険であり、スリップ転倒の原因。,fix,"obvious_other,weak_explanation,obvious_longest",誤答が不自然で消去法で当たる。解説も一般的,誤答を現実的で紛らわしい内容に差し替え、解説に根拠を追記,交通の方法に関する教則 第3章（二輪車の運転）,,,
o031,ogata_nirin,signs,1,大型二輪での一時停止標識について正しいのはどれか。,0:夜間は停止不要 / 1:徐行して進んでもよい / 2:完全に停止する必要がある / 3:停止する必要なし,2:完全に停止する必要がある,一時停止標識がある場所では完全に停止し、周囲確認後に進むこと。,fix,weak_explanation,一時停止は停止線の直前で、と明記すべき,正解文を「停止線の直前で一時停止し安全確認」に,道路交通法 第43条,,,
o032,ogata_nirin,rules,2,大型二輪での信号待ち中の安全な位置はどれか。,0:交差点中央 / 1:対向車の間 / 2:停止線直前 / 3:停止線より手前で逃げ場がある位置,3:停止線より手前で逃げ場がある位置,信号待ち時は、万が一他の車両が突入した場合に逃げられる位置が安全。,fix,"ambiguous,obvious_longest",停止線手前と停止線直前が競合,正解の根拠を教則に合わせ、選択肢を整理,交通の方法に関する教則 第3章（二輪車の運転）,要,,
o033,ogata_nirin,hazard_prediction,2,大型二輪での緊急時の対処について最適なのはどれか。,0:周囲判断と段階的な減速 / 1:急ブレーキをかける / 2:エンジンをすぐに切る / 3:ハンドルを一気に切る,0:周囲判断と段階的な減速,緊急時でも周囲判断と段階的な減速で、大型二輪の安定性を保つことが重要。,fix,ambiguous,緊急時の対処が曖昧(急ブレーキが適切な場面あり),状況を具体化して問う,交通の方法に関する教則 第3章（二輪車の運転）,要,,
o034,ogata_nirin,hazard_prediction,2,大型二輪でのガード下での走行について正しいのはどれか。,0:速度を上げて通過 / 1:低速で落下物に注意 / 2:特に注意不要 / 3:ライトを消す,1:低速で落下物に注意,ガード下は落下物リスクと視認性低下があるため、低速での慎重走行が必須。,fix,ambiguous,「ガード下」は用語が曖昧,「高架下・トンネル」等に言い換え,交通の方法に関する教則 第3章（二輪車の運転）,,,
o035,ogata_nirin,operation,1,大型二輪での乗り降りについて正しいのはどれか。,0:走行中も乗り降り可 / 1:右側から乗り降り / 2:停止時に左側から乗り降り / 3:乗り降りの制限なし,2:停止時に左側から乗り降り,大型二輪の乗り降りは停止時に限り、左側（車線側）から行うことが安全。,fix,"obvious_other,weak_explanation,topic_mismatch",誤答が不自然で消去法で当たる。解説も一般的 tag=operation,誤答を現実的で紛らわしい内容に差し替え、解説に根拠を追記,交通の方法に関する教則 第3章（二輪車の運転）,,,
o036,ogata_nirin,operation,2,大型二輪での下り坂での走行について最も安全なのはどれか。,0:フットブレーキで素早く減速 / 1:ニュートラルでフリー走行 / 2:クラッチを切る / 3:エンジンブレーキを活用,3:エンジンブレーキを活用,下り坂ではエンジンブレーキを活用することで、ブレーキの過熱を防げる。,fix,"obvious_other,weak_explanation,near_dup",誤答が不自然で消去法で当たる。解説も一般的 重複:o204,誤答を現実的で紛らわしい内容に差し替え、解説に根拠を追記,交通の方法に関する教則 第3章（二輪車の運転）,,,
o037,ogata_nirin,operation,1,大型二輪での手放し運転について正しいのはどれか。,0:道路交通法により禁止 / 1:片手なら許可 / 2:停止線前なら許可 / 3:短時間なら許可,0:道路交通法により禁止,大型二輪の手放し運転は道路交通法により禁止されており、安全な操作が必須。,fix,"obvious_other,weak_explanation",誤答が不自然で消去法で当たる。解説も一般的,誤答を現実的で紛らわしい内容に差し替え、解説に根拠を追記,交通の方法に関する教則 第3章（二輪車の運転）,,,
o038,ogata_nirin,operation,2,大型二輪での安全走行の基本姿勢について最適なのはどれか。,0:ハンドルに力を入れる / 1:背中を張り、視線を先に置く / 2:背中を丸める / 3:身体をリラックス,1:背中を張り、視線を先に置く,安全な走行姿勢は、背中を張り視線を先に置き、ハンドルに過度な力を入れないこと。,fix,"ambiguous,obvious_other,obvious_longest",「リラックス」も正解になりうる,正解を「力を抜き視線を遠くに」に統一し誤答整理,交通の方法に関する教則 第3章（二輪車の運転）,,,
o040,ogata_nirin,operation,2,大型二輪でのスリップ対策について最適なのはどれか。,0:急ハンドル修正 / 1:急ブレーキ / 2:アクセル急加速 / 3:段階的な減速と慎重運転,3:段階的な減速と慎重運転,スリップ予防には段階的な減速と慎重運転が最も効果的。,fix,"obvious_other,weak_explanation,near_dup,obvious_longest",誤答が不自然で消去法で当たる。解説も一般的 重複:o020,誤答を現実的で紛らわしい内容に差し替え、解説に根拠を追記,交通の方法に関する教則 第3章（二輪車の運転）,,,
o041,ogata_nirin,maintenance,1,大型二輪でのメンテナンスについて最も重要なのはどれか。,0:チェーンの油さし、スプロケット磨耗確認 / 1:シートの色 / 2:マフラーの形 / 3:塗装のしっかり,0:チェーンの油さし、スプロケット磨耗確認,チェーンの適切な油さしとスプロケット磨耗確認は安全運転に不可欠。,fix,"obvious_other,weak_explanation,near_dup,obvious_longest","誤答が不自然で消去法で当たる。解説も一般的 重複:o013,o053",誤答を現実的で紛らわしい内容に差し替え、解説に根拠を追記,交通の方法に関する教則 第3章（二輪車の運転）,,,
o042,ogata_nirin,maintenance,2,大型二輪での高速走行時のタイヤ空気圧について正しいのはどれか。,0:低いほど安全 / 1:正規空気圧維持が必須 / 2:高いほど良い / 3:空気圧は走行に影響しない,1:正規空気圧維持が必須,タイヤの正規空気圧を維持することが、高速走行の安全性を確保する。,fix,"obvious_other,weak_explanation",誤答が不自然で消去法で当たる。解説も一般的,誤答を現実的で紛らわしい内容に差し替え、解説に根拠を追記,交通の方法に関する教則 第3章（二輪車の運転）,,,
o043,ogata_nirin,rules,2,大型二輪での携帯電話使用について正しいのはどれか。,0:走行中も使用可能 / 1:ハンズフリーなら許可 / 2:停止中でも禁止 / 3:信号待ちなら許可,2:停止中でも禁止,大型二輪での携帯電話使用は道路交通法により禁止されており、停止中でも使用できない。,fix,"factual,outdated",停止中は使用可。正解「停止中も禁止」は誤り,正解を「走行中は使用禁止(停止中は可)」に変更。2024年11月の罰則強化を解説に,道路交通法 第71条第5号の5,要,,
o045,ogata_nirin,parking,1,大型二輪での積載物規制で正しいのはどれか。,0:最大60kgで、シート高を超えない / 1:積載制限なし / 2:重さに制限なし / 3:シート高を超えればOK,0:最大60kgで、シート高を超えない,大型二輪の積載物は最大60kgで、シート高を超えてはいけない。,fix,"obvious_other,weak_explanation,obvious_longest,topic_mismatch",誤答が不自然で消去法で当たる。解説も一般的 tag=rules,誤答を現実的で紛らわしい内容に差し替え、解説に根拠を追記,交通の方法に関する教則 第3章（二輪車の運転）,要,,
o047,ogata_nirin,operation,2,大型二輪でのギア選択について最適なのはどれか。,0:最低ギアで走行 / 1:ギア選択は不要 / 2:走行速度と状況に応じた適切なギア選択 / 3:常に最高ギア走行,2:走行速度と状況に応じた適切なギア選択,走行速度と状況に応じた適切なギア選択が、安全と燃費効率を実現する。,fix,"obvious_other,weak_explanation,obvious_longest",誤答が不自然で消去法で当たる。解説も一般的,誤答を現実的で紛らわしい内容に差し替え、解説に根拠を追記,交通の方法に関する教則 第3章（二輪車の運転）,,,
o048,ogata_nirin,rules,2,大型二輪での交通渋滞中の走行で最も注意すべきはどれか。,0:割り込み走行 / 1:速度に制限なし / 2:クラクション多用 / 3:追従距離確保と急急な操作回避,3:追従距離確保と急急な操作回避,渋滞中は追従距離を確保し、前車との急な距離変化に対応できる速度維持が安全。,fix,"obvious_other,obvious_longest",「急急」誤字。割込み誤答が自明,誤字修正「急な操作」,交通の方法に関する教則 第3章（二輪車の運転）,,,
o049,ogata_nirin,maintenance,1,大型二輪での走行中のランプ点灯について正しいのはどれか。,0:常時点灯がパッシブセーフティとして効果的 / 1:点灯は不要 / 2:昼間のみ消灯 / 3:消灯が正しい,0:常時点灯がパッシブセーフティとして効果的,大型二輪の常時ライト点灯は視認性を向上させ、事故防止に効果的。,fix,"topic_mismatch,weak_explanation,obvious_longest",tag=operation。パッシブセーフティ記述が不明確,常時点灯は法的義務でなく視認性向上と明記。tag=operation,交通の方法に関する教則 第3章（二輪車の運転）,,,
o050,ogata_nirin,hazard_prediction,2,大型二輪での風の影響を受けやすい場所はどれか。,0:平坦な直線道路 / 1:橋上やトンネル出口 / 2:市街地 / 3:駐車場,1:橋上やトンネル出口,橋上やトンネル出口では横風の影響が大きく、特に高速走行時は注意が必須。,fix,"obvious_other,weak_explanation,near_dup,obvious_longest","誤答が不自然で消去法で当たる。解説も一般的 重複:o006,o184",誤答を現実的で紛らわしい内容に差し替え、解説に根拠を追記,交通の方法に関する教則 第3章（二輪車の運転）,,,
o051,ogata_nirin,operation,2,大型二輪での高速走行中、横風に遭遇した。最適な対処は。,0:速度を上げて風の影響を減らす / 1:ハンドルを固く握り、直線を保つ / 2:柔軟にハンドルを握り、バイクの動きに対応 / 3:ブレーキを踏む,2:柔軟にハンドルを握り、バイクの動きに対応,横風では、ハンドルを柔軟に握り、バイクの自然な動きに対応することが安全。,fix,"ambiguous,obvious_longest",o212と握り方が矛盾。統一要,o212と整合: 速度を落とし姿勢を低くしてハンドルを軽く保持,交通の方法に関する教則 第3章（二輪車の運転）,要,,
o052,ogata_nirin,rules,1,大型二輪での高速走行中、雨に遭遇した。最優先の対処は。,0:ハイビーム点灯 / 1:加速する / 2:ウインドシールドを使う / 3:速度を落とす,3:速度を落とす,雨での高速走行は非常に危険なため、まず速度を落とすことが最優先。,fix,"near_dup,topic_mismatch",o061と同事実。tag=operation,o061と統合,交通の方法に関する教則 第3章（二輪車の運転）,,,
o053,ogata_nirin,maintenance,1,大型二輪での高速走行時のタイヤ点検で最も重要なのは。,0:タイヤの溝の深さと空気圧 / 1:タイヤの色 / 2:タイヤのデザイン / 3:タイヤの材質,0:タイヤの溝の深さと空気圧,高速走行ではタイヤの溝と空気圧が、安全性に直結する最重要項目。,fix,"obvious_other,weak_explanation,near_dup,obvious_longest","誤答が不自然で消去法で当たる。解説も一般的 重複:o013,o041",誤答を現実的で紛らわしい内容に差し替え、解説に根拠を追記,交通の方法に関する教則 第3章（二輪車の運転）,,,
o054,ogata_nirin,hazard_prediction,2,大型二輪での加速時に必要な技術は。,0:急激なアクセル操作 / 1:段階的な加速制御 / 2:最大出力で加速する / 3:アクセルと同時にブレーキ,1:段階的な加速制御,大型二輪の高出力は、段階的な加速制御で安全性を確保する必要がある。,fix,"obvious_other,weak_explanation,near_dup","誤答が不自然で消去法で当たる。解説も一般的 重複:o001,o004,o055,o059,o166,",誤答を現実的で紛らわしい内容に差し替え、解説に根拠を追記,交通の方法に関する教則 第3章（二輪車の運転）,,,
o055,ogata_nirin,operation,1,大型二輪での高出力エンジンの特徴で最も注意が必要なのは。,0:低速での安定 / 1:音が小さい / 2:急加速による横転リスク / 3:燃費が良い,2:急加速による横転リスク,大型二輪の高出力は急加速・ウイリー・ホイールスピンのリスクが高い。,fix,"obvious_other,weak_explanation,near_dup,obvious_longest","誤答が不自然で消去法で当たる。解説も一般的 重複:o001,o004,o054,o059,o166,",誤答を現実的で紛らわしい内容に差し替え、解説に根拠を追記,交通の方法に関する教則 第3章（二輪車の運転）,,,
o056,ogata_nirin,parking,2,大型二輪での二人乗りについて正しいのは。,0:禁止 / 1:3年以上必須 / 2:免許取得直後から可能 / 3:1年以上の実乗経験後に可能,2:免許取得直後から可能,大型自動二輪車の二人乗りは、一般道路であれば免許取得直後から年齢・経験年数の条件なく可能。20歳以上・免許取得後通算3年以上という条件が課されるのは高速道路（自動車専用道路）を走行する場合のみ。,fix,"factual,outdated,topic_mismatch,near_dup","解説の高速二人乗り条件は廃止済。tag=rules。重複o003,o179",解説を修正: 大型自動二輪車の二人乗りは一般道・高速道とも免許取得直後から可能。高速道路での20歳以上・3年以上の条件は2005年に廃止済み。3問は1問に統合し、topicTagをrulesに。,道路交通法 第57条,要,,
o057,ogata_nirin,parking,3,大型二輪での最大積載量は。,0:60kg / 1:100kg / 2:無制限 / 3:30kg,0:60kg,大型二輪の最大積載量は60kg（普通二輪と同じ）。,fix,"obvious_other,weak_explanation,topic_mismatch",誤答が不自然で消去法で当たる。解説も一般的 tag=rules,誤答を現実的で紛らわしい内容に差し替え、解説に根拠を追記,交通の方法に関する教則 第3章（二輪車の運転）,要,,
o059,ogata_nirin,operation,5,大型二輪での過度な加速が危険な理由は。,0:燃費悪化 / 1:走行が遅くなる / 2:ホイールスピン・ウイリーのリスク / 3:音が大きい,2:ホイールスピン・ウイリーのリスク,大型二輪の過度な加速はホイールスピン、ウイリー、リアグリップ喪失を招く。,fix,"obvious_other,weak_explanation,near_dup,obvious_longest","誤答が不自然で消去法で当たる。解説も一般的 重複:o001,o004,o054,o055,o166,",誤答を現実的で紛らわしい内容に差し替え、解説に根拠を追記,交通の方法に関する教則 第3章（二輪車の運転）,,,
o060,ogata_nirin,operation,1,大型二輪でのカーブ走行での注意点は。,0:ブレーキなし / 1:高速での侵入 / 2:カーブ中のアクセル全開 / 3:事前に十分速度低下,3:事前に十分速度低下,カーブは事前の十分な減速が安全の基本。カーブ内での急操作は危険。,fix,"obvious_other,weak_explanation,near_dup","誤答が不自然で消去法で当たる。解説も一般的 重複:o008,o172,o201",誤答を現実的で紛らわしい内容に差し替え、解説に根拠を追記,交通の方法に関する教則 第3章（二輪車の運転）,,,
o061,ogata_nirin,rules,2,大型二輪での雨天時の走行で最優先は。,0:速度を大幅に低下させる / 1:クラクション / 2:スピード維持 / 3:ハイビーム,0:速度を大幅に低下させる,雨天時は視界悪化とグリップ低下が顕著。速度大幅低下が必須。,fix,"near_dup,topic_mismatch,obvious_longest",o052と同事実。tag=operation,o052と統合,交通の方法に関する教則 第3章（二輪車の運転）,,,
o062,ogata_nirin,operation,3,大型二輪での高速走行での安定性確保で重要なのは。,0:両手を離す / 1:緩くハンドルを保ち、バイクに任せる / 2:ハンドルを強く握る / 3:ハンドル操作を頻繁に,1:緩くハンドルを保ち、バイクに任せる,高速走行時はハンドルを緩く保ち、バイクの安定性に任せることが基本。,fix,"obvious_other,weak_explanation,obvious_longest",誤答が不自然で消去法で当たる。解説も一般的,誤答を現実的で紛らわしい内容に差し替え、解説に根拠を追記,交通の方法に関する教則 第3章（二輪車の運転）,,,
o063,ogata_nirin,license_system,4,大型二輪免許の有効期限は。,0:10年 / 1:1年 / 2:3年 / 3:5年,2:3年,大型二輪免許の有効期限は3年。,fix,"ambiguous,factual",有効期間は3年/5年等。優良は5年,条件(優良運転者・一般)を問題文に明記,道路交通法 第92条の2,要,,
o166,ogata_nirin,hazard_prediction,1,大型二輪での高出力エンジンの特性で最も重要な認識は。,0:出力は関係ない / 1:急加速・高速化が容易で、制御が困難 / 2:安定性が高い / 3:出力は低い,1:急加速・高速化が容易で、制御が困難,大型二輪は高出力で急加速が可能な一方、コントロールが困難で危険管理が必須。,fix,"obvious_other,weak_explanation,near_dup,obvious_longest,topic_mismatch","誤答が不自然で消去法で当たる。解説も一般的 重複:o001,o004,o054,o055,o059,",誤答を現実的で紛らわしい内容に差し替え、解説に根拠を追記,交通の方法に関する教則 第3章（二輪車の運転）,,,
o167,ogata_nirin,maintenance,1,大型二輪での排気量の重要性は。,0:排気量は速度に影響なし / 1:排気量小が危険 / 2:排気量大きいほど出力・トルク大で危険度増加 / 3:影響なし,2:排気量大きいほど出力・トルク大で危険度増加,排気量が大きいほど出力が大きく、危険管理のための高度な技術が必須。,fix,"topic_mismatch,weak_explanation,obvious_longest",tag=operation。出題趣旨が曖昧,tag=operation。文言を精緻化,交通の方法に関する教則 第3章（二輪車の運転）,,,
o168,ogata_nirin,parking,2,大型二輪での二人乗り走行での最初の注意点は。,0:運転者のみで対応 / 1:乗客の姿勢は不問 / 2:乗客の体重は無視 / 3:乗客の重心位置と荷重分散を最大限考慮,3:乗客の重心位置と荷重分散を最大限考慮,乗客乗車時は重心位置と荷重分散が走行安定性に大きく影響。慎重な対応が必須。,fix,"obvious_other,weak_explanation,near_dup,obvious_longest,topic_mismatch","誤答が不自然で消去法で当たる。解説も一般的 重複:o012,o176 tag=operation",誤答を現実的で紛らわしい内容に差し替え、解説に根拠を追記,交通の方法に関する教則 第3章（二輪車の運転）,,,
o170,ogata_nirin,operation,2,大型二輪でのウイリーの危険性について。,0:見た目カッコいい / 1:前輪が浮き転倒リスク極大 / 2:影響なし / 3:操作性向上,1:前輪が浮き転倒リスク極大,ウイリーは高出力で容易に発生。転倒リスク極大で違反行為。,fix,"obvious_other,weak_explanation,obvious_longest",ウイリーは危険。誤答が不自然,誤答を現実的に,交通の方法に関する教則 第3章（二輪車の運転）,,,
o171,ogata_nirin,operation,1,大型二輪での直線加速でのホイールスピン対策は。,0:低速走行のみ / 1:加速不要 / 2:段階的なアクセル操作でスリップ防止 / 3:アクセル全開で走行,2:段階的なアクセル操作でスリップ防止,ホイールスピン防止には段階的なアクセル操作が重要。急加速は危険。,fix,"obvious_other,weak_explanation,near_dup,obvious_longest","誤答が不自然で消去法で当たる。解説も一般的 重複:o001,o004,o054,o055,o059,",誤答を現実的で紛らわしい内容に差し替え、解説に根拠を追記,交通の方法に関する教則 第3章（二輪車の運転）,,,
o172,ogata_nirin,operation,2,大型二輪での高速走行中のカーブ対応で正しいのは。,0:スピード維持 / 1:ハイビーム照射で視界確保 / 2:加速しながら曲がる / 3:カーブ手前での十分な減速が必須,3:カーブ手前での十分な減速が必須,高速カーブは横転リスク。事前減速と適切な傾斜が必須。,fix,"obvious_other,weak_explanation,near_dup,obvious_longest","誤答が不自然で消去法で当たる。解説も一般的 重複:o008,o060,o201",誤答を現実的で紛らわしい内容に差し替え、解説に根拠を追記,交通の方法に関する教則 第3章（二輪車の運転）,,,
o173,ogata_nirin,operation,1,大型二輪でのブレーキング時の最重要注意点は。,0:前後ブレーキのバランス操作が必須 / 1:片輪ブレーキで十分 / 2:ブレーキは軽く / 3:ニュートラルで走行,0:前後ブレーキのバランス操作が必須,大型二輪の制動力は大きく、前後ブレーキの適切なバランスが必須。,fix,"obvious_other,weak_explanation,near_dup,obvious_longest",誤答が不自然で消去法で当たる。解説も一般的 重複:o007,誤答を現実的で紛らわしい内容に差し替え、解説に根拠を追記,交通の方法に関する教則 第3章（二輪車の運転）,,,
o174,ogata_nirin,operation,2,大型二輪での雨天走行での制動距離変化は。,0:短くなる / 1:著しく延びる。スリップリスク増加 / 2:影響なし / 3:変わらない,1:著しく延びる。スリップリスク増加,雨天時はグリップ低下で制動距離が大幅延長。速度低下が必須。,fix,"obvious_other,weak_explanation,obvious_longest,topic_mismatch",誤答が不自然で消去法で当たる。解説も一般的 tag=operation,誤答を現実的で紛らわしい内容に差し替え、解説に根拠を追記,交通の方法に関する教則 第3章（二輪車の運転）,,,
o175,ogata_nirin,operation,1,大型二輪での横転防止策で最も重要なのは。,0:カーブ中の加速 / 1:アクセル全開 / 2:適切な速度選択とハンドル操作 / 3:最高速度走行,2:適切な速度選択とハンドル操作,横転防止はカーブへの進入速度と体重移動の適切な制御が最優先。,fix,"obvious_other,weak_explanation,obvious_longest",誤答が不自然で消去法で当たる。解説も一般的,誤答を現実的で紛らわしい内容に差し替え、解説に根拠を追記,交通の方法に関する教則 第3章（二輪車の運転）,,,
o176,ogata_nirin,parking,2,大型二輪での乗客乗車時のコーナリング注意点は。,0:運転者のみ傾斜 / 1:乗客は動かない / 2:乗客の体重は無視 / 3:乗客の体重移動を予測し、バランス調整が必須,3:乗客の体重移動を予測し、バランス調整が必須,乗客乗車時のコーナリングは、乗客の体重移動を予測した運転が必須。,fix,"obvious_other,weak_explanation,near_dup,obvious_longest,topic_mismatch","誤答が不自然で消去法で当たる。解説も一般的 重複:o012,o168 tag=operation",誤答を現実的で紛らわしい内容に差し替え、解説に根拠を追記,交通の方法に関する教則 第3章（二輪車の運転）,,,
o177,ogata_nirin,hazard_prediction,1,大型二輪での夜間走行時のハイビーム使用の重要性は。,0:前方視界確保に必須。対向車への配慮も重要 / 1:不要 / 2:ロービームで十分 / 3:ライト不要,0:前方視界確保に必須。対向車への配慮も重要,夜間走行はハイビームで視界確保し、対向車へのロービーム切り替えが必須。,fix,"weak_explanation,near_dup,obvious_longest",夜間ハイビームは基本。条文の根拠を 重複:o016,解説に道交法52条を明示,道路交通法 第52条,,,
o178,ogata_nirin,hazard_prediction,2,大型二輪での高速走行での空気抵抗の影響は。,0:影響なし / 1:高速でより顕著。バイク安定性への影響大 / 2:低速で影響大 / 3:横風のみ影響,1:高速でより顕著。バイク安定性への影響大,高速走行では空気抵抗が顕著になり、バイクの安定性に影響。横風対策も必須。,fix,"obvious_other,weak_explanation,obvious_longest,topic_mismatch",誤答が不自然で消去法で当たる。解説も一般的 tag=operation,誤答を現実的で紛らわしい内容に差し替え、解説に根拠を追記,交通の方法に関する教則 第3章（二輪車の運転）,,,
o179,ogata_nirin,parking,1,大型二輪での二人乗り可能開始時期は。,0:20歳以上で免許3年 / 1:免許取得直後 / 2:免許取得後1年の実乗経験後 / 3:制限なし,1:免許取得直後,大型自動二輪車の二人乗りは、一般道路であれば免許取得直後から年齢・経験年数の条件なく可能。20歳以上・免許取得後通算3年以上という条件が課されるのは高速道路（自動車専用道路）を走行する場合のみ。,fix,"factual,outdated,topic_mismatch,near_dup","解説の高速二人乗り条件は廃止済。tag=rules。重複o003,o056",解説を修正: 大型自動二輪車の二人乗りは一般道・高速道とも免許取得直後から可能。高速道路での20歳以上・3年以上の条件は2005年に廃止済み。3問は1問に統合し、topicTagをrulesに。,道路交通法 第57条,要,,
o180,ogata_nirin,parking,2,大型二輪での積載物の固定方法で最適なのは。,0:ロープなし積載 / 1:走行中固定 / 2:軽い物は固定不要 / 3:確実なロープ固定で脱落防止,3:確実なロープ固定で脱落防止,積載物の脱落は後続車への事故。確実なロープ固定が必須。,fix,"obvious_other,weak_explanation,near_dup,obvious_longest,topic_mismatch",誤答が不自然で消去法で当たる。解説も一般的 重複:o182 tag=rules,誤答を現実的で紛らわしい内容に差し替え、解説に根拠を追記,交通の方法に関する教則 第3章（二輪車の運転）,,,
o181,ogata_nirin,operation,1,大型二輪での急ブレーキでの危険は。,0:前輪ロック・転倒リスク高 / 1:効果的である / 2:速度低下のみ / 3:安全である,0:前輪ロック・転倒リスク高,急ブレーキは前輪をロックさせ、スリップや転倒につながり極めて危険。,fix,"obvious_other,weak_explanation,obvious_longest",誤答が不自然で消去法で当たる。解説も一般的,誤答を現実的で紛らわしい内容に差し替え、解説に根拠を追記,交通の方法に関する教則 第3章（二輪車の運転）,,,
o182,ogata_nirin,parking,2,大型二輪での積載位置と安全性の関係は。,0:後部集中 / 1:中央低く積むが最適。高位置は転倒リスク増 / 2:高く積むと安定 / 3:位置は無関係,1:中央低く積むが最適。高位置は転倒リスク増,積載物の重心位置は走行安定性に直結。中央低位置が最適。,fix,"obvious_other,weak_explanation,near_dup,obvious_longest,topic_mismatch",誤答が不自然で消去法で当たる。解説も一般的 重複:o180 tag=rules,誤答を現実的で紛らわしい内容に差し替え、解説に根拠を追記,交通の方法に関する教則 第3章（二輪車の運転）,,,
o183,ogata_nirin,rules,1,大型二輪での交差点での視界確保での注意は。,0:対向車のみ確認 / 1:音のみ確認 / 2:対向車・歩行者・標識の総合確認が必須 / 3:信号のみ確認,2:対向車・歩行者・標識の総合確認が必須,交差点進入時は複数の危険要因が重なるため、総合的な視界確認が必須。,fix,"obvious_other,weak_explanation,obvious_longest",誤答が不自然で消去法で当たる。解説も一般的,誤答を現実的で紛らわしい内容に差し替え、解説に根拠を追記,交通の方法に関する教則 第3章（二輪車の運転）,,,
o184,ogata_nirin,hazard_prediction,2,大型二輪での横風の影響が最も大きい場所は。,0:駐車場 / 1:平坦道 / 2:カーブ / 3:橋・トンネル出口・高架下,3:橋・トンネル出口・高架下,橋・トンネル出口・高架下は横風が集中しやすく、バイク安定性への影響大。,fix,"obvious_other,weak_explanation,near_dup,obvious_longest","誤答が不自然で消去法で当たる。解説も一般的 重複:o006,o050",誤答を現実的で紛らわしい内容に差し替え、解説に根拠を追記,交通の方法に関する教則 第3章（二輪車の運転）,,,
o185,ogata_nirin,operation,1,大型二輪での白線踏み時の危険は。,0:スリップリスク。特に雨天時は顕著 / 1:安全である / 2:影響なし / 3:加速する,0:スリップリスク。特に雨天時は顕著,白線は水を含みやすく、スリップのリスク。雨天時に特に危険。,fix,"obvious_other,weak_explanation,near_dup,obvious_longest","誤答が不自然で消去法で当たる。解説も一般的 重複:o014,o215",誤答を現実的で紛らわしい内容に差し替え、解説に根拠を追記,交通の方法に関する教則 第3章（二輪車の運転）,,,
o186,ogata_nirin,hazard_prediction,2,大型二輪での凍結路面での走行判断で最適なのは。,0:高速で脱出 / 1:走行回避。必要時は最低速で慎重 / 2:徐々に加速 / 3:通常速度で走行,1:走行回避。必要時は最低速で慎重,凍結路は極めて滑りやすい。走行回避が最適。必要時は最低速が必須。,fix,obvious_longest,凍結路は走行回避が基本。正解が最長,誤答を現実的に,交通の方法に関する教則 第3章（二輪車の運転）,,,
o187,ogata_nirin,operation,1,大型二輪での蛇行走行についての法的評価は。,0:低速で許可 / 1:効率的 / 2:違反且つ危険。厳禁 / 3:夜間なら許可,2:違反且つ危険。厳禁,蛇行走行は道路交通法違反で、極めて危険。,fix,"weak_explanation,obvious_longest",蛇行は違反(危険)。条文根拠を明示,条文根拠を追加,道路交通法 第70条,,,
o188,ogata_nirin,rules,2,大型二輪での中央線越え走行について正しいのは。,0:走行禁止 / 1:信号待ち時は可 / 2:自由に越える / 3:追越し時のみ許可。それ以外は対向車衝突リスク,3:追越し時のみ許可。それ以外は対向車衝突リスク,中央線越えは追越し時のみ許可。その他は対向車との衝突リスク。,fix,"factual,ambiguous,obvious_longest",中央線越えは追越し以外にも許容場面あり,断定を避け、禁止区間を問う形に,道路交通法 第17条,要,,
o189,ogata_nirin,rules,1,大型二輪での走行中の携帯電話使用について。,0:完全禁止。安全な場所停止後のみ / 1:短時間なら可 / 2:信号待ち時は許可 / 3:ハンズフリーなら可,0:完全禁止。安全な場所停止後のみ,走行中の携帯使用は違反で危険。停止後の使用が必須。,fix,"near_dup,outdated,weak_explanation,obvious_longest","o043,o193と同事実。2024-11罰則強化を反映",統合し2024年11月の罰則強化を解説に,道路交通法 第71条第5号の5,要,,
o190,ogata_nirin,hazard_prediction,2,大型二輪での眠気対策で最も効果的なのは。,0:運転継続 / 1:定期的な休憩が最優先 / 2:音楽大音量 / 3:走行速度上げる,1:定期的な休憩が最優先,運転中の眠気は極めて危険。定期的な休憩による対策が必須。,fix,"obvious_other,weak_explanation,near_dup,obvious_longest",誤答が不自然で消去法で当たる。解説も一般的 重複:o010,誤答を現実的で紛らわしい内容に差し替え、解説に根拠を追記,交通の方法に関する教則 第3章（二輪車の運転）,,,
o191,ogata_nirin,hazard_prediction,1,大型二輪での体調不良時の走行についての判断は。,0:薬飲んで走行 / 1:気合で走行 / 2:走行を控え、回復後に走行が最優先 / 3:短距離なら可,2:走行を控え、回復後に走行が最優先,体調不良は判断力低下と反応時間延長を招く。走行回避が必須。,fix,"obvious_other,weak_explanation,obvious_longest",誤答が不自然で消去法で当たる。解説も一般的,誤答を現実的で紛らわしい内容に差し替え、解説に根拠を追記,交通の方法に関する教則 第3章（二輪車の運転）,,,
o192,ogata_nirin,rules,2,大型二輪での飲酒運転についての法的責任は。,0:検査で引っかからなければOK / 1:少量なら許可 / 2:3時間後なら可 / 3:完全禁止。重大な法的責任が生じる,3:完全禁止。重大な法的責任が生じる,飲酒運転は完全禁止。少量でも重大な違反で法的責任が生じる。,fix,"obvious_longest,near_dup",飲酒禁止は正。条文を示す 重複:o011,条文根拠を追加,道路交通法 第65条,,,
o193,ogata_nirin,rules,1,大型二輪での走行中のスマートフォン操作について。,0:完全禁止。停止後のみ / 1:短時間なら許可 / 2:GPS確認なら可 / 3:通話なら可,0:完全禁止。停止後のみ,走行中のスマートフォン操作は違反で危険。停止後の使用が必須。,fix,"near_dup,outdated,obvious_longest","o189,o043と同事実",統合,道路交通法 第71条第5号の5,要,,
o194,ogata_nirin,rules,2,大型二輪での煽り運転（あおり走行）についての評価は。,0:低速なら許可 / 1:危険且つ違反。重大な法的責任が生じる / 2:効果的 / 3:クラクションと併用可,1:危険且つ違反。重大な法的責任が生じる,煽り運転は危険で違反。十分な車間距離保持が必須。,fix,"obvious_longest,weak_explanation",煽り運転(妨害運転)は処罰。条文なし,妨害運転罪(道交法117条の2の2)を追記,道路交通法 第117条の2の2,,,
o195,ogata_nirin,operation,1,大型二輪での左右の目視確認の重要性は。,0:不要 / 1:音のみで確認 / 2:後続車・歩行者把握に必須。死角確認が重要 / 3:バックミラーのみで十分,2:後続車・歩行者把握に必須。死角確認が重要,バックミラーには死角がある。肩越し目視確認で後方の完全把握が必須。,fix,"obvious_other,weak_explanation,near_dup,obvious_longest",誤答が不自然で消去法で当たる。解説も一般的 重複:o029,誤答を現実的で紛らわしい内容に差し替え、解説に根拠を追記,交通の方法に関する教則 第3章（二輪車の運転）,,,
o196,ogata_nirin,rules,2,大型二輪での教習所卒業後の実走行で最優先すべき項目は。,0:高速走行練習 / 1:最高速度走行 / 2:スピード感覚 / 3:実交通での危険認識と判断能力の習得,3:実交通での危険認識と判断能力の習得,実走行では様々な危険状況に直面。確実な危険認識と判断能力習得が最優先。,fix,"topic_mismatch,vague_prompt,obvious_longest",tag=license_system相当。問いが曖昧,問題文を具体化,,,,
o197,ogata_nirin,rules,1,大型二輪での最適な走行速度決定の基準は。,0:路面・天候・視界・交通量を総合判断 / 1:気分や気象 / 2:最高速度値のみ / 3:前車の速度,0:路面・天候・視界・交通量を総合判断,安全走行は速度制限以下で、さらに状況に応じた速度調整が必須。,fix,"topic_mismatch,weak_explanation,obvious_longest",tag=operation。「気分や気象」誤答が不自然,tag=operation,交通の方法に関する教則 第3章（二輪車の運転）,,,
o198,ogata_nirin,maintenance,2,大型二輪での定期点検と安全性の関係は。,0:点検は不要 / 1:定期点検により機械的トラブル予防。安全性確保に必須 / 2:1年ごと不要 / 3:走行距離で判断,1:定期点検により機械的トラブル予防。安全性確保に必須,定期点検はバイク故障による事故予防に不可欠。法定義務。,fix,"near_dup,ambiguous,obvious_longest",o026と同事実。誤答「1年ごと不要」が重複,o026と統合。誤答の矛盾を解消,道路運送車両法 第48条,要,,
o199,ogata_nirin,hazard_prediction,1,大型二輪での雨天走行での装備で必須なのは。,0:消音器 / 1:クラクション / 2:ライト点灯と高視認性ウェア・反射材装備 / 3:革ジャン,2:ライト点灯と高視認性ウェア・反射材装備,雨天時の視認性向上にはライト点灯と反射材装備が必須。,fix,"obvious_other,weak_explanation,near_dup,obvious_longest",誤答が不自然で消去法で当たる。解説も一般的 重複:o021,誤答を現実的で紛らわしい内容に差し替え、解説に根拠を追記,交通の方法に関する教則 第3章（二輪車の運転）,,,
o200,ogata_nirin,maintenance,2,大型二輪での安全運転習慣確立における最重要項目は。,0:バイク性能 / 1:運で判断 / 2:スピード感覚 / 3:毎回の走行前点検と心身状態確認,3:毎回の走行前点検と心身状態確認,安全走行習慣は毎回の走行前点検と心身状態確認から始まる。これが基本。,fix,obvious_longest,正解が最長。誤答不自然,誤答を現実的に,交通の方法に関する教則 第3章（二輪車の運転）,,,
o202,ogata_nirin,operation,3,大型二輪で停止直前のごく低速走行中にふらつきそうになったときの対処として適切なのはどれか。,0:アクセルを大きく開けて勢いをつける / 1:後輪ブレーキを軽く使いながら半クラッチで速度を保つ / 2:前輪ブレーキを強く握って止まる / 3:両足を地面につけたまま進む,1:後輪ブレーキを軽く使いながら半クラッチで速度を保つ,車体が重く低速では不安定になりやすいため、後輪ブレーキと半クラッチを併用して穏やかに速度をコントロールするとバランスを保ちやすい。,fix,"obvious_longest,near_dup",低速操作は妥当。正解が最長 重複:o220,誤答を同程度の長さに,交通の方法に関する教則 第3章（二輪車の運転）,,,
o203,ogata_nirin,operation,2,走行中のブレーキ操作について正しいのはどれか。,0:前輪ブレーキは転倒するので使わない方がよい / 1:急ブレーキ以外は前後どちらか一方でよい / 2:前輪ブレーキと後輪ブレーキを両方使い、前輪の制動力を主体に組み立てる / 3:後輪ブレーキだけで止まれば十分である,2:前輪ブレーキと後輪ブレーキを両方使い、前輪の制動力を主体に組み立てる,前輪ブレーキは制動力の大部分を担うため、前後輪を組み合わせつつ前輪を主体に使うのが基本である。,fix,"near_dup,obvious_longest","内容妥当 重複:o222,o223",正解が最長。誤答を同程度の長さ・もっともらしさに調整,交通の方法に関する教則 第3章（二輪車の運転）,,,
o207,ogata_nirin,operation,1,走行中に予期せぬ障害物を避けようとする場合の操作について正しいのはどれか。,0:速度を落とさずハンドルだけで回避する / 1:障害物が見えたら反射的に急ハンドルを切ればよい / 2:急なハンドル操作は転倒の危険が高いため、可能な限り早めの制動と穏やかな進路変更を心がける / 3:後輪ブレーキを強くかけて車体を横滑りさせて避ける,2:急なハンドル操作は転倒の危険が高いため、可能な限り早めの制動と穏やかな進路変更を心がける,二輪車は急な操作で車体バランスを崩しやすいため、早めに危険を予測し、制動と緩やかな進路変更で対応することが重要である。,fix,obvious_longest,内容妥当,正解が最長。誤答を同程度の長さ・もっともらしさに調整,交通の方法に関する教則 第3章（二輪車の運転）,,,
o209,ogata_nirin,operation,3,大型二輪でUターンを行うときの操作として適切なのはどれか。,0:ハンドルを大きく切り、後輪ブレーキと半クラッチで速度を微調整しながら回る / 1:アクセルを一定に保ちハンドルだけで回る / 2:両足を地面から離さずに歩くように方向転換する / 3:できるだけ勢いをつけて素早く回る,0:ハンドルを大きく切り、後輪ブレーキと半クラッチで速度を微調整しながら回る,車体が重い大型二輪では、ハンドルを大きく切りつつ後輪ブレーキと半クラッチで速度を微調整すると安定して小さく回ることができる。,fix,obvious_longest,Uターン操作は妥当。正解が最長,誤答の長さ調整,交通の方法に関する教則 第3章（二輪車の運転）,,,
o210,ogata_nirin,operation,1,下り坂の途中で一時停止し、その後発進するときの操作として適切なのはどれか。,0:ニュートラルのまま足だけで支える / 1:後輪ブレーキで車体の後退を防ぎながら発進する / 2:前輪ブレーキだけで停止と発進の両方を行う / 3:クラッチをつないだままアクセルを大きく開ける,1:後輪ブレーキで車体の後退を防ぎながら発進する,下り坂での発進時は車体が後退しやすいため、後輪ブレーキで後退を防ぎながらクラッチとアクセルを調整して発進する。,fix,factual,下り坂は後退しない。上り坂発進の話,「上り坂」に変更。下り坂ならブレーキ保持と明記,交通の方法に関する教則 第3章（二輪車の運転）,要,,
o212,ogata_nirin,operation,3,高速走行中に強い横風を受けたときの操作として適切なのはどれか。,0:速度を上げて一気に通過する / 1:ハンドルを風下側に大きく切って修正する / 2:風に逆らわずハンドルから手を離して力を抜く / 3:姿勢を低くしてハンドルをしっかり保持し、風上側へわずかに車体を傾けて備える,3:姿勢を低くしてハンドルをしっかり保持し、風上側へわずかに車体を傾けて備える,横風を受けると車体が流されやすいため、姿勢を低くしてハンドルを確実に保持し、風上側にわずかに傾けて備えることが望ましい。,fix,"ambiguous,obvious_longest",o051と握り方が矛盾。風上に傾けるは根拠不明,正解をo051と統一。風上へ傾ける記述は削除,交通の方法に関する教則 第3章（二輪車の運転）,要,,
o213,ogata_nirin,operation,4,二人乗りをしているときのブレーキ操作について適切なのはどれか。,0:車両全体の重量が増えて制動距離が伸びるため、普段より早めに余裕を持ってブレーキをかけ始める / 1:急制動でなければブレーキの開始時期を変える必要はない / 2:後部座席の同乗者がブレーキのタイミングを判断する / 3:一人乗りのときと全く同じタイミングでよい,0:車両全体の重量が増えて制動距離が伸びるため、普段より早めに余裕を持ってブレーキをかけ始める,同乗者の分だけ車両重量が増加し制動距離が伸びる傾向があるため、単独乗車時より早めに余裕を持って減速を開始する。,fix,obvious_longest,内容妥当,正解が最長。誤答を同程度の長さ・もっともらしさに調整,交通の方法に関する教則 第3章（二輪車の運転）,,,
o214,ogata_nirin,operation,3,走行中にブレーキをかけたときに生じる荷重移動について正しいのはどれか。,0:前後輪の荷重は変化しない / 1:前輪側の荷重が増え、前輪のグリップが高まる一方で後輪は抜けやすくなる / 2:前輪側の荷重が減り後輪側が増える / 3:荷重移動はブレーキの強さに関係なく一定である,1:前輪側の荷重が増え、前輪のグリップが高まる一方で後輪は抜けやすくなる,制動時には慣性により車体前方に荷重が移動するため前輪のグリップが増す一方、後輪は荷重が抜けてロックしやすくなる。,fix,obvious_longest,内容妥当,正解が最長。誤答を同程度の長さ・もっともらしさに調整,交通の方法に関する教則 第3章（二輪車の運転）,,,
o215,ogata_nirin,operation,1,旋回中にマンホールや路面の白線の上を通過しそうになったときの対応として適切なのはどれか。,0:ハンドルを急に切ってすぐに避ける / 1:その場で強くブレーキをかけて止まる / 2:できるだけ車体を起こした状態でそこを通過し、無理な進路変更は避ける / 3:アクセルを大きく開けて一気に通り過ぎる,2:できるだけ車体を起こした状態でそこを通過し、無理な進路変更は避ける,マンホールや白線は滑りやすいため、急な操作を避け、可能な範囲で車体を起こした姿勢で通過するのが安全である。,fix,"near_dup,obvious_longest",内容妥当 重複:o185,正解が最長。誤答を同程度の長さ・もっともらしさに調整,交通の方法に関する教則 第3章（二輪車の運転）,,,
o217,ogata_nirin,operation,4,高速道路の本線における大型自動二輪車の法定最高速度について正しいのはどれか。,0:普通自動車と同じく、標識等による指定がなければ時速100キロメートルである / 1:普通自動車より低く、時速80キロメートルまでとされている / 2:二輪車には高速道路上の最高速度の定めがない / 3:時速120キロメートルまで走行できる,0:普通自動車と同じく、標識等による指定がなければ時速100キロメートルである,現在の法令では、大型自動二輪車の高速道路本線での法定最高速度は普通自動車と同じ時速100キロメートルとされている。,fix,obvious_longest,高速本線100km/hは大型二輪も同じ,正解が最長。誤答を同程度の長さ・もっともらしさに調整,道路交通法施行令 第27条,要,,
o218,ogata_nirin,operation,1,カーブでの走行ラインとして基本とされるのはどれか。,0:常にカーブの内側だけを走る / 1:外側から進入し、内側を通ってから再び外側へ抜けるラインを描く / 2:センターラインぎりぎりを走る / 3:常にカーブの外側だけを走る,1:外側から進入し、内側を通ってから再び外側へ抜けるラインを描く,外側から進入して内側を通過し、再び外側へ抜けるライン取りにより見通しと安定性を確保しやすくなる。,fix,"ambiguous,factual,obvious_longest",アウトインアウトは中央線はみ出しの危険,「左端寄りを保ち中央線を越えない」を正解に,交通の方法に関する教則 第3章（二輪車の運転）,要,,
o219,ogata_nirin,operation,1,前方の車を追い越すときの操作として適切なのはどれか。,0:車間が詰まったらとにかく早く追い越す / 1:追い越し禁止の場所以外なら速度差を気にせず追い越してよい / 2:対向車や後続車の状況を確認し、十分な距離と速度差があるときにだけ追い越しを行う / 3:ウインカーは追い越し後に出せばよい,2:対向車や後続車の状況を確認し、十分な距離と速度差があるときにだけ追い越しを行う,追い越しを行う前に対向車や後続車の状況を十分確認し、安全に完了できる距離と速度差があることを見極める必要がある。,fix,obvious_longest,内容妥当,正解が最長。誤答を同程度の長さ・もっともらしさに調整,交通の方法に関する教則 第3章（二輪車の運転）,,,
o221,ogata_nirin,operation,1,エンジン始動直後の走り出しについて適切なのはどれか。,0:エンジンや各部が十分温まるまで、しばらく穏やかな運転を心がける / 1:冷えている方が調子が良いのですぐ全開にしてよい / 2:すぐに高い回転数まで回して走り出す / 3:始動直後の運転方法は特に気にしなくてよい,0:エンジンや各部が十分温まるまで、しばらく穏やかな運転を心がける,エンジンや駆動系が冷えている始動直後は、油膜が安定するまで穏やかな運転を心がけることが望ましい。,fix,obvious_longest,内容妥当,正解が最長。誤答を同程度の長さ・もっともらしさに調整,交通の方法に関する教則 第3章（二輪車の運転）,,,
o222,ogata_nirin,operation,3,危険を感じて急制動を行うときの姿勢と操作について適切なのはどれか。,0:ハンドルを左右に振って速度を落とす / 1:体を起こして重心を安定させ、前後輪のブレーキを段階的にしっかりかける / 2:前傾姿勢を保ったまま前輪ブレーキだけを一気に強く握る / 3:後輪ブレーキだけを使い続ける,1:体を起こして重心を安定させ、前後輪のブレーキを段階的にしっかりかける,急制動の際は体を起こして重心を安定させ、前後輪のブレーキを段階的に強めていくことでタイヤのグリップを保ちながら止まることができる。,fix,"near_dup,obvious_longest","内容妥当 重複:o203,o223",正解が最長。誤答を同程度の長さ・もっともらしさに調整,交通の方法に関する教則 第3章（二輪車の運転）,,,
o223,ogata_nirin,operation,1,ABSを装備した大型二輪で急にブレーキをかける必要が生じたときの操作として適切なのはどれか。,0:前輪ブレーキだけを使う / 1:ロックを恐れてブレーキを弱めに小刻みに操作する / 2:レバーとペダルをしっかり握り込み・踏み込んだ状態を保つ / 3:ABSが作動したらすぐにブレーキを離す,2:レバーとペダルをしっかり握り込み・踏み込んだ状態を保つ,ABSはタイヤのロックを防ぐ機構のため、しっかりとブレーキを握り込み・踏み込んだ状態を保つことで制御を任せることができる。,fix,"near_dup,obvious_longest","内容妥当 重複:o203,o222",正解が最長。誤答を同程度の長さ・もっともらしさに調整,交通の方法に関する教則 第3章（二輪車の運転）,,,
o224,ogata_nirin,operation,2,エンジンをかけずに大型二輪を押して歩くときの注意点として適切なのはどれか。,0:サイドスタンドを出したまま押す / 1:片手だけで押しても特に問題はない / 2:できるだけ勢いをつけて押す / 3:車体が重いため、ハンドルとブレーキをしっかり保持し、傾きに注意して押す,3:車体が重いため、ハンドルとブレーキをしっかり保持し、傾きに注意して押す,大型二輪は車体重量が大きいため、押し歩きの際もハンドルとブレーキをしっかり保持し、傾きすぎないよう注意する必要がある。,fix,obvious_longest,内容妥当,正解が最長。誤答を同程度の長さ・もっともらしさに調整,交通の方法に関する教則 第3章（二輪車の運転）,,,
o225,ogata_nirin,operation,2,高速走行中のハンドルの持ち方について適切なのはどれか。,0:力を入れすぎず、車体の動きを妨げないように軽く保持する / 1:片手だけで持ち続ける / 2:ハンドルに体重をかけて強く押さえつける / 3:できるだけハンドルから手を浮かせておく,0:力を入れすぎず、車体の動きを妨げないように軽く保持する,ハンドルに余計な力を加えると車体の自然な動きを妨げ不安定になるため、軽く保持することが望ましい。,fix,obvious_longest,内容妥当,正解が最長。誤答を同程度の長さ・もっともらしさに調整,交通の方法に関する教則 第3章（二輪車の運転）,,,
o226,ogata_nirin,operation,4,リアキャリアに積載できる重量の上限に近い荷物を積んだ状態での発進・停止操作について適切なのはどれか。,0:上限に近い荷物があるときほど急発進・急停止した方が安定する / 1:上限内の重量であっても重心が変化するため、いつもより余裕を持った速度調整とブレーキ操作を心がける / 2:積載重量の上限内であれば、空車時と全く同じ感覚で操作してよい / 3:積載量が上限に近いほどブレーキは弱めにする,1:上限内の重量であっても重心が変化するため、いつもより余裕を持った速度調整とブレーキ操作を心がける,積載重量が制限の範囲内であっても、荷物によって重心やバランスは変化するため、発進・停止の操作には空車時より余裕を持たせることが望ましい。,fix,obvious_longest,妥当。難易度4は過大,正解が最長。誤答を同程度の長さ・もっともらしさに調整,交通の方法に関する教則 第3章（二輪車の運転）,,,
o231,ogata_nirin,operation,5,ある程度の速度でカーブを曲がる際に用いられる、ハンドルを曲がりたい方向と逆にわずかに押して車体を傾ける操作を何と呼ぶか。,0:エンジンブレーキ / 1:半クラッチ / 2:カウンターステア / 3:二段階右折,2:カウンターステア,速度が出た状態でハンドルを曲がる方向と逆に軽く押すことで車体を素早く傾ける操作はカウンターステアと呼ばれ、大型二輪の旋回でも用いられる基本操作の一つである。,fix,"obvious_other,weak_explanation",二段階右折等が明らかに無関係。用語が教則外,選択肢を「ニーグリップ」等に差替え、教則の語（体重移動等）で出題,交通の方法に関する教則 第2章,要,,
o237,ogata_nirin,operation,2,大型自動二輪免許を取得したばかりの人が、一般道路(高速道路を除く)で同乗者を乗せて走行することについて正しいのはどれか。,0:免許を取得した直後から、一般道路では特別な年齢・経験年数の条件なく二人乗りができる / 1:年齢や経験年数の条件を満たすまで一般道路でも二人乗りはできない / 2:一般道路での二人乗りには10年以上の経験が必要である / 3:一般道路では二人乗り自体が常に禁止されている,0:免許を取得した直後から、一般道路では特別な年齢・経験年数の条件なく二人乗りができる,高速道路上とは異なり、一般道路での二人乗りには年齢や経験年数の条件はなく、免許取得直後から行うことができる。,fix,"outdated,factual,near_dup",2005年に二人乗り条件廃止。解説の高速条件が誤り。o253と重複,解説から「高速道路上とは異なり条件」を削除し、一般道・高速とも年齢経験条件なしと直す(o253と統合),道路交通法施行令 第26条の3の2,要,,
o245,ogata_nirin,parking,2,駐車の定義について正しいのはどれか。,0:運転者がすぐに運転できない状態や、荷物の積み下ろし等で継続的に車両を止めている状態は駐車にあたる / 1:エンジンをかけたままであれば駐車にはあたらない / 2:駐車と停車に違いはない / 3:短時間の信号待ちも駐車に含まれる,0:運転者がすぐに運転できない状態や、荷物の積み下ろし等で継続的に車両を止めている状態は駐車にあたる,運転者が車両からすぐに離れられる状態でなかったり、継続的に車両を止めている状態は駐車として扱われ、停車とは区別される。,fix,"ambiguous,weak_explanation",荷物積卸しは5分以内なら停車でo257と矛盾,正解を「継続的に止める、または運転者が車を離れてすぐ運転できない状態は駐車」に直し、積卸しの語を除く,道路交通法 第2条,要,,
o246,ogata_nirin,parking,2,バス停留所の標識がある場所での駐停車について正しいのはどれか。,0:特に規制はない / 1:停留所の標識から一定の範囲は運行時間内の駐停車が禁止されている / 2:バスが来ていなければいつでも駐停車してよい / 3:バス停であっても二輪車なら常に駐停車できる,1:停留所の標識から一定の範囲は運行時間内の駐停車が禁止されている,バスの停留所を示す標識がある場所の付近は、運行時間中の駐停車が禁止されているのが一般的である。,fix,"vague_prompt,factual",「一定の範囲」不明。標識から10m以内と明記要,問題文に「バス停の標示柱から10メートル以内で運行時間中」と明記,道路交通法 第44条,要,,
o248,ogata_nirin,parking,1,道路の右側部分に駐車する場合の基本的な考え方として正しいのはどれか。,0:右側であればセンターラインぎりぎりまで寄せてよい / 1:二輪車は道路の中央に停めてよい / 2:道路のどちら側に停めてもよい / 3:歩道や路側帯がある道路では、道路の左側端に沿って駐車するのが原則である,3:歩道や路側帯がある道路では、道路の左側端に沿って駐車するのが原則である,駐車する場合は原則として道路の左側端に沿って止めることとされており、右側部分への駐車は特別な場合を除き認められない。,fix,"vague_prompt,weak_explanation",問いが「右側部分」で曖昧。歩道等の記述も混在,問題文を「道路で駐車する場合の位置」とし、正解を左側端に沿って、に統一,道路交通法 第47条,要,,
o249,ogata_nirin,parking,2,トンネルの中や橋の上での駐停車について正しいのはどれか。,0:トンネルの中や橋の上は原則として駐停車が禁止されている / 1:トンネルの中であれば自由に駐停車できる / 2:特に規制はない / 3:橋の上は二輪車に限り駐停車が認められる,0:トンネルの中や橋の上は原則として駐停車が禁止されている,トンネルの中や橋の上は見通しが悪く危険なため、駐停車が禁止されている区間とされている。,fix,factual,橋の上は駐停車禁止ではない。トンネルは禁止,問題文と選択肢から「橋の上」を除き、トンネル内・急坂・軌道敷内を例にする,道路交通法 第44条,要,,
o250,ogata_nirin,parking,2,工事現場や店舗などの出入口付近での駐車について正しいのはどれか。,0:出入口付近は二輪車のみ駐車が認められる / 1:出入口から一定の距離内は駐車が禁止されている / 2:出入口の真正面でなければどこでも駐車できる / 3:特に規制はない,1:出入口から一定の距離内は駐車が禁止されている,自動車専用の出入口などの前面から一定の距離内は、通行の妨げになるため駐車が禁止されている。,fix,vague_prompt,「一定の距離」が不明(3m以内),問題文に「出入口から3メートル以内」と明記,道路交通法 第45条,要,,
o251,ogata_nirin,parking,2,踏切の前後での駐停車について正しいのはどれか。,0:特に規制はない / 1:踏切の手前でなければ踏切上でも駐車できる / 2:踏切の前後は駐停車が禁止されている / 3:二輪車であれば踏切付近に駐車できる,2:踏切の前後は駐停車が禁止されている,踏切とその前後の一定区間は、非常時の通行を妨げないよう駐停車が禁止されている。,fix,vague_prompt,踏切の端から前後10m以内を明記すべき,選択肢を「踏切とその端から前後10メートル以内は駐停車禁止」とする,道路交通法 第44条,要,,
o252,ogata_nirin,parking,2,急な上り坂や下り坂、およびその頂上付近での駐停車について正しいのはどれか。,0:坂道であれば場所を問わず駐停車できる / 1:上り坂のみ駐停車が禁止されている / 2:特に規制はない / 3:見通しの悪い上り坂・下り坂の頂上付近や急な坂は駐停車が禁止されている,3:見通しの悪い上り坂・下り坂の頂上付近や急な坂は駐停車が禁止されている,見通しの悪い坂の頂上付近や勾配の急な坂は、追突などの危険が高いため駐停車が禁止されている。,fix,"obvious_longest,ambiguous",見通し条件が不正確。急坂は上下とも禁止,正解を「上り坂の頂上付近、勾配の急な坂(上り下り)は駐停車禁止」に修正,道路交通法 第44条,要,,
o257,ogata_nirin,parking,2,路上に大型二輪を止めて荷物の積み下ろしを行う場合の考え方として正しいのはどれか。,0:5分を超えない荷物の積み下ろしであれば停車として扱われる場合がある / 1:荷物の積み下ろし中は駐停車禁止の場所でも常に許される / 2:荷物の積み下ろしは何分でも停車として扱われる / 3:積み下ろしは駐車にはあたらない場合が一切ない,0:5分を超えない荷物の積み下ろしであれば停車として扱われる場合がある,継続して5分を超えない荷物の積み下ろしは、駐車ではなく停車として扱われる場合があるとされている。,fix,ambiguous,選択肢が「場合がある」と曖昧で複数解釈,「継続して5分を超えない荷物の積卸しは停車か」を問う形にし、正解は「停車」,道路交通法 第2条,要,,
o280,ogata_nirin,rules,1,運転中の携帯電話の使用について正しいのはどれか。,0:イヤホンなしであれば走行中でも自由に使用してよい / 1:二輪車は携帯電話の使用規制の対象外である / 2:信号待ちの停止中であれば常に自由に使用してよい / 3:走行中に手で保持して通話や画面注視をすることは禁止されている,3:走行中に手で保持して通話や画面注視をすることは禁止されている,走行中に携帯電話を手で保持して通話したり、画面を注視したりする行為は法令で禁止されている。,fix,"outdated,weak_explanation",2024-11の罰則強化・走行中の使用禁止に言及なし,解説に「2024年11月施行、運転中の保持通話・画面注視は罰則が強化」を追記,道路交通法 第71条,要,,
o290,ogata_nirin,license_system,3,大型二輪免許を取得できる年齢について正しいのはどれか。,0:16歳以上 / 1:18歳以上 / 2:20歳以上 / 3:21歳以上,1:18歳以上,普通自動車免許などとは異なり、大型二輪免許は満18歳以上で取得することができ、20歳以上である必要はない。,fix,weak_explanation,18歳以上は妥当だが解説の比較が不正確,解説を「大型二輪は満18歳以上」に簡素化,道路交通法 第88条,要,,
o292,ogata_nirin,license_system,3,すでに他の運転免許を保有している人が大型二輪免許を取得する場合の学科試験の扱いとして正しいのはどれか。,0:学科試験は大型二輪では実施されない / 1:学科試験は必ず全員が新たに受けなければならない / 2:学科試験の要否は年齢だけで決まる / 3:改めて学科試験を受ける必要がある場合がある一方、既に他の免許を保有していることで学科試験が免除される場合がある,3:改めて学科試験を受ける必要がある場合がある一方、既に他の免許を保有していることで学科試験が免除される場合がある,既に他の運転免許を持っている場合、条件を満たせば学科試験が免除されることがあるが、免許の種類や状況によって扱いが異なる。,fix,"vague_prompt,obvious_longest",条件が曖昧で正解が最長。何を問うか不明,「普通二輪免許保有者が大型二輪の学科試験を免除されるか」等に具体化,道路交通法 第97条,要,,
o303,ogata_nirin,signs,3,「追越しのための右側部分はみ出し通行禁止」の標識の意味として正しいのはどれか。,0:他の車両を追い越すために進路変更することを禁止する / 1:大型乗用自動車（バス等）の通行を禁止する / 2:追越しのために道路の右側部分にはみ出して通行することを禁止する（右側部分にはみ出さない追越しは可能） / 3:道路の側端に対して平行に駐車すべきことを示す,2:追越しのために道路の右側部分にはみ出して通行することを禁止する（右側部分にはみ出さない追越しは可能）,「追越しのための右側部分はみ出し通行禁止」は規制標識（円形・黄色地に黒の追越し禁止マーク）で、追越しのために道路の右側部分にはみ出して通行することを禁止する（右側部分にはみ出さない追越しは可能）ことを意味する。,fix,factual,図形説明が不確か(黄色地),色形の記述を削除,道路標識、区画線及び道路標示に関する命令,要,,
o307,ogata_nirin,signs,1,「並進可」の標識が意味するものとして正しいのはどれか。,0:歩行者が道路を横断するための場所であることを示す / 1:自転車を除く軽車両（荷車など）の通行を禁止する / 2:自転車が2台まで並んで通行できることを示す / 3:歩行者の通行を禁止する,2:自転車が2台まで並んで通行できることを示す,「並進可」は指示標識（円形・青地に白の絵）で、自転車が2台まで並んで通行できることを示すことを意味する。,fix,factual,並進可の分類が不確か,解説の種別を確認し直す,道路標識、区画線及び道路標示に関する命令,要,,
o309,ogata_nirin,signs,3,「大型乗用自動車等通行止め」の標識の意味として正しいのはどれか。,0:大型乗用自動車（バス等）の通行を禁止する / 1:原動機付自転車や自転車など特定の車両が通行すべき車両通行帯を指定する / 2:指定された複数の種類の車両の通行を禁止する / 3:前方にロータリー（環状交差点）があることを予告する,0:大型乗用自動車（バス等）の通行を禁止する,「大型乗用自動車等通行止め」は規制標識（円形・赤地に白のバツ印とバスの絵）で、大型乗用自動車（バス等）の通行を禁止することを意味する。,fix,factual,大型乗用自動車等通行止めの図形説明が不正確,問題文から色・形の説明を除く,道路標識、区画線及び道路標示に関する命令,要,,
o310,ogata_nirin,signs,1,「指定方向外進行禁止（直進のみ）」の標識が意味するものとして正しいのはどれか。,0:前方にロータリー（環状交差点）があることを予告する / 1:矢印で示された方向（直進）以外への進行を禁止する / 2:前方の道路に落石のおそれがあることを予告する / 3:道路の側端に対して平行に駐車すべきことを示す,1:矢印で示された方向（直進）以外への進行を禁止する,「指定方向外進行禁止（直進のみ）」は規制標識（円形・青地に白の矢印）で、矢印で示された方向（直進）以外への進行を禁止することを意味する。,fix,"ambiguous,near_dup",直進のみ=指定方向外進行禁止。標識名不正確,名称を「進行方向別通行区分」または直進のみ矢印の指定方向外進行禁止に直す,道路標識、区画線及び道路標示に関する命令,要,,
o314,ogata_nirin,signs,2,円形で赤地に白のバツ印の「通行止め」の標識について、正しい説明はどれか。,0:車両が道路を横断（右左折を除く進路変更）することを禁止する / 1:歩行者・車両を問わず、すべての通行が禁止されていることを示す / 2:前方にT字路があることを予告し、注意を促す / 3:その場所での駐車が認められていることを示す,1:歩行者・車両を問わず、すべての通行が禁止されていることを示す,「通行止め」は規制標識（円形・赤地に白のバツ印）で、歩行者・車両を問わず、すべての通行が禁止されていることを示すことを意味する。,fix,factual,通行止め標識の色形説明が不確か,色形の記述を削除し「すべての通行止め」を問う,道路標識、区画線及び道路標示に関する命令,要,,
o316,ogata_nirin,signs,1,「徐行」の標識が意味するものとして正しいのはどれか。,0:二輪の自動車と原動機付自転車の通行を禁止する / 1:前方の道路に落石のおそれがあることを予告する / 2:その道路が交差点において優先道路であることを示す / 3:車両がただちに停止できるような速度まで速度を落として進行しなければならないことを示す,3:車両がただちに停止できるような速度まで速度を落として進行しなければならないことを示す,「徐行」は規制標識（逆三角形・白地に赤枠、青字）で、車両がただちに停止できるような速度まで速度を落として進行しなければならないことを示すことを意味する。,fix,factual,徐行標識の文字色・形の説明が不正確,形の説明を省き「徐行」の意味を問う形に,道路標識、区画線及び道路標示に関する命令,要,,
o320,ogata_nirin,signs,2,円形で赤地に白のバツ印とバイクの絵の「二輪の自動車・原動機付自転車通行止め」の標識について、正しい説明はどれか。,0:車両が矢印で示された方向にのみ進行できることを示す / 1:前方の道路に落石のおそれがあることを予告する / 2:路面電車の停留所などで、歩行者が安全に待機するための場所であることを示す / 3:二輪の自動車と原動機付自転車の通行を禁止する,3:二輪の自動車と原動機付自転車の通行を禁止する,「二輪の自動車・原動機付自転車通行止め」は規制標識（円形・赤地に白のバツ印とバイクの絵）で、二輪の自動車と原動機付自転車の通行を禁止することを意味する。,fix,factual,二輪通行止めは白地赤枠。赤地バツは誤り,問題文の「赤地に白のバツ印」を削除,道路標識、区画線及び道路標示に関する命令,要,,
o322,ogata_nirin,signs,1,「安全地帯」の標識が意味するものとして正しいのはどれか。,0:見通しの悪い区間など、必要に応じて警音器を鳴らすべき区間であることを示す / 1:路面電車の停留所などで、歩行者が安全に待機するための場所であることを示す / 2:車両が道路を横断（右左折を除く進路変更）することを禁止する / 3:前方の道路が右方向に大きく曲がっていることを予告する,1:路面電車の停留所などで、歩行者が安全に待機するための場所であることを示す,「安全地帯」は指示標識（長方形・青地に白の絵）で、路面電車の停留所などで、歩行者が安全に待機するための場所であることを示すことを意味する。,fix,factual,安全地帯の図形説明が不確か,色形の記述を省く,道路標識、区画線及び道路標示に関する命令,要,,
o324,ogata_nirin,signs,3,「車両（組合せ）通行止め」の標識の意味として正しいのはどれか。,0:歩行者専用の道路であり、車両の通行を禁止する / 1:自転車を除く軽車両（荷車など）の通行を禁止する / 2:その道路が交差点において優先道路であることを示す / 3:指定された複数の種類の車両の通行を禁止する,3:指定された複数の種類の車両の通行を禁止する,「車両（組合せ）通行止め」は規制標識（円形・赤地に白のバツ印と複数車両の絵）で、指定された複数の種類の車両の通行を禁止することを意味する。,fix,factual,組合せ通行止めの図形説明が不確か,色形の記述を削除,道路標識、区画線及び道路標示に関する命令,要,,
o326,ogata_nirin,signs,2,円形で赤地に白のバツ印とトラックの絵の「大型・特定中型貨物自動車等通行止め」の標識について、正しい説明はどれか。,0:前方に踏切があることを予告し、通過時の注意を促す / 1:大型貨物自動車や特定中型貨物自動車などの通行を禁止する / 2:道路の側端に対して直角に駐車すべきことを示す / 3:車両が停止線の直前で一時停止しなければならないことを示す,1:大型貨物自動車や特定中型貨物自動車などの通行を禁止する,「大型・特定中型貨物自動車等通行止め」は規制標識（円形・赤地に白のバツ印とトラックの絵）で、大型貨物自動車や特定中型貨物自動車などの通行を禁止することを意味する。,fix,factual,大型貨物通行止めの色形説明が誤り,「白地に赤枠」へ直すか記述を削除,道路標識、区画線及び道路標示に関する命令,要,,
o330,ogata_nirin,signs,3,「警笛区間」の標識の意味として正しいのはどれか。,0:歩行者・車両を問わず、すべての通行が禁止されていることを示す / 1:見通しの悪い区間など、必要に応じて警音器を鳴らすべき区間であることを示す / 2:付近に学校・幼稚園・保育所等があり、児童・幼児の飛び出し等に注意すべきことを示す / 3:道路の側端に対して平行に駐車すべきことを示す,1:見通しの悪い区間など、必要に応じて警音器を鳴らすべき区間であることを示す,「警笛区間」は規制標識（長方形・青地に白字とラッパの絵）で、見通しの悪い区間など、必要に応じて警音器を鳴らすべき区間であることを示すことを意味する。,fix,"factual,near_dup",警笛区間は補助標識。o317と重複,「警笛区間」は補助標識(区間を示す)と直す,道路標識、区画線及び道路標示に関する命令,要,,
o336,ogata_nirin,signs,3,「歩行者通行止め」の標識の意味として正しいのはどれか。,0:前方に十字路（交差点）があることを予告し、注意を促す / 1:前方にT字路があることを予告し、注意を促す / 2:その数字を超える速度での走行を禁止する / 3:歩行者の通行を禁止する,3:歩行者の通行を禁止する,「歩行者通行止め」は規制標識（円形・赤地に白のバツ印と歩行者の絵）で、歩行者の通行を禁止することを意味する。,fix,factual,歩行者通行止めは白地赤枠。赤地バツは誤り,「赤地に白のバツ印」を削除,道路標識、区画線及び道路標示に関する命令,要,,
o339,ogata_nirin,signs,3,「車両通行区分」の標識の意味として正しいのはどれか。,0:他の車両を追い越すために進路変更することを禁止する / 1:付近に学校・幼稚園・保育所等があり、児童・幼児の飛び出し等に注意すべきことを示す / 2:車両の種類ごとに通行すべき車両通行帯を指定する / 3:歩行者専用の道路であり、車両の通行を禁止する,2:車両の種類ごとに通行すべき車両通行帯を指定する,「車両通行区分」は指示標識（円形・青地に白の矢印と車両の絵）で、車両の種類ごとに通行すべき車両通行帯を指定することを意味する。,fix,factual,車両通行区分は規制標識(青丸)で指示標識ではない,解説の「指示標識」を「規制標識」に直す,道路標識、区画線及び道路標示に関する命令,要,,
o342,ogata_nirin,signs,3,「自動車専用」の標識の意味として正しいのはどれか。,0:前方に踏切があることを予告し、通過時の注意を促す / 1:自動車・原動機付自転車以外（歩行者・軽車両等）の通行を禁止する / 2:道路の側端に対して斜めに駐車すべきことを示す / 3:路面電車の停留所などで、歩行者が安全に待機するための場所であることを示す,1:自動車・原動機付自転車以外（歩行者・軽車両等）の通行を禁止する,「自動車専用」は規制標識（円形・青地に白の自動車の絵）で、自動車・原動機付自転車以外（歩行者・軽車両等）の通行を禁止することを意味する。,fix,factual,自動車専用は原付も通行不可。説明が誤り,「自動車以外(原付・歩行者・軽車両等)の通行を禁止」に直す,道路標識、区画線及び道路標示に関する命令,要,,
o343,ogata_nirin,signs,1,「軌道敷内通行可」の標識が意味するものとして正しいのはどれか。,0:自転車が道路を横断するための場所であることを示す / 1:大型乗用自動車（バス等）の通行を禁止する / 2:路面電車の軌道敷内を車両が通行できることを示す / 3:原動機付自転車や自転車など特定の車両が通行すべき車両通行帯を指定する,2:路面電車の軌道敷内を車両が通行できることを示す,「軌道敷内通行可」は指示標識（円形・青地に白の絵）で、路面電車の軌道敷内を車両が通行できることを示すことを意味する。,fix,factual,軌道敷内通行可は規制標識,解説の「指示標識」を「規制標識」に直す,道路標識、区画線及び道路標示に関する命令,要,,
o344,ogata_nirin,signs,2,円形で青地に赤の斜線と矢印の「車両横断禁止」の標識について、正しい説明はどれか。,0:自転車を除く軽車両（荷車など）の通行を禁止する / 1:原動機付自転車や自転車など特定の車両が通行すべき車両通行帯を指定する / 2:路面が滑りやすい状態にあることが多く、注意すべきことを示す / 3:車両が道路を横断（右左折を除く進路変更）することを禁止する,3:車両が道路を横断（右左折を除く進路変更）することを禁止する,「車両横断禁止」は規制標識（円形・青地に赤の斜線と矢印）で、車両が道路を横断（右左折を除く進路変更）することを禁止することを意味する。,fix,factual,車両横断禁止の図形説明が不確か,色形を削除し、意味のみ問う,道路標識、区画線及び道路標示に関する命令,要,,
o345,ogata_nirin,signs,3,「特定の種類の車両の通行区分」の標識の意味として正しいのはどれか。,0:原動機付自転車や自転車など特定の車両が通行すべき車両通行帯を指定する / 1:前方に踏切があることを予告し、通過時の注意を促す / 2:路面電車の停留所などで、歩行者が安全に待機するための場所であることを示す / 3:前方の道路に落石のおそれがあることを予告する,0:原動機付自転車や自転車など特定の車両が通行すべき車両通行帯を指定する,「特定の種類の車両の通行区分」は指示標識（円形・青地に白の矢印と特定車両の絵）で、原動機付自転車や自転車など特定の車両が通行すべき車両通行帯を指定することを意味する。,fix,factual,特定の種類の車両の通行区分は規制標識,解説の「指示標識」を「規制標識」に直す,道路標識、区画線及び道路標示に関する命令,要,,
o346,ogata_nirin,signs,1,「自転車以外の軽車両通行止め」の標識が意味するものとして正しいのはどれか。,0:前方の道路が右方向に大きく曲がっていることを予告する / 1:自転車を除く軽車両（荷車など）の通行を禁止する / 2:道路の側端に対して斜めに駐車すべきことを示す / 3:矢印で示された方向（直進）以外への進行を禁止する,1:自転車を除く軽車両（荷車など）の通行を禁止する,「自転車以外の軽車両通行止め」は規制標識（円形・赤地に白のバツ印と荷車の絵）で、自転車を除く軽車両（荷車など）の通行を禁止することを意味する。,fix,factual,軽車両通行止めの色形説明が誤り,「白地に赤枠」へ直す,道路標識、区画線及び道路標示に関する命令,要,,
o348,ogata_nirin,signs,3,「優先道路」の標識の意味として正しいのはどれか。,0:歩行者専用の道路であり、車両の通行を禁止する / 1:他の車両を追い越すために進路変更することを禁止する / 2:原動機付自転車や自転車など特定の車両が通行すべき車両通行帯を指定する / 3:その道路が交差点において優先道路であることを示す,3:その道路が交差点において優先道路であることを示す,「優先道路」は指示標識（円形の中に長方形・黄色地に白枠）で、その道路が交差点において優先道路であることを示すことを意味する。,fix,factual,優先道路は黄の菱形。「円形に長方形」は誤り,解説を「白地に黄色の菱形」に直す,道路標識、区画線及び道路標示に関する命令,要,,
o350,ogata_nirin,signs,2,円形で青地に赤の斜線と追越しの絵の「追越し禁止」の標識について、正しい説明はどれか。,0:自転車が道路を横断するための場所であることを示す / 1:他の車両を追い越すために進路変更することを禁止する / 2:自転車を除く軽車両（荷車など）の通行を禁止する / 3:その数字を下回る速度での走行を禁止する（高速道路等に設置）,1:他の車両を追い越すために進路変更することを禁止する,「追越し禁止」は規制標識（円形・青地に赤の斜線と追越しの絵）で、他の車両を追い越すために進路変更することを禁止することを意味する。,fix,"factual,ambiguous",追越し禁止は白地赤枠。青地は誤り,青地の記述を白地赤枠に直し、追越し自体の禁止と明記,道路標識、区画線及び道路標示に関する命令,要,,
at001,at_gentei,license_system,1,AT限定免許について正しいのはどれか。,0:排気量にかかわらずAT車のみ運転できる条件付き免許である / 1:AT限定免許は普通二輪免許とは別に取得する必要がある / 2:125cc以下のAT車専用の別区分の免許である / 3:AT限定免許ではAT車もMT車もどちらも運転できる,0:排気量にかかわらずAT車のみ運転できる条件付き免許である,AT限定は排気量区分（小型・普通・大型）にAT車のみという条件が付いた形態であり、独立した免許区分ではない。,keep,,事実・問いとも妥当,,道路交通法 第84〜88条,,,
at002,at_gentei,license_system,1,AT限定普通二輪免許でMT車（クラッチ操作が必要な車両）を運転した場合はどうなるか。,0:125cc以下であれば問題ない / 1:免許の条件に違反するため取り締まりの対象となる / 2:届け出をすれば運転できる / 3:AT限定免許の範囲内なので問題ない,1:免許の条件に違反するため取り締まりの対象となる,免許に付された「AT車に限る」という条件に違反する運転となり、免許条件違反として取り締まりの対象になる。,keep,obvious_longest,事実・問いとも妥当/正解が最長,,道路交通法 第84〜88条,,,
at003,at_gentei,license_system,1,AT限定免許を持つ人が、限定を解除してMT車も運転できるようにするための一般的な方法はどれか。,0:警察署に申請書を提出するだけで即日解除される / 1:一定年数の経過を待てば自動的に解除される / 2:教習所等でMT車の技能教習・審査を受けて限定解除の手続きを行う / 3:解除はできない制度になっている,2:教習所等でMT車の技能教習・審査を受けて限定解除の手続きを行う,AT限定の解除には、指定自動車教習所等でMT車の技能を修得し、審査等の手続きを経る必要がある。,keep,obvious_longest,事実・問いとも妥当/正解が最長,,道路交通法 第84〜88条,,,
at006,at_gentei,license_system,2,AT限定免許の技能教習・審査で重視される内容として適切なのはどれか。,0:キックスターターでの始動操作 / 1:スロットル操作による速度コントロールや低速でのバランス走行 / 2:クラッチ操作によるギアチェンジのタイミング / 3:ペダルによる変速操作,1:スロットル操作による速度コントロールや低速でのバランス走行,AT車にはクラッチ操作がないため、AT限定の教習・審査ではスロットルワークや低速バランスなどAT特有の操作が重視される。,keep,"topic_mismatch,obvious_other,obvious_longest",operationが妥当。キック始動等は不自然/正解が最長,,二輪免許 技能教習要領,,,
at007,at_gentei,license_system,1,運転免許証の条件欄に「AT車に限る」と記載されている場合の意味として正しいのはどれか。,0:AT車の購入時にのみ有効な条件 / 1:高速道路ではAT限定の条件が適用されないという意味 / 2:その二輪免許でクラッチ操作を要する車両を運転してはならないという条件 / 3:大型二輪にのみ適用される特別な注意書き,2:その二輪免許でクラッチ操作を要する車両を運転してはならないという条件,条件欄の記載は運転できる車両の範囲を限定するものであり、AT限定の場合はクラッチ操作を要する車両の運転が禁止される。,keep,obvious_longest,事実・問いとも妥当/正解が最長,,道路交通法 第84〜88条,,,
at008,at_gentei,license_system,1,AT限定免許で運転できる車両の例として正しいものはどれか。,0:レバー操作でクラッチを切るMT大型二輪車 / 1:手動でギアを踏み替えるロータリー式のMT車 / 2:足でクラッチ操作を行う一般的なMT二輪車 / 3:センターキーで発進するスクーター型のAT二輪車,3:センターキーで発進するスクーター型のAT二輪車,AT限定免許ではクラッチ操作を必要としないAT車（スクーター等）が運転対象となる。,keep,"obvious_other,weak_explanation",誤答が不自然(ロータリー式MT等)。正解は明確,,道路交通法 第84〜88条,,,
at009,at_gentei,rules,2,AT車のみを運転する条件がついた普通二輪免許で、原動機付自転車（原付一種）を運転することはできるか。,0:運転できる。上位免許には下位区分の運転資格が含まれる / 1:AT車限定なので原付は運転できない / 2:許可を受けた場合のみ運転できる / 3:運転できない。別途原付免許が必要である,0:運転できる。上位免許には下位区分の運転資格が含まれる,普通二輪免許（AT限定を含む）を持っていれば、原動機付自転車を含む下位区分の車両を運転する資格も含まれている。,keep,"topic_mismatch,obvious_longest",license_systemが妥当(免許で運転できる車両)/正解が最長,,道路交通法 第85条,,,
at012,at_gentei,rules,2,AT限定普通二輪車の最大積載量として正しいのはどれか。,0:100kg / 1:90kg / 2:30kg / 3:60kg,3:60kg,普通二輪車（側車付きを除く）の積載制限は60kgであり、これを超える積載は違反となる。,keep,,二輪の積載60kgは妥当,,道路交通法施行令 第22条,要,,
at015,at_gentei,rules,2,前車に続いて走行する際の車間距離の基本的な考え方として正しいのはどれか。,0:二輪車には車間距離の規定が適用されない / 1:前車との距離は常に一定でよい / 2:急停止しても追突しない距離を保つ / 3:速度が上がるほど車間距離を詰めてよい,2:急停止しても追突しない距離を保つ,車間距離は、前車が急停止した場合でも安全に停止できる距離を保つ必要があり、速度が上がるほど長く取る必要がある。,keep,obvious_other,基本事項。誤答が不自然,,道路交通法 第26条,,,
at016,at_gentei,rules,1,信号のない横断歩道に歩行者がいるとき、運転者が取るべき行動として正しいのはどれか。,0:歩行者がいても徐行すれば通過してよい / 1:クラクションを鳴らして歩行者に道を譲らせる / 2:歩行者が完全に渡り終わるまで停止する義務はない / 3:横断歩道の手前で一時停止し、歩行者の通行を妨げないようにする,3:横断歩道の手前で一時停止し、歩行者の通行を妨げないようにする,横断歩道を横断しようとする歩行者等がいるときは、その手前で一時停止し、歩行者の通行を妨げてはならない。,keep,obvious_longest,事実・問いとも妥当/正解が最長,,交通の方法に関する教則 / 道路交通法,,,
at017,at_gentei,rules,2,追い越しが禁止されている場所として正しいものはどれか。,0:トンネル内（車両通行帯のないもの） / 1:見通しのよい直線の一般道路 / 2:片側3車線の直線道路 / 3:駐車場の出入口付近,0:トンネル内（車両通行帯のないもの）,車両通行帯のないトンネル内や交差点の手前30m以内などは追い越しが禁止されている。,keep,obvious_longest,事実・問いとも妥当/正解が最長,,交通の方法に関する教則 / 道路交通法,,,
at018,at_gentei,rules,1,踏切の手前での運転者の義務として正しいのはどれか。,0:見通しがよければ徐行のみで通過してよい / 1:踏切の直前で一時停止し、安全を確認してから進行する / 2:遮断機が上がっていれば停止せず通過してよい / 3:二輪車は踏切での一時停止義務が免除される,1:踏切の直前で一時停止し、安全を確認してから進行する,踏切の直前では一時停止し、左右の安全を確認してから進行しなければならない（信号機により停止不要とされる場合を除く）。,keep,,事実・問いとも妥当,,交通の方法に関する教則 / 道路交通法,,,
at020,at_gentei,rules,2,駐車禁止場所として正しいものはどれか。,0:公園の敷地内の私有地 / 1:商業施設の駐車場内 / 2:一般の住宅の玄関前 / 3:駐車場や車庫の出入口から3m以内,3:駐車場や車庫の出入口から3m以内,自動車専用出入口から3m以内は駐車禁止場所とされている。,keep,"near_dup,obvious_longest",出入口3m以内は妥当。at094と同種(相手:at094)/正解が最長,,道路交通法 第45条第1項,要,,
at021,at_gentei,rules,1,飲酒運転に関する記述として正しいのはどれか。,0:酒気を帯びた状態での運転は一律に禁止されている / 1:少量の飲酒であれば二輪車の運転は問題ない / 2:呼気アルコール濃度が基準値未満なら罰則の対象外である / 3:運転者以外が酒気を帯びていても同乗できない,0:酒気を帯びた状態での運転は一律に禁止されている,道路交通法では、酒気を帯びた状態での運転そのものが禁止されており、量にかかわらず違反となる。,keep,,事実・問いとも妥当,,交通の方法に関する教則 / 道路交通法,,,
at022,at_gentei,rules,1,携帯電話の使用に関する規定として正しいのはどれか。,0:停止していれば信号待ち中でも使用してはならない / 1:走行中に手で保持して通話することは禁止されている / 2:二輪車の走行中は携帯電話の使用が特別に許可されている / 3:イヤホンを使えば走行中の通話操作は自由に行える,1:走行中に手で保持して通話することは禁止されている,走行中に携帯電話を手で保持して通話したり、画面を注視したりする行為は道路交通法で禁止されている。,keep,,2024-11の保持通話・注視禁止強化と整合。要確認,,道路交通法 第71条第5号の5,要,,
at024,at_gentei,rules,1,二輪車の灯火に関する記述として正しいのはどれか。,0:市街地の明るい道路では前照灯を消してもよい / 1:AT車は灯火の義務が免除される / 2:尾灯が点灯していれば前照灯は不要である / 3:夜間は前照灯及び尾灯（テールランプ）をつけて走行しなければならない,3:夜間は前照灯及び尾灯（テールランプ）をつけて走行しなければならない,夜間走行時は前照灯・尾灯など保安基準で定められた灯火を点灯させなければならない。,keep,obvious_longest,事実・問いとも妥当/正解が最長,,交通の方法に関する教則 / 道路交通法,,,
at025,at_gentei,rules,2,車両通行帯がある道路で、二輪車が通行すべき位置として正しいのはどれか。,0:最も左側の車両通行帯を通行するのが原則である / 1:常に最も右側の車両通行帯を通行しなければならない / 2:どの車両通行帯でも自由に選んでよい / 3:追い越し車線を常時走行してよい,0:最も左側の車両通行帯を通行するのが原則である,特別な事情がない限り、二輪車を含む車両は最も左側の車両通行帯を通行するのが原則である。,keep,,左側通行帯の原則。条件(標識等)の確認推奨,,道路交通法 第20条,要,,
at026,at_gentei,rules,1,徐行すべき場所として正しいのはどれか。,0:片側2車線以上の直線道路 / 1:見通しのきかない交差点 / 2:信号機のある広い交差点 / 3:高速道路の本線,1:見通しのきかない交差点,見通しのきかない交差点や道路の曲がり角付近などは徐行すべき場所として定められている。,keep,ambiguous,信号・優先道路なら徐行不要。条件不足気味,,道路交通法 第42条,要,,
at027,at_gentei,rules,2,警音器（クラクション）を鳴らさなければならない場面として正しいのはどれか。,0:対向車とすれ違うとき常に / 1:駐車場に進入するとき常に / 2:「警笛鳴らせ」の標識がある区間 / 3:他の車両を追い越すとき常に,2:「警笛鳴らせ」の標識がある区間,警音器は「警笛鳴らせ」の標識・標示がある場所などで鳴らすことが義務付けられており、それ以外でのむやみな使用は禁止されている。,keep,,警笛鳴らせ標識。基本事項として妥当,,道路交通法 第54条,,,
at028,at_gentei,rules,1,二輪車の法定点検・整備に関する運転者の義務として正しいのはどれか。,0:点検・整備はすべて販売店任せでよく、運転者に義務はない / 1:車検を受けていれば日常点検は不要である / 2:AT車は構造が単純なため点検義務が免除される / 3:日常点検を行い、整備不良の状態で運転しないようにする義務がある,3:日常点検を行い、整備不良の状態で運転しないようにする義務がある,運転者には日常点検を行い、整備不良の車両を運転しない義務がある。,keep,,事実・問いとも妥当,,交通の方法に関する教則 / 道路交通法,,,
at029,at_gentei,rules,1,信号の意味として正しいものはどれか。,0:黄色の灯火は、原則として車両は停止位置を越えて進行してはならない / 1:黄色の灯火は赤信号と同じ効力を持たない / 2:黄色の灯火は加速して交差点を通過せよという合図である / 3:黄色の灯火では歩行者のみが停止すればよい,0:黄色の灯火は、原則として車両は停止位置を越えて進行してはならない,黄色の灯火では、安全に停止できない場合を除き、車両は停止位置を越えて進行してはならない。,keep,,事実・問いとも妥当,,交通の方法に関する教則 / 道路交通法,,,
at030,at_gentei,rules,1,「一時停止」の標識がある交差点での義務として正しいのはどれか。,0:AT車は制動距離が短いため停止義務が緩和される / 1:停止線の直前で必ず一時停止し、安全を確認する / 2:見通しがよければ徐行するだけでよい / 3:対向車がいなければ停止しなくてよい,1:停止線の直前で必ず一時停止し、安全を確認する,「一時停止」の標識がある場所では、車両は停止線の直前で必ず一時停止しなければならない。,keep,,事実・問いとも妥当,,交通の方法に関する教則 / 道路交通法,,,
at031,at_gentei,rules,3,路線バス等の優先通行帯を、指定車両以外が通行する際の原則として正しいのはどれか。,0:バスが来ても速度を上げて先行してよい / 1:優先通行帯は追い越し専用の車線である / 2:後方からバス等が接近してきたときは速やかにその通行帯の外に出る / 3:優先通行帯には二輪車も含め一切進入できない,2:後方からバス等が接近してきたときは速やかにその通行帯の外に出る,路線バス等優先通行帯では、指定車両以外の車両は後方からバス等が接近した場合、速やかにその通行帯から出なければならない。,keep,obvious_longest,優先通行帯の原則は妥当/正解が最長,,道路交通法 第20条の2,要,,
at032,at_gentei,rules,3,高速道路を走行できるAT限定二輪免許の条件として正しいのはどれか。,0:125cc超のAT車のみ高速道路を走行できない / 1:小型限定を除きAT限定では高速道路の走行が禁止される / 2:AT限定免許では高速道路を走行できない / 3:普通・大型のAT限定二輪免許であれば高速道路を走行できる,3:普通・大型のAT限定二輪免許であれば高速道路を走行できる,普通・大型二輪のAT限定免許であれば、通常の二輪免許と同様に高速道路を走行できる（原付・小型限定は対象外）。,keep,"near_dup,obvious_other",高速可否は妥当。at036と同種(相手:at036),,道路交通法 第75条の4・同施行令,要,,
at033,at_gentei,rules,2,交差点の手前で進路を変えて右左折の準備をする際の合図のタイミングとして正しいのはどれか。,0:右左折しようとする地点から30m手前で合図を出す / 1:見通しがよければ合図を省略してよい / 2:右左折を開始した直後に合図を出す / 3:合図は交差点内に入ってから出せばよい,0:右左折しようとする地点から30m手前で合図を出す,右左折の合図は、右左折しようとする地点の30m手前で行うことが定められている。,keep,obvious_longest,右左折30m手前は妥当/正解が最長,,道路交通法施行令 第21条,要,,
at034,at_gentei,rules,5,環状交差点（ラウンドアバウト）における二輪車の通行方法として正しいのはどれか。,0:反時計回りに一方通行で通行する / 1:徐行しながら時計回りに進行し、環道内の車両を優先させる / 2:環状交差点では一時停止が常に必要である / 3:環道内では速度制限が適用されない,1:徐行しながら時計回りに進行し、環道内の車両を優先させる,環状交差点では車両は徐行しながら時計回り（右回り）に進行し、既に環道を通行している車両の進行を妨げてはならない。,keep,obvious_longest,環状交差点の時計回りは妥当。難度は低め/正解が最長,,道路交通法 第4条第2項・第37条の2,,,
at035,at_gentei,rules,3,停止距離（空走距離＋制動距離）についての記述として正しいのはどれか。,0:空走距離は速度に関係なく一定である / 1:制動距離は速度に比例して直線的に増える / 2:速度が2倍になると制動距離はおよそ4倍になる / 3:速度が2倍になっても制動距離は変わらない,2:速度が2倍になると制動距離はおよそ4倍になる,制動距離は速度の2乗にほぼ比例して増加するため、速度が2倍になると制動距離はおよそ4倍になる。,keep,topic_mismatch,operation/hazard_predictionでも可,,交通の方法に関する教則 第2章,,,
at037,at_gentei,rules,3,駐車車両を避けるため中央線をはみ出して通行する場合の注意点として正しいのはどれか。,0:対向車の有無を十分確認し、安全な場合のみ最小限はみ出して通行する / 1:駐車車両があれば常に中央線をはみ出してよい / 2:はみ出し通行は理由を問わず全面禁止である / 3:AT車であれば中央線を越えて通行しても問題ない,0:対向車の有無を十分確認し、安全な場合のみ最小限はみ出して通行する,やむを得ず中央線をはみ出す場合は、対向車の安全を十分確認したうえで必要最小限の範囲にとどめなければならない。,keep,obvious_longest,事実・問いとも妥当/正解が最長,,交通の方法に関する教則 / 道路交通法,,,
at039,at_gentei,hazard_prediction,2,交差点付近で駐車車両の陰から歩行者が飛び出してくる危険を予測する際、二輪車の運転者が取るべき行動として正しいのはどれか。,0:クラクションを鳴らし続ければ速度を落とす必要はない / 1:駐車車両の陰は見通しがよいため速度を上げてよい / 2:駐車車両に近づく前に速度を落とし、いつでも止まれる状態にする / 3:駐車車両との間隔を詰めて素早く通過する,2:駐車車両に近づく前に速度を落とし、いつでも止まれる状態にする,駐車車両の陰からの歩行者・自転車の飛び出しは予測しづらい危険であり、事前に速度を落とし対応できる状態を保つことが重要。,keep,,事実・問いとも妥当,,交通の方法に関する教則 第4章,,,
at040,at_gentei,hazard_prediction,1,見通しの悪い交差点に進入する際の危険予測として、最も適切な行動はどれか。,0:対向車が来なければ確認せず進入してよい / 1:信号がなければ確認は不要である / 2:見えないからこそ速度を上げて早く通過する / 3:速度を十分落とし、左右の安全を確認しながら進入する,3:速度を十分落とし、左右の安全を確認しながら進入する,見通しの悪い交差点では、速度を落として左右の安全を確認しながら進入することで、出会い頭の事故を防げる。,keep,,事実・問いとも妥当,,交通の方法に関する教則 第4章,,,
at041,at_gentei,hazard_prediction,2,雨天時の二輪車走行で特に注意すべき危険として正しいのはどれか。,0:マンホールや白線（路面標示）はタイヤが滑りやすくなる / 1:雨天時は車間距離を詰めても安全性は変わらない / 2:雨天時はドライ路面よりブレーキが効きやすくなる / 3:雨天時はタイヤの摩擦係数が上がる,0:マンホールや白線（路面標示）はタイヤが滑りやすくなる,雨天時、マンホールの蓋や白線などの塗装面は特に滑りやすくなり、スリップの危険が高まる。,keep,,事実・問いとも妥当,,交通の方法に関する教則 第4章,,,
at042,at_gentei,hazard_prediction,2,大型車の後ろを走行しているとき、二輪車の運転者が注意すべき危険として正しいのはどれか。,0:大型車の後ろは視界が良好になる / 1:大型車の死角に入りやすく、前方の状況も見えにくくなる / 2:大型車の後ろは風の影響を受けないため安全である / 3:大型車の後方であれば車間距離を詰めても問題ない,1:大型車の死角に入りやすく、前方の状況も見えにくくなる,大型車の後方は運転者の死角に入りやすいうえ、前方の信号や障害物の視界も遮られるため、車間距離を保ち位置取りに注意する必要がある。,keep,,事実・問いとも妥当,,交通の方法に関する教則 第4章,,,
at043,at_gentei,hazard_prediction,1,子どもが多い住宅街の道路を走行する際の危険予測として適切なのはどれか。,0:見える範囲に子どもがいなければ注意は不要である / 1:子どもは注意して行動するはずなので通常の速度でよい / 2:ボールが飛び出す可能性を考え、あらかじめ速度を落として走行する / 3:住宅街では法定速度を超えて走行してもよい,2:ボールが飛び出す可能性を考え、あらかじめ速度を落として走行する,住宅街ではボール遊びをしている子どもが急に道路に飛び出す可能性があり、あらかじめ速度を落として備える必要がある。,keep,,事実・問いとも妥当,,交通の方法に関する教則 第4章,,,
at044,at_gentei,hazard_prediction,4,対向車線から右折待ちをしている車両がある交差点を直進する際の危険予測として正しいのはどれか。,0:右折待ち車両がいる場合は速度を上げて先に通過すべきである / 1:右折待ち車両は必ず自分の通過を待ってくれるので注意不要 / 2:右折待ち車両の陰からの危険は二輪車には関係ない / 3:右折車が無理に発進してくる可能性を考え、速度と進路に注意する,3:右折車が無理に発進してくる可能性を考え、速度と進路に注意する,右折待ち車両は対向車の切れ目を見て発進しようとするため、直進する二輪車を見落として発進してくることがあり注意が必要。,keep,,事実・問いとも妥当,,交通の方法に関する教則 第4章,,,
at045,at_gentei,hazard_prediction,4,坂道の下りでAT車特有の注意点として正しいのはどれか。,0:エンジンブレーキの効きがMT車より弱いため、フットブレーキの活用を意識する / 1:AT車はMT車よりエンジンブレーキが強く効くため速度管理が容易である / 2:下り坂ではブレーキを使わず惰性で走行するのが基本である / 3:AT車には下り坂特有の注意点はない,0:エンジンブレーキの効きがMT車より弱いため、フットブレーキの活用を意識する,AT車（CVT等）はギアを選んで意図的な減速をしにくく、エンジンブレーキの効きがMT車ほど明確でないため、下り坂ではブレーキ操作でしっかり速度をコントロールする必要がある。,keep,near_dup,at063とほぼ同じ。AT車のエンジンブレーキは教則外(相手:at063),,交通の方法に関する教則 第4章,要,,
at047,at_gentei,hazard_prediction,4,交差点右折時、対向直進の二輪車を見落としやすい理由として正しいのはどれか。,0:二輪車は車幅が広いため右折車から見えやすい / 1:対向車線に二輪車がいる場合、右折車には確認義務がない / 2:二輪車は車体が小さく速度の判断がしにくいため、他の車両より見落とされやすい / 3:二輪車は必ず徐行しているため見落とされることはない,2:二輪車は車体が小さく速度の判断がしにくいため、他の車両より見落とされやすい,二輪車は車体が小さく速度・距離感がつかみにくいため、右折しようとする対向車から見落とされやすく、これを前提に自ら備える必要がある。,keep,obvious_longest,事実・問いとも妥当/正解が最長,,交通の方法に関する教則 第4章,,,
at048,at_gentei,hazard_prediction,2,強い横風が吹く橋の上などを走行する際の注意点として正しいのはどれか。,0:横風対策としてハンドルを緩く握るのがよい / 1:横風の影響を受けやすいのでできるだけ速度を上げて一気に通過する / 2:横風は二輪車の走行にほとんど影響しない / 3:ハンドルをしっかり保持し、速度を落として通過する,3:ハンドルをしっかり保持し、速度を落として通過する,橋の上などの強風区間では、車体が振られやすいためハンドルをしっかり保持し、速度を落として安全に通過する。,keep,,事実・問いとも妥当,,交通の方法に関する教則 第4章,,,
at049,at_gentei,hazard_prediction,1,先行車が急に速度を落とした場合に考えられる危険として、二輪車の運転者が予測すべきことは何か。,0:前方に障害物や歩行者、渋滞などがある可能性を考え、自分も速やかに減速する / 1:先行車の減速は誤操作であることが多いので無視してよい / 2:先行車が減速しても自車の速度を維持してよい / 3:先行車との車間が十分であれば確認は不要である,0:前方に障害物や歩行者、渋滞などがある可能性を考え、自分も速やかに減速する,先行車の急な減速には前方に危険要因がある可能性が高く、二輪車の運転者も速やかに状況を確認し減速する必要がある。,keep,obvious_longest,事実・問いとも妥当/正解が最長,,交通の方法に関する教則 第4章,,,
at050,at_gentei,hazard_prediction,4,駐車場や狭い場所でAT車を取り回す際に特に注意すべき危険として正しいのはどれか。,0:AT車は低速走行時に限りブレーキが効かなくなる / 1:スロットルを不用意に開けすぎると急発進しやすいため、低速では慎重に操作する / 2:AT車はクラッチ操作がある分、MT車より低速での操作が難しい / 3:AT車の低速取り回しにはMT車と同様のクラッチ操作が必要である,1:スロットルを不用意に開けすぎると急発進しやすいため、低速では慎重に操作する,AT車はスロットル操作のみで駆動力が伝わるため、低速時にアクセルを開けすぎると急発進しやすく、取り回し時は慎重なスロットル操作が必要。,keep,,事実・問いとも妥当,,交通の方法に関する教則 第4章,,,
at051,at_gentei,hazard_prediction,2,交差点で信号が青に変わった直後に発進する際の危険予測として適切なのはどれか。,0:青に変わった瞬間はすべての交通が停止しているので安全である / 1:青信号になれば安全確認をせず即座に発進してよい / 2:赤信号を無視して進入してくる車両があり得ることを考え、周囲を確認してから発進する / 3:自分の信号が青である以上、他の車両の動きは考慮不要である,2:赤信号を無視して進入してくる車両があり得ることを考え、周囲を確認してから発進する,信号が青になった直後でも、赤信号を無視して交差点に進入してくる車両がある可能性を考え、確認してから発進することが重要。,keep,obvious_longest,青直後の確認。妥当/正解が最長,,交通の方法に関する教則 第4章,,,
at052,at_gentei,hazard_prediction,4,夜間走行時に対向車のライトで眩惑（げんわく）された場合の対応として正しいのはどれか。,0:眩惑されても速度はそのまま維持してよい / 1:対向車のライトを直視して距離を測る / 2:ハイビームのまま対向車に近づけば問題ない / 3:視線をやや左前方に向け、速度を落として対応する,3:視線をやや左前方に向け、速度を落として対応する,対向車のライトで眩惑されたときは、視線を左前方の路肩寄りに向けて直視を避け、速度を落として安全を確保する。,keep,,事実・問いとも妥当,,交通の方法に関する教則 第4章,,,
at053,at_gentei,hazard_prediction,4,二輪車で急な下り坂のカーブに進入する際の危険予測として正しいのはどれか。,0:カーブの手前で十分に減速し、遠心力とブレーキの影響を考慮する / 1:カーブ内ではブレーキをかけるほど安定する / 2:下り坂のカーブでは加速してから曲がるのが安全である / 3:カーブ内で速度を落とせば十分であり、手前での減速は不要,0:カーブの手前で十分に減速し、遠心力とブレーキの影響を考慮する,下り坂のカーブはカーブ中の急ブレーキが転倒につながりやすいため、カーブの手前で十分に減速しておくことが重要。,keep,,事実・問いとも妥当,,交通の方法に関する教則 第4章,,,
at054,at_gentei,hazard_prediction,2,交差点で自転車横断帯付近を通過する際の危険予測として正しいのはどれか。,0:自転車は必ず徐行するため注意不要である / 1:自転車が信号や一時停止を守らず横断してくる可能性を考慮する / 2:自転車横断帯は歩行者専用なので二輪車は考慮しなくてよい / 3:自転車横断帯付近では速度を落とす必要はない,1:自転車が信号や一時停止を守らず横断してくる可能性を考慮する,自転車は交通ルールを守らず横断してくることがあるため、自転車横断帯付近では速度を落とし、その動きに注意する必要がある。,keep,,事実・問いとも妥当,,交通の方法に関する教則 第4章,,,
at055,at_gentei,hazard_prediction,4,トンネル出入口付近を走行する際の危険予測として正しいのはどれか。,0:サングラスをすれば明暗差の影響は一切ない / 1:トンネル内外の明るさの違いは二輪車の運転に影響しない / 2:明暗の急な変化により視界が一時的に低下することを考え速度を落とす / 3:トンネル出入口では常に視界が良好なので速度を上げてよい,2:明暗の急な変化により視界が一時的に低下することを考え速度を落とす,トンネルの出入口では急激な明暗の変化により一時的に視界が低下するため、あらかじめ速度を落として備える必要がある。,keep,,事実・問いとも妥当,,交通の方法に関する教則 第4章,,,
at056,at_gentei,hazard_prediction,2,荷物を積んだトラックの近くを走行する際に注意すべき危険として正しいのはどれか。,0:トラックの近くは風の影響を受けないため安全である / 1:トラックの直後は視界がよく安全な位置取りである / 2:積み荷は必ず固定されているため注意不要である / 3:積み荷が落下・飛散する可能性を考慮し、車間や側方の距離をとる,3:積み荷が落下・飛散する可能性を考慮し、車間や側方の距離をとる,トラックからの積み荷の落下・飛散はまれにあり得る危険であり、車間距離や側方間隔を十分に取ることが望ましい。,keep,,事実・問いとも妥当,,交通の方法に関する教則 第4章,,,
at057,at_gentei,hazard_prediction,2,路上駐車の多い商店街を走行する際の危険予測として正しいのはどれか。,0:駐車車両のドアが急に開く可能性を考え、側方に十分な間隔をとる / 1:ドアが開く危険は自動車のみに関係し二輪車には無関係である / 2:駐車車両の横は必ず安全なので間隔を詰めてよい / 3:商店街では歩行者以外の危険を考慮しなくてよい,0:駐車車両のドアが急に開く可能性を考え、側方に十分な間隔をとる,駐車中の車両からドアが急に開く「ドア開放事故」の危険があるため、側方に十分な間隔をとって走行する必要がある。,keep,,事実・問いとも妥当,,交通の方法に関する教則 第4章,,,
at058,at_gentei,hazard_prediction,2,交差点手前で先行の自動車が急ハンドルを切った場合、二輪車の運転者が予測すべき危険として正しいのはどれか。,0:先行車の運転ミスであり自車には無関係な事象 / 1:前方に道路の陥没や落下物、動物などの障害物がある可能性 / 2:先行車が急ハンドルを切っても速度を落とす必要はない / 3:急ハンドルは常に信号無視を意味する,1:前方に道路の陥没や落下物、動物などの障害物がある可能性,先行車の急な進路変更は前方の障害物を避けた可能性があり、二輪車も速度を落とし状況を確認する必要がある。,keep,,事実・問いとも妥当,,交通の方法に関する教則 第4章,,,
at059,at_gentei,hazard_prediction,2,砂利道や落ち葉の積もった路面を走行する際の危険予測として正しいのはどれか。,0:落ち葉の上は乾いたアスファルトより摩擦が大きい / 1:砂利道ではむしろ急ハンドルで素早く通過するのが安全 / 2:急なブレーキやハンドル操作を避け、速度を落として直線的に通過する / 3:砂利道でも通常どおりの速度・操作で問題ない,2:急なブレーキやハンドル操作を避け、速度を落として直線的に通過する,砂利や落ち葉の積もった路面はタイヤのグリップが低下するため、速度を落とし急な操作を避けて直線的に通過するのが安全。,keep,,事実・問いとも妥当,,交通の方法に関する教則 第4章,,,
at060,at_gentei,hazard_prediction,4,見通しの悪いカーブの先に危険物（落下物や事故車両など）がある可能性を考えた運転として正しいのはどれか。,0:カーブの先の危険は予測できないため対策のしようがない / 1:見通しが悪いほど速度を上げて早く通過すべきである / 2:対向車線に何もなければ自車線の先も安全と判断してよい / 3:カーブの先が見えるまで速度を控えめにし、すぐに対応できる状態を保つ,3:カーブの先が見えるまで速度を控えめにし、すぐに対応できる状態を保つ,見通しの悪いカーブでは先の状況が分からないため、速度を控えめにしていつでも止まれる状態で進行することが重要。,keep,,事実・問いとも妥当,,交通の方法に関する教則 第4章,,,
at061,at_gentei,operation,1,AT車の発進操作の基本として正しいのはどれか。,0:クラッチ操作は不要で、スロットルを緩やかに開けて発進する / 1:MT車と同様にクラッチレバーを操作しながら発進する / 2:ギアを手動で1速に入れてから発進する / 3:発進時は必ず後輪ブレーキのみを使用する,0:クラッチ操作は不要で、スロットルを緩やかに開けて発進する,AT車には遠心クラッチなどが内蔵されておりクラッチ操作が不要なため、スロットルを緩やかに開けるだけで発進できる。,keep,,事実・問いとも妥当,,二輪車の運転方法(教則 第3章),,,
at062,at_gentei,operation,2,AT車のスロットル操作に関する注意点として正しいのはどれか。,0:AT車はスロットルを開けても急加速することはない / 1:急激にスロットルを開けると急加速し、バランスを崩しやすい / 2:低速時はスロットルを大きく開けるほど安全である / 3:スロットルは一気に開けたほうが安定して発進できる,1:急激にスロットルを開けると急加速し、バランスを崩しやすい,AT車はクラッチの繋がりが自動で行われるため、スロットルを急に開けると想定以上の急加速につながりやすく、慎重な操作が必要。,keep,near_dup,at050と同趣旨(スロットル急開)(相手:at050),,二輪車の運転方法(教則 第3章),,,
at063,at_gentei,operation,2,AT車のエンジンブレーキに関する記述として正しいのはどれか。,0:AT車はMT車よりエンジンブレーキが強く効く / 1:エンジンブレーキが弱い分、前輪ブレーキを使用してはならない / 2:MT車に比べてエンジンブレーキの効きが弱い傾向があり、フットブレーキを積極的に使う / 3:AT車にはエンジンブレーキという概念が存在しない,2:MT車に比べてエンジンブレーキの効きが弱い傾向があり、フットブレーキを積極的に使う,AT車はギアを選んでエンジンブレーキを積極的にかける操作がしにくいため、MT車に比べて効きが弱い傾向があり、フットブレーキの活用が重要になる。,keep,obvious_longest,AT車のエンジンブレーキは教則外の記述。要確認/正解が最長,,二輪車の運転方法(教則 第3章),要,,
at064,at_gentei,operation,1,信号待ちなどでAT車を停止させる際の操作として適切なのはどれか。,0:停止中もクラッチレバーを握り続ける必要がある / 1:スロットルを開けたままブレーキだけで停止する / 2:停止時はギアをニュートラルに入れ替える操作が必須である / 3:ブレーキをかけてスロットルを戻し、しっかり停止する,3:ブレーキをかけてスロットルを戻し、しっかり停止する,AT車は停止時にスロットルを戻し、前後輪のブレーキを適切に使って確実に停止することが基本操作となる。,keep,,事実・問いとも妥当,,二輪車の運転方法(教則 第3章),,,
at065,at_gentei,operation,2,AT車における前輪ブレーキと後輪ブレーキの一般的な使い方として正しいのはどれか。,0:前後輪のブレーキをバランスよく併用し、状況に応じて配分を調整する / 1:前輪ブレーキのみを使用し、後輪ブレーキは使わない / 2:急制動時は後輪ブレーキだけを強くかける / 3:後輪ブレーキのみを使用し、前輪ブレーキは使わない,0:前後輪のブレーキをバランスよく併用し、状況に応じて配分を調整する,制動力の大部分は前輪が担うが、安定した減速には前後輪ブレーキを適切に併用することが重要である。,keep,obvious_longest,事実・問いとも妥当/正解が最長,,二輪車の運転方法(教則 第3章),,,
at066,at_gentei,operation,1,スクーター型AT車のセンタースタンドを立てる際の一般的な操作として正しいのはどれか。,0:スタンドは走行中に立てても問題ない / 1:車体を垂直に近い状態に保ちながらスタンドを踏み込んで立てる / 2:車体を大きく傾けたままスタンドを踏み込む / 3:エンジンをかけたままスタンドを操作する,1:車体を垂直に近い状態に保ちながらスタンドを踏み込んで立てる,センタースタンドは車体をできるだけ垂直に近い状態に保ちながら踏み込んで立てるのが基本操作である。,keep,"topic_mismatch,obvious_longest",operation寄り。操作手順は教則に明確な根拠なし/正解が最長,,二輪車の運転方法(教則 第3章),要,,
at067,at_gentei,operation,2,カーブを曲がるときの二輪車の基本的な操作として正しいのはどれか。,0:カーブでは加速しながら向きを変えるのが基本である / 1:カーブの中でブレーキを強くかけながら曲がる / 2:カーブの手前で十分に減速し、カーブ中は一定の速度を保つ / 3:カーブの半径にかかわらず同じ速度で進入してよい,2:カーブの手前で十分に減速し、カーブ中は一定の速度を保つ,カーブでは進入前に十分減速し、カーブ中は急なブレーキやアクセル操作を避けて安定した速度で通過するのが基本。,keep,,事実・問いとも妥当,,二輪車の運転方法(教則 第3章),,,
at068,at_gentei,operation,4,AT車での急な坂道発進時に注意すべき操作として正しいのはどれか。,0:坂道発進ではスロットルを一気に全開にするのが基本である / 1:AT車は坂道発進時に特別な操作を要しない / 2:坂道発進では常にフロントブレーキのみを使う / 3:後方への車体のずり下がりを防ぐため、リアブレーキを使いながらスロットルを調整する,3:後方への車体のずり下がりを防ぐため、リアブレーキを使いながらスロットルを調整する,坂道発進ではリアブレーキで車体の後退を防ぎながら、スロットルを緩やかに開けて発進することが基本操作となる。,keep,obvious_longest,事実・問いとも妥当/正解が最長,,二輪車の運転方法(教則 第3章),,,
at069,at_gentei,operation,1,二輪車の基本姿勢（ライディングポジション）として適切なのはどれか。,0:ニーグリップを意識し、力を抜いて自然な姿勢で座る / 1:常にハンドルに体重を大きく預けた前傾姿勢を保つ / 2:肩や腕に力を入れてハンドルを強く握りしめる / 3:足はステップから離して開いたまま走行する,0:ニーグリップを意識し、力を抜いて自然な姿勢で座る,安定した走行のためには、ニーグリップで車体を安定させつつ、上半身の余計な力を抜いた自然な姿勢を保つことが重要。,keep,,事実・問いとも妥当,,二輪車の運転方法(教則 第3章),,,
at070,at_gentei,operation,4,AT車で低速のUターンを行う際のポイントとして正しいのはどれか。,0:スロットルを大きく開けて勢いで回るのがよい / 1:半クラッチに相当する微妙なスロットルコントロールとリアブレーキの併用でバランスを保つ / 2:視線は常にハンドル付近を見ておく / 3:低速Uターンではブレーキを一切使わない,1:半クラッチに相当する微妙なスロットルコントロールとリアブレーキの併用でバランスを保つ,AT車はクラッチレバーがない分、スロットルの微妙な開閉とリアブレーキの軽い併用で速度を微調整し、バランスを保ちながら低速旋回する。,keep,obvious_longest,事実・問いとも妥当/正解が最長,,二輪車の運転方法(教則 第3章),,,
at071,at_gentei,operation,2,二輪車のギアが存在しないAT車（無段変速機＝CVT）の特徴として正しいのはどれか。,0:決まった段数のギアを手動で選択して変速する / 1:変速比は常に固定されている / 2:エンジン回転数と車速の関係が自動で無段階に変化する / 3:CVTには駆動系のベルトが使用されていない,2:エンジン回転数と車速の関係が自動で無段階に変化する,CVT（無段変速機）は決まった変速段を持たず、プーリーとベルトによりエンジン回転数と車速の関係を無段階に自動制御する。,keep,,事実・問いとも妥当,,二輪車の運転方法(教則 第3章),,,
at072,at_gentei,operation,2,停止直前のブレーキ操作として適切なのはどれか。,0:停止直前までブレーキを強くかけ続けるのがよい / 1:停止直前は急にブレーキを強める / 2:停止直前はブレーキを完全に離す / 3:完全に停止する直前にブレーキを少し緩め、衝撃を和らげる,3:完全に停止する直前にブレーキを少し緩め、衝撃を和らげる,停止する直前にわずかにブレーキを緩めることで、前のめりの衝撃を抑え、スムーズに停止できる。,keep,,事実・問いとも妥当,,二輪車の運転方法(教則 第3章),,,
at074,at_gentei,operation,2,視線の配り方として、二輪車運転時に適切なのはどれか。,0:カーブでは曲がりたい方向と逆側を見る / 1:進行方向の遠くを見ながら、近くの状況も周辺視野で捉える / 2:常にすぐ前方のタイヤ付近だけを注視する / 3:視線はハンドル操作に合わせて左右に大きく振る,1:進行方向の遠くを見ながら、近くの状況も周辺視野で捉える,二輪車の運転では進行方向の遠くを見て進路を予測しつつ、周辺視野で近くの状況も把握することが基本とされる。,keep,,事実・問いとも妥当,,二輪車の運転方法(教則 第3章),,,
at075,at_gentei,operation,2,AT車のリアブレーキ（後輪ブレーキ）の役割として適切なのはどれか。,0:リアブレーキのみで急制動すべきである / 1:リアブレーキはAT車には搭載されていない / 2:低速時の細かい速度調整や車体を安定させる目的で使う / 3:高速からの急制動時には一切使用しない,2:低速時の細かい速度調整や車体を安定させる目的で使う,リアブレーキは低速での微妙な速度コントロールや、車体の安定に有効であり、フロントブレーキと組み合わせて使う。,keep,,事実・問いとも妥当,,二輪車の運転方法(教則 第3章),,,
at076,at_gentei,operation,4,段差を乗り越える際の二輪車の基本操作として正しいのはどれか。,0:段差の手前でブレーキを強くかけたまま通過する / 1:段差はできるだけ高速で一気に通過するのが安全である / 2:段差を通過する際はハンドルを大きく切るのがよい / 3:段差の手前で速度を落とし、体を少し浮かせるようにして衝撃を吸収する,3:段差の手前で速度を落とし、体を少し浮かせるようにして衝撃を吸収する,段差を通過する際は速度を落とし、腰を浮かせるなどして衝撃を吸収することで、転倒やパンクのリスクを減らせる。,keep,obvious_longest,事実・問いとも妥当/正解が最長,,二輪車の運転方法(教則 第3章),,,
at077,at_gentei,operation,1,AT車のミラー確認に関する基本として正しいのはどれか。,0:発進前や進路変更前など、ミラーで後方の安全を必ず確認する / 1:AT車はクラッチ操作がない分、ミラー確認を省略してよい / 2:後方確認はミラーではなく音で判断すればよい / 3:ミラーは駐車時にのみ使用すればよい,0:発進前や進路変更前など、ミラーで後方の安全を必ず確認する,発進・進路変更・右左折の前には、ミラーによる後方確認と必要に応じた目視確認を行うことが安全運転の基本である。,keep,,事実・問いとも妥当,,二輪車の運転方法(教則 第3章),,,
at078,at_gentei,operation,4,二輪車の急ブレーキ時に転倒を避けるための操作として正しいのはどれか。,0:急ブレーキ時は車体を大きく傾けたまま止まる / 1:前後輪のブレーキを同時に使い、ハンドルをまっすぐに保つ / 2:急ブレーキ時はハンドルを大きく切って回避する / 3:急ブレーキ時は前輪ブレーキのみを強くかける,1:前後輪のブレーキを同時に使い、ハンドルをまっすぐに保つ,急制動時は前後輪のブレーキをバランスよく使い、車体とハンドルをできるだけまっすぐに保つことで転倒のリスクを減らせる。,keep,,事実・問いとも妥当,,二輪車の運転方法(教則 第3章),,,
at080,at_gentei,operation,1,二輪車におけるニーグリップの目的として正しいのはどれか。,0:ハンドル操作を補助するため両手でタンクを挟む動作である / 1:エンジンの冷却効果を高めるための動作である / 2:ブレーキ操作を強化するための動作である / 3:タンクを両膝で挟み、車体と一体化して安定させるため,3:タンクを両膝で挟み、車体と一体化して安定させるため,ニーグリップは両膝でタンク付近を挟み、車体と体を一体化させることで走行安定性を高める基本動作である。,keep,obvious_other,選択肢1が不自然。正解は明確,,二輪車の運転方法(教則 第3章),,,
at081,at_gentei,operation,5,路面のわだち（轍）がある道路を走行する際の操作として正しいのはどれか。,0:わだちに沿ってハンドルを取られないよう、車体をまっすぐ保ちながら通過する / 1:わだちの中では速度を上げて一気に抜けるのがよい / 2:わだちがある道路では前輪ブレーキのみを使う / 3:わだちを避けるため急にハンドルを切って車線をまたぐ,0:わだちに沿ってハンドルを取られないよう、車体をまっすぐ保ちながら通過する,わだちにタイヤが取られるとふらつきの原因になるため、車体をまっすぐ保ちながら慎重に通過する必要がある。,keep,obvious_longest,事実・問いとも妥当/正解が最長,,二輪車の運転方法(教則 第3章),,,
at082,at_gentei,operation,1,AT車で駐車時にエンジンを切った後の基本操作として正しいのはどれか。,0:ハンドルロックは走行中に使用する装置である / 1:ハンドルロックをかけ、サイドスタンドまたはセンタースタンドで確実に固定する / 2:エンジンを切ればスタンドは立てなくてもよい / 3:駐車時はブレーキレバーを握ったままにしておけば固定できる,1:ハンドルロックをかけ、サイドスタンドまたはセンタースタンドで確実に固定する,駐車時はスタンドで車体を確実に固定し、盗難防止のためハンドルロックをかけることが基本操作である。,keep,obvious_longest,事実・問いとも妥当/正解が最長,,二輪車の運転方法(教則 第3章),,,
at083,at_gentei,operation,2,交差点を左折する際の二輪車の基本的な進路取りとして正しいのはどれか。,0:対向車線側に一度出てから左折する / 1:交差点の中央付近まで進んでから左折する / 2:あらかじめ道路の左端に寄り、大きく膨らまずに小回りで曲がる / 3:左折時は右側に寄ってから急に左へ切る,2:あらかじめ道路の左端に寄り、大きく膨らまずに小回りで曲がる,左折時は事前に道路の左端に寄せ、巻き込み防止のため大きく膨らまず小回りで曲がるのが基本である。,keep,obvious_longest,事実・問いとも妥当/正解が最長,,二輪車の運転方法(教則 第3章),,,
at084,at_gentei,operation,2,急なカーブでの視線移動として適切なのはどれか。,0:カーブでは視線を動かさず正面のみを見る / 1:視線は常に自分の前輪付近に固定する / 2:カーブの入り口付近だけを見続ける / 3:曲がろうとする方向の先を見ることで、自然に車体とハンドルがついてくる,3:曲がろうとする方向の先を見ることで、自然に車体とハンドルがついてくる,カーブでは曲がろうとする方向の先（進行したい先）を見ることで、自然な操作で車体がその方向に向かいやすくなる。,keep,obvious_longest,事実・問いとも妥当/正解が最長,,二輪車の運転方法(教則 第3章),,,
at086,at_gentei,parking,2,停車の定義として正しいのはどれか。,0:停車には時間の制限が一切ない / 1:駐車に当たらない短時間の停止で、運転者がすぐに運転できる状態にあること / 2:5分を超える停止はすべて停車に分類される / 3:停車中は運転者が車両を離れてもよい,1:駐車に当たらない短時間の停止で、運転者がすぐに運転できる状態にあること,停車とは、駐車に当たらない程度の短時間の停止であり、運転者が車両からすぐに離れず、いつでも運転できる状態を指す。,keep,"ambiguous,obvious_longest",停車の定義は概ね妥当だが厳密性に難/正解が最長,,道路交通法 第2条第1項第19号,要,,
at087,at_gentei,parking,5,駐車禁止場所として正しいものはどれか。,0:私有地である月極駐車場 / 1:一般の商店街の歩道 / 2:火災報知機から1m以内の場所 / 3:駐車場の敷地内の指定区画,2:火災報知機から1m以内の場所,火災報知機から1m以内は駐車禁止場所として指定されている。,keep,near_dup,火災報知機1m以内は妥当。at125と重複(相手:at125),,道路交通法 第45条,要,,
at088,at_gentei,parking,2,駐停車禁止場所として正しいものはどれか。,0:一方通行の道路であればどこでも駐停車できる / 1:交差点の側端から10m以上離れた直線区間 / 2:横断歩道から10m以上離れた場所 / 3:交差点の側端または道路の曲がり角から5m以内,3:交差点の側端または道路の曲がり角から5m以内,交差点の側端または道路の曲がり角から5m以内は駐停車禁止場所として定められている。,keep,,事実・問いとも妥当,,道路交通法 第44〜47条,,,
at089,at_gentei,parking,5,坂道にAT車を駐車する際の注意点として正しいのはどれか。,0:ギアがない分、スタンドをしっかり効かせ、可能であれば輪止め等で補助する / 1:坂道であればどこにでも自由に駐車できる / 2:AT車は坂道でも自然にブレーキがかかり続けるため何もしなくてよい / 3:AT車には駐車時のブレーキ確保という概念がない,0:ギアがない分、スタンドをしっかり効かせ、可能であれば輪止め等で補助する,AT車にはMT車のようなギアによる歯止め効果がないため、坂道駐車ではスタンドの効きを確認し、必要に応じて輪止めなどで補助することが望ましい。,keep,weak_explanation,坂道駐車の補助措置は教則に明確な根拠なし,,道路交通法 第44〜47条,要,,
at090,at_gentei,parking,5,バス停留所の標識から一定距離内での駐停車に関する規定として正しいのはどれか。,0:バス停から10m以内でも停車であれば常に可能 / 1:停留所の標示板から10m以内は、運行時間中は原則として駐停車が禁止される / 2:バス停付近は時間帯にかかわらず常に駐停車が自由である / 3:バス停の規定は自動車のみに適用され二輪車は対象外である,1:停留所の標示板から10m以内は、運行時間中は原則として駐停車が禁止される,バス、路面電車の停留所の標示板から10m以内は、運行時間中、原則として駐停車が禁止されている。,keep,obvious_longest,バス停10m以内(運行時間中)は妥当/正解が最長,,道路交通法 第44条,要,,
at091,at_gentei,parking,2,二輪車を歩道に駐車することについて正しいのはどれか。,0:歩道の端であれば二輪車の駐車は常に認められる / 1:二輪車は車体が小さいため歩道に自由に駐車できる / 2:歩道は原則として車両の駐停車が禁止されている / 3:歩道であれば時間の制限なく駐車してよい,2:歩道は原則として車両の駐停車が禁止されている,歩道は歩行者のための通行空間であり、車両（二輪車を含む）の駐停車は原則として禁止されている。,keep,,事実・問いとも妥当,,道路交通法 第44〜47条,,,
at092,at_gentei,parking,5,道路上に駐車する際、夜間に必要となる保安上の措置として正しいのはどれか。,0:二輪車は夜間駐車時の灯火義務が免除される / 1:駐車中は前照灯を含むすべての灯火を消灯しなければならない / 2:夜間の駐車では灯火に関する規定は適用されない / 3:他の交通の妨げにならないよう、尾灯など保安基準に定める灯火をつける,3:他の交通の妨げにならないよう、尾灯など保安基準に定める灯火をつける,夜間、道路上に駐車する際は、他の交通の安全のため保安基準で定める灯火（尾灯等）をつけることが求められる場合がある。,keep,weak_explanation,「場合がある」と解説が曖昧,,道路交通法 第52条・施行令 第19条,要,,
at093,at_gentei,parking,3,路上駐車をする際の車両の向きとして適切なのはどれか。,0:道路の左側端に沿って、交通の流れに沿った向きで駐車する / 1:AT車は向きを問わず自由に駐車できる / 2:道路の右側端に進行方向と逆向きで駐車してもよい / 3:駐車の向きに関する規定は特にない,0:道路の左側端に沿って、交通の流れに沿った向きで駐車する,駐車する際は道路の左側端に沿い、交通の流れと同じ向きで停めるのが原則である。,keep,,事実・問いとも妥当,,道路交通法 第44〜47条,,,
at095,at_gentei,parking,5,荷物の積み下ろしのために継続して5分を超えて停止する場合の扱いとして正しいのはどれか。,0:積み下ろし目的であれば時間にかかわらず「停車」として扱われる / 1:積み下ろしは二輪車には関係のない規定である / 2:原則として「駐車」に該当し、駐車禁止場所では行うことができない / 3:積み下ろし中は駐停車禁止場所であっても例外的に認められる,2:原則として「駐車」に該当し、駐車禁止場所では行うことができない,人の乗降のための停止を除き、5分を超える荷物の積み下ろし等のための継続的な停止は「駐車」に該当し、駐車禁止場所では行えない。,keep,,5分超の荷物積卸しは駐車。妥当,,道路交通法 第2条第1項第18号,要,,
at098,at_gentei,maintenance,3,AT車のブレーキ液（油圧ブレーキの場合）の点検に関する記述として正しいのはどれか。,0:ブレーキ液の点検は車検のときにのみ行えばよい / 1:液量が規定範囲内にあるか、変色や漏れがないかを定期的に確認する / 2:AT車には油圧ブレーキが採用されないためブレーキ液の点検は不要である / 3:ブレーキ液は一度補充すれば交換する必要がない,1:液量が規定範囲内にあるか、変色や漏れがないかを定期的に確認する,油圧式ブレーキを採用するAT車では、ブレーキ液の量や劣化状態（変色等）を日常的に点検することが安全上重要である。,keep,,事実・問いとも妥当,,交通の方法に関する教則 第3章 点検,,,
at100,at_gentei,emergency,5,走行中にエンジンが突然停止した場合の対応として正しいのはどれか。,0:後方確認をせずすぐに車線変更して路肩に寄せる / 1:その場で急ブレーキをかけて停止する / 2:エンジンが止まっても速度を維持できるので何もしなくてよい / 3:あわてずクラクションやハザードで周囲に知らせつつ、安全な場所へ寄せて停止する,3:あわてずクラクションやハザードで周囲に知らせつつ、安全な場所へ寄せて停止する,走行中の突然のエンジン停止では、まず落ち着いて周囲に注意を促しながら安全確認のうえ道路の左側や路肩など安全な場所に車両を寄せて停止することが重要。,keep,obvious_longest,事実・問いとも妥当/正解が最長,,交通の方法に関する教則 第10章,,,
at102,at_gentei,license_system,2,AT限定の普通二輪免許（小型限定なし）で運転できる二輪車の総排気量の範囲として正しいのはどれか。,0:250cc以下のAT二輪車 / 1:400cc以下のAT二輪車 / 2:排気量に関係なくすべてのAT二輪車 / 3:125cc以下のAT二輪車,1:400cc以下のAT二輪車,普通二輪免許の対象は総排気量400cc以下の二輪車で、AT限定ではそのうちクラッチ操作のないAT車に限られる。,keep,,普通二輪は400cc以下で妥当,,道路交通法 第84条,要,,
at103,at_gentei,license_system,5,AT限定大型二輪免許を持つ人が、総排気量1200ccのAT二輪車を運転することについて正しいのはどれか。,0:1000ccを超える車両は限定解除をしないと運転できない / 1:AT限定大型二輪は650cc以下に限られるので運転できない / 2:AT車であれば排気量の上限はないので運転できる / 3:AT限定大型二輪は750cc以下に限られるので運転できない,2:AT車であれば排気量の上限はないので運転できる,かつてはAT限定大型二輪に650cc以下という制限があったが、制度改正により撤廃され、現在はAT車であれば排気量を問わず運転できる。,keep,weak_explanation,AT限定大型の排気量制限の経緯は要確認,,道路交通法施行規則,要,,
at104,at_gentei,license_system,1,普通二輪免許（AT限定を含む）を取得できる年齢として正しいのはどれか。,0:15歳以上 / 1:20歳以上 / 2:18歳以上 / 3:16歳以上,3:16歳以上,普通二輪免許は16歳から取得できる。AT限定であっても年齢要件は同じである。,keep,,普通二輪16歳以上で妥当,,道路交通法 第88条,,,
at105,at_gentei,license_system,1,大型二輪免許（AT限定を含む）を取得できる年齢として正しいのはどれか。,0:18歳以上 / 1:21歳以上 / 2:16歳以上 / 3:20歳以上,0:18歳以上,大型二輪免許は18歳以上で取得できる。AT限定でも同じである。,keep,,大型二輪18歳以上で妥当,,道路交通法 第88条,要,,
at106,at_gentei,license_system,2,二輪免許の取得過程における仮運転免許（仮免許）について正しいのはどれか。,0:AT限定二輪免許に限り仮免許を取得できる / 1:二輪免許には仮免許の制度がなく、路上での練習運転はできない / 2:原付免許を持っていれば二輪の仮免許が不要になる / 3:教習所の第一段階修了時に二輪用の仮免許が交付される,1:二輪免許には仮免許の制度がなく、路上での練習運転はできない,仮免許は四輪（大型・中型・準中型・普通）にある制度で、二輪免許には仮免許がない。,keep,,二輪に仮免許なしで妥当。要確認,,道路交通法 第87条,要,,
at107,at_gentei,license_system,2,AT限定の普通二輪免許を取得した人が、この免許で運転できる車両として正しいものはどれか。,0:AT車の普通自動車 / 1:400ccを超えるAT二輪車 / 2:小型特殊自動車 / 3:クラッチ操作が必要な250cc二輪車,2:小型特殊自動車,普通二輪免許では普通二輪車のほか、小型特殊自動車と原動機付自転車も運転できる。四輪の普通自動車は運転できない。,keep,,事実・問いとも妥当,,道路交通法 第84〜88条,,,
at108,at_gentei,license_system,1,二輪車を運転するときの運転免許証の取り扱いとして正しいのはどれか。,0:免許番号を覚えていれば携帯しなくてよい / 1:コピーを携帯していれば原本は自宅に置いてよい / 2:近所を運転するだけなら携帯しなくてよい / 3:運転するときは必ず免許証を携帯しなければならない,3:運転するときは必ず免許証を携帯しなければならない,運転者には免許証の携帯義務があり、コピーや番号の記憶では代わりにならない。,keep,,事実・問いとも妥当,,道路交通法 第84〜88条,,,
at109,at_gentei,license_system,1,二輪免許を初めて取得した人の「初心運転者期間」として正しいのはどれか。,0:免許を取得した日から1年間 / 1:免許を取得した日から2年間 / 2:免許を取得した日から6か月間 / 3:免許を取得した日から3年間,0:免許を取得した日から1年間,初心運転者期間は免許取得後1年間で、この間に一定以上の違反をすると初心運転者講習の対象となる。,keep,,初心運転者期間1年で妥当,,道路交通法 第71条の5,要,,
at110,at_gentei,license_system,2,二輪免許を取得して1年未満の人の初心者マーク（初心運転者標識）について正しいのはどれか。,0:AT限定免許の場合だけ表示義務がある / 1:二輪車には初心者マークの表示義務はない / 2:ヘルメットに表示しなければならない / 3:取得後1年間は車体の前後に表示しなければならない,1:二輪車には初心者マークの表示義務はない,初心者マークの表示義務は準中型自動車・普通自動車の初心運転者に課されるもので、二輪車には表示義務はない。,keep,,事実・問いとも妥当,,道路交通法 第84〜88条,,,
at111,at_gentei,license_system,2,免許証の更新のお知らせが届いた。更新手続きを受けられる期間として正しいのはどれか（特例を除く）。,0:有効期間満了年の誕生日の3か月前から誕生日まで / 1:有効期間満了日の前日までのいつでも / 2:有効期間満了年の誕生日の1か月前から誕生日の1か月後まで / 3:誕生日の前後1週間だけ,2:有効期間満了年の誕生日の1か月前から誕生日の1か月後まで,免許の更新は、更新年の誕生日の1か月前から1か月後までの期間に行う。,keep,outdated,更新期間は近年の制度変更の可能性あり,,道路交通法 第101条,要,,
at112,at_gentei,license_system,3,違反点数による行政処分の基本的な仕組みとして正しいのはどれか。,0:違反点数は毎年1月1日にすべてゼロに戻る / 1:罰金を支払えば違反点数は加算されない / 2:違反点数は免許の更新時にだけ計算される / 3:過去3年以内の違反・事故の点数を累積し、一定の点数に達すると免許停止や取消しの処分を受ける,3:過去3年以内の違反・事故の点数を累積し、一定の点数に達すると免許停止や取消しの処分を受ける,行政処分は原則として過去3年間の累積点数と前歴の有無によって決まる。反則金の納付で点数が消えることはない。,keep,obvious_longest,3年累積は妥当/正解が最長,,道路交通法施行令 別表,要,,
at113,at_gentei,license_system,5,小型限定普通二輪免許（AT限定）しか持っていない人が、250ccのスクーター（AT車）を運転した場合の扱いとして正しいのはどれか。,0:運転できる排気量を超えているため無免許運転となる / 1:AT車なので免許条件違反にはならず問題ない / 2:免許条件違反として反則金を払えば済む / 3:届け出をすれば運転できる,0:運転できる排気量を超えているため無免許運転となる,AT車であっても125ccを超える二輪車は小型限定免許の範囲外なので無免許運転となる。AT限定でMT車を運転する「条件違反」とは扱いが異なる。,keep,category_mismatch,小型限定AT所持者の話でkogata向き。内容は正確,,道路交通法 第64条,要,,
at114,at_gentei,license_system,1,免許停止処分を受けている期間中に二輪車を運転した場合の扱いとして正しいのはどれか。,0:停止期間の残りが1週間以内なら運転してよい / 1:無免許運転となる / 2:原付区分の範囲内なら処分期間中も問題ない / 3:AT車であれば運転してもよい,1:無免許運転となる,免許停止中は運転資格がないため、どの車両を運転しても無免許運転となる。,keep,,事実・問いとも妥当,,道路交通法 第84〜88条,,,
at115,at_gentei,license_system,2,引っ越しで住所が変わった場合の運転免許証の手続きとして正しいのはどれか。,0:旧住所の警察署でしか手続きできない / 1:免許証を一度返納して取り直す必要がある / 2:速やかに新しい住所地を管轄する公安委員会に届け出て記載事項を変更する / 3:次回の更新まで手続きは不要である,2:速やかに新しい住所地を管轄する公安委員会に届け出て記載事項を変更する,住所・氏名などの記載事項が変わったときは、速やかに住所地の公安委員会（警察署等）に届け出なければならない。,keep,obvious_longest,事実・問いとも妥当/正解が最長,,道路交通法 第84〜88条,,,
at116,at_gentei,license_system,2,AT限定大型二輪免許で運転できる車両の組み合わせとして正しいのはどれか。,0:排気量を問わないすべての二輪車（MT車を含む） / 1:大型のAT二輪車とAT車の普通自動車 / 2:大型のAT二輪車だけ / 3:排気量を問わないAT二輪車、原動機付自転車、小型特殊自動車,3:排気量を問わないAT二輪車、原動機付自転車、小型特殊自動車,大型二輪免許では普通二輪車・原付・小型特殊も運転でき、AT限定の場合は二輪車がAT車に限られる。四輪の普通自動車は含まれない。,keep,,事実・問いとも妥当,,道路交通法 第84〜88条,,,
at117,at_gentei,signs,3,250ccのAT二輪車で走行中、進もうとする道路の入口に「二輪の自動車以外の自動車通行止め」の標識があった。正しいのはどれか。,0:大型・普通自動二輪車は通行できるが、四輪の自動車は通行できない / 1:原動機付自転車だけが通行できない / 2:二輪車は徐行すれば通行できる / 3:二輪車を含むすべての自動車が通行できない,0:大型・普通自動二輪車は通行できるが、四輪の自動車は通行できない,この標識は二輪の自動車以外の自動車（四輪車など）の通行を禁止するもので、自動二輪車は通行できる。,keep,obvious_longest,標識の意味は妥当。要確認/正解が最長,,道路標識令,要,,
at119,at_gentei,emergency,2,二輪車で交通事故を起こしたとき、運転者がまず行うべき措置として正しいのはどれか。,0:その場で相手と示談の話し合いを始める / 1:保険会社に連絡し、指示があるまで何もしない / 2:直ちに運転を停止し、負傷者を救護して二次事故を防ぐ措置をとる / 3:けががなさそうなら警察に連絡せず立ち去る,2:直ちに運転を停止し、負傷者を救護して二次事故を防ぐ措置をとる,事故の際は運転を停止し、負傷者の救護と道路上の危険防止を行い、警察官に報告する義務がある。,keep,obvious_longest,事実・問いとも妥当/正解が最長,,交通の方法に関する教則 第10章,,,
at120,at_gentei,emergency,4,事故現場で、反応がなく普段どおりの呼吸もしていない負傷者に対し、救急車が来るまで胸骨圧迫を続けることにした。圧迫の強さとテンポとして正しいのはどれか。,0:1分間に30回程度を目安に、ゆっくり強く圧迫する / 1:胸が約1cm沈む程度の強さで、1分間に60回のテンポで圧迫する / 2:呼吸の確認ができるまで圧迫はせず待つ / 3:胸が約5cm沈む強さで、1分間に100〜120回のテンポで絶え間なく圧迫する,3:胸が約5cm沈む強さで、1分間に100〜120回のテンポで絶え間なく圧迫する,胸骨圧迫は胸の真ん中を約5cm沈む強さで、1分間に100〜120回のテンポで、中断をできるだけ少なくして続ける。,keep,,5cm・100〜120回/分は妥当,,救急蘇生法の指針,要,,
at121,at_gentei,maintenance,2,二輪車のタイヤの空気圧を点検する方法として適切なのはどれか。,0:走行前のタイヤが冷えている状態で、指定された空気圧になっているか確認する / 1:前輪だけ点検すれば後輪は点検しなくてよい / 2:空気圧は見た目でつぶれていなければ測らなくてよい / 3:長距離を走った直後の温まった状態で測るのが最も正確である,0:走行前のタイヤが冷えている状態で、指定された空気圧になっているか確認する,走行直後はタイヤが温まり空気圧が高めに出るため、冷えた状態で指定空気圧を確認するのが基本である。,keep,,冷間時の空気圧点検は妥当,,交通の方法に関する教則 第3章 点検,,,
at122,at_gentei,maintenance,5,スクーター型AT車の多くに使われているVベルト（駆動ベルト）について正しいのはどれか。,0:摩耗しても走行性能には影響しない / 1:使用とともに摩耗する消耗品なので、定期的に点検し必要に応じて交換する / 2:チェーンと同じように走行前に給油する必要がある / 3:一度取り付ければ車両の寿命まで交換不要である,1:使用とともに摩耗する消耗品なので、定期的に点検し必要に応じて交換する,Vベルトは摩耗・劣化する消耗品で、放置すると加速不良や走行中の切断につながるため定期点検と交換が必要である。,keep,obvious_longest,事実・問いとも妥当/正解が最長,,交通の方法に関する教則 第3章 点検,,,
at123,at_gentei,maintenance,1,運転前のブレーキレバーの点検として適切なのはどれか。,0:遊びが全くないほど良い状態である / 1:レバーがグリップに付くまで握れる状態が正常である / 2:レバーに適切な遊びがあり、握ったときに十分な手応えがあるか確認する / 3:レバーの点検は整備工場で年に1回行えば十分である,2:レバーに適切な遊びがあり、握ったときに十分な手応えがあるか確認する,ブレーキレバーは適切な遊びがあり、握り込んだときにしっかりした手応えがあることを運転前に確認する。,keep,obvious_longest,事実・問いとも妥当/正解が最長,,交通の方法に関する教則 第3章 点検,,,
at124,at_gentei,maintenance,2,灯火類の日常点検として適切なのはどれか。,0:前照灯が点けば制動灯の確認は不要である / 1:昼間しか運転しないなら灯火類の点検は不要である / 2:方向指示器は走行中に確認すれば十分である / 3:前輪・後輪それぞれのブレーキを操作して、どちらでも制動灯が点灯するか確認する,3:前輪・後輪それぞれのブレーキを操作して、どちらでも制動灯が点灯するか確認する,制動灯は前後どちらのブレーキでも点灯する必要がある。前照灯・尾灯・方向指示器も運転前に点検する。,keep,obvious_longest,事実・問いとも妥当/正解が最長,,交通の方法に関する教則 第3章 点検,,,
at126,at_gentei,parking,3,道路工事の区域の近くに駐車する場合の規制として正しいのはどれか。,0:工事区域の端から3m以内は駐車禁止である / 1:工事区域の端から5m以内は駐車禁止である / 2:工事区域の端から1m以内は駐車禁止である / 3:工事区域の端から10m以内は駐停車禁止である,1:工事区域の端から5m以内は駐車禁止である,道路工事の区域の端から5m以内の場所は駐車禁止である。,keep,,工事区域端5mは駐車禁止で妥当,,道路交通法 第45条,要,,
at127,at_gentei,parking,3,二輪車を止めようとした場所の近くに消火栓がある。駐車が禁止される範囲として正しいのはどれか。,0:その位置から1m以内だけが駐車禁止である / 1:その位置の真上以外であれば駐車してよい / 2:その位置から5m以内は駐車禁止である / 3:その位置から3m以内は駐停車禁止である,2:その位置から5m以内は駐車禁止である,消火栓、指定消防水利の標識の位置、消防用防火水槽の取り入れ口から5m以内は駐車禁止である。,keep,near_dup,消火栓5mで妥当。at019と同種(相手:at019),,道路交通法 第45条,要,,
at128,at_gentei,parking,2,同乗者を降ろすため、踏切の手前5mの場所に一時的に停止することについて正しいのはどれか。,0:遮断機が上がっていれば停止してよい / 1:5分以内であれば停止してよい / 2:人の乗り降りのための停止なので問題ない / 3:踏切とその端から前後10m以内は停車も禁止されているため、そこで止まってはならない,3:踏切とその端から前後10m以内は停車も禁止されているため、そこで止まってはならない,踏切とその端から前後10m以内は駐停車禁止場所であり、人の乗り降りのための短時間の停止もできない。,keep,obvious_longest,踏切前後10m駐停車禁止で妥当/正解が最長,,道路交通法 第44条,要,,
at129,at_gentei,parking,2,横断歩道の手前4mの場所で、知人を乗せるために停止することについて正しいのはどれか。,0:横断歩道とその端から前後5m以内は駐停車禁止なので、停止してはならない / 1:人の乗り降りなので駐停車禁止場所でも停止できる / 2:歩行者がいなければ停止してよい / 3:横断歩道の手前3mより離れていれば問題ない,0:横断歩道とその端から前後5m以内は駐停車禁止なので、停止してはならない,横断歩道・自転車横断帯とその端から前後5m以内は駐停車禁止場所である。,keep,obvious_longest,横断歩道前後5m駐停車禁止で妥当/正解が最長,,道路交通法 第44条,要,,
at130,at_gentei,parking,5,路面電車が走る道路で、安全地帯の近くに二輪車を止めて知人から荷物を受け取ろうとしている。駐停車が禁止されている範囲として正しいのはどれか。,0:路面電車が来ていなければ安全地帯の左側に停車してよい / 1:安全地帯の左側と、その前後10m以内は駐停車禁止である / 2:安全地帯の前後3m以内だけが駐停車禁止である / 3:安全地帯の右側だけが駐停車禁止である,1:安全地帯の左側と、その前後10m以内は駐停車禁止である,安全地帯の左側の部分と、その前後10m以内の部分は駐停車禁止場所である。,keep,,安全地帯前後10m駐停車禁止で妥当,,道路交通法 第44条,要,,
at131,at_gentei,parking,5,標識による指定がない道路で駐車する場合、車の右側の道路上に残さなければならない余地として正しいのはどれか。,0:2.5m以上 / 1:1.5m以上 / 2:3.5m以上 / 3:5.5m以上,2:3.5m以上,駐車するときは原則として車の右側に3.5m以上の余地を残さなければならない。,keep,,右側3.5m余地で妥当,,道路交通法 第45条第2項,要,,
at132,at_gentei,parking,4,幅が1mほどある白線1本の路側帯の横で、二輪車を止めて地図を確認したい。止め方として正しいのはどれか。,0:路側帯には入らず、車道の左端に沿って止める / 1:路側帯の左端いっぱいに寄せて止める / 2:路側帯の中央に止め、左右に余地を残す / 3:路側帯に入り、車の左側に0.75m以上の余地をあけて止める,3:路側帯に入り、車の左側に0.75m以上の余地をあけて止める,白線1本の路側帯で幅が0.75mを超える場合は、中に入って車の左側に0.75m以上の余地をあけて駐停車する。,keep,obvious_longest,路側帯0.75m余地で妥当/正解が最長,,道路交通法 第47条,要,,
at133,at_gentei,parking,4,店の前の道路に、白の実線と破線が並んで引かれた路側帯がある。ここで二輪車を駐停車するときの方法として正しいのはどれか。,0:路側帯の中には入らず、車道の左端に沿って止める / 1:路側帯の幅が1mを超えていれば中に入って止めてよい / 2:二輪車に限り路側帯の中に止めてよい / 3:路側帯に入り、左側に0.75m以上の余地をあけて止める,0:路側帯の中には入らず、車道の左端に沿って止める,実線と破線の路側帯は「駐停車禁止路側帯」であり、中に入っての駐停車はできないため車道の左端に沿って止める。,keep,,実線+破線は駐停車禁止路側帯で妥当,,道路交通法 第47条,要,,
at134,at_gentei,parking,5,2本の実線で示された路側帯について、二輪車の運転者が理解しておくべき内容として正しいのはどれか。,0:二輪車は通行できるが四輪車は通行できない / 1:歩行者用路側帯なので、中に入って駐停車することはできない / 2:荷物の積み下ろしの間だけ中に入って停車できる / 3:幅が広ければ中に入って駐車できる,1:歩行者用路側帯なので、中に入って駐停車することはできない,2本の実線の路側帯は歩行者用路側帯で、車両は中に入って駐停車できない。路側帯の中は二輪車が通行する場所でもない。,keep,,歩行者用路側帯の扱いで妥当,,道路交通法 第47条,要,,
at135,at_gentei,parking,1,二輪車で二人乗りをする場合の同乗者のヘルメットについて正しいのはどれか。,0:同乗者が大人ならかぶらせる義務はない / 1:同乗者は短い距離ならかぶらなくてよい / 2:運転者は同乗者にも乗車用ヘルメットをかぶらせなければならない / 3:同乗者は帽子をかぶっていれば問題ない,2:運転者は同乗者にも乗車用ヘルメットをかぶらせなければならない,運転者は自分がヘルメットをかぶるだけでなく、同乗者にも乗車用ヘルメットをかぶらせなければならない。,keep,"topic_mismatch,obvious_longest",rulesが妥当/正解が最長,,道路交通法 第55条,,,
at136,at_gentei,parking,2,二人乗りの条件を満たした運転者が同乗者を乗せる場合、車両側の条件として正しいのはどれか。,0:荷台があれば荷台にまたがらせてよい / 1:ステップがなくても座る場所があればよい / 2:125cc以下の車両でなければならない / 3:後部に同乗者用の座席などの乗車装置がある車両でなければならない,3:後部に同乗者用の座席などの乗車装置がある車両でなければならない,二人乗りは同乗者用の乗車装置（座席など）を備えた車両で行う。荷台などに乗せることはできない。,keep,"topic_mismatch,obvious_longest",rulesが妥当/正解が最長,,道路交通法 第55条,,,
at137,at_gentei,parking,2,同乗者を乗せる方法として適切なのはどれか。,0:同乗者用の座席にまたがらせ、足をステップに乗せ、運転者の腰や車体のグリップにしっかりつかまらせる / 1:横向きに座らせると乗り降りしやすく安全である / 2:同乗者の荷物は同乗者に手で持たせておく / 3:同乗者はつかまらずに腕を組んでいる方が安定する,0:同乗者用の座席にまたがらせ、足をステップに乗せ、運転者の腰や車体のグリップにしっかりつかまらせる,同乗者は正しくまたがってステップに足を乗せ、運転者や車体につかまる姿勢をとらせる。横座りや手荷物を持たせるのは危険である。,keep,"topic_mismatch,obvious_longest",operationが妥当/正解が最長,,道路交通法 第44〜47条,,,
at138,at_gentei,parking,2,二人乗りで走行する場合の車両の特性として正しいのはどれか。,0:重心が下がるため一人乗りよりカーブで安定する / 1:車両全体が重くなるため制動距離が長くなり、早めのブレーキが必要になる / 2:加速が鋭くなるため発進時は注意しなくてよい / 3:ブレーキの効きが良くなり制動距離が短くなる,1:車両全体が重くなるため制動距離が長くなり、早めのブレーキが必要になる,二人乗りでは車両の重量が増え、止まるまでの距離が長くなりハンドル操作も重くなるため、早めの減速と穏やかな操作が必要になる。,keep,"topic_mismatch,obvious_longest",hazard_prediction/operationが妥当/正解が最長,,道路交通法 第44〜47条,,,
at139,at_gentei,parking,3,キャンプ道具を普通二輪車の荷台に積み上げて出かける。積載物の高さの限度として正しいのはどれか。,0:地上から1.5mまで / 1:地上から3.8mまで / 2:地上から2mまで / 3:地上から2.5mまで,2:地上から2mまで,二輪車（大型・普通二輪、原付）の積載物の高さは地上から2mが限度である。,keep,topic_mismatch,rulesが妥当。高さ2mで妥当,,道路交通法施行令 第22条,要,,
at140,at_gentei,parking,4,長い釣りざおのケースを普通二輪車の荷台に積んで運ぶ。積載物の長さの限度として正しいのはどれか。,0:車体の全長と同じ長さまで / 1:積載装置の長さに1mを加えた長さまで / 2:積載装置の長さに0.5mを加えた長さまで / 3:積載装置（荷台）の長さに0.3mを加えた長さまで,3:積載装置（荷台）の長さに0.3mを加えた長さまで,二輪車の積載物の長さは、積載装置の長さに0.3mを加えたものが限度である。,keep,topic_mismatch,rulesが妥当。+0.3mは妥当,,道路交通法施行令 第22条,要,,
at141,at_gentei,parking,5,横幅のある箱を普通二輪車の荷台にくくり付けて運ぶ。積載物の幅の限度として正しいのはどれか。,0:積載装置（荷台）の幅に0.3mを加えた幅まで / 1:ハンドルの幅と同じ幅まで / 2:積載装置の幅に0.5mを加えた幅まで / 3:積載装置の幅に1mを加えた幅まで,0:積載装置（荷台）の幅に0.3mを加えた幅まで,二輪車の積載物の幅は、積載装置の幅に0.3mを加えたものが限度である。,keep,topic_mismatch,rulesが妥当。+0.3mは妥当,,道路交通法施行令 第22条,要,,
at142,at_gentei,parking,1,通勤用のかばんや買い物袋を二輪車に積んで走るときの注意として正しいのはどれか。,0:ロープで固定するより手で押さえる方が確実である / 1:ハンドル操作の妨げにならず、方向指示器やナンバープレートが隠れないように積む / 2:荷物はハンドルに掛けるのが最も安定する / 3:ナンバープレートは荷物で隠れても走行中なら問題ない,1:ハンドル操作の妨げにならず、方向指示器やナンバープレートが隠れないように積む,荷物はしっかり固定し、運転操作の妨げや灯火・番号標の視認の妨げにならないように積む。,keep,"topic_mismatch,obvious_other,obvious_longest",rulesが妥当/正解が最長,,道路交通法 第55条,,,
at143,at_gentei,parking,3,パーキング・メーターが設置された時間制限駐車区間に駐車する場合の方法として正しいのはどれか。,0:二輪車はパーキング・メーターの区間に駐車できない / 1:時間を過ぎても料金を追加すれば何時間でも駐車できる / 2:パーキング・メーターを作動させ、表示された時間内に駐車を終える / 3:メーターを作動させなくても短時間なら問題ない,2:パーキング・メーターを作動させ、表示された時間内に駐車を終える,時間制限駐車区間ではパーキング・メーター等を作動させ、指定された時間内に限って駐車できる。,keep,,パーキングメーターの扱いは妥当,,道路交通法 第49条,,,
at144,at_gentei,parking,5,友人が来るのを待つため、運転者が二輪車にまたがったまま道路上で継続的に止まっている状態の扱いとして正しいのはどれか。,0:運転者がすぐ運転できる状態なので停車にあたる / 1:エンジンをかけていれば停車にあたる / 2:5分以内であれば停車にあたる / 3:人待ちのための継続的な停止なので駐車にあたる,3:人待ちのための継続的な停止なので駐車にあたる,客待ち・荷待ちなどの理由による継続的な停止は、運転者が乗っていても駐車にあたる。人の乗り降りのための停止とは区別される。,keep,,事実・問いとも妥当,,道路交通法 第44〜47条,,,
at145,at_gentei,parking,4,エンジンの故障で道路上に止め、修理業者の到着を待っている状態の扱いとして正しいのはどれか。,0:故障による継続的な停止なので駐車にあたる / 1:運転者がそばにいれば停車にあたる / 2:故障の場合はどこに止めても規制の対象外となる / 3:故障ならやむを得ないので停車にあたる,0:故障による継続的な停止なので駐車にあたる,故障その他の理由による継続的な停止は駐車にあたる。やむを得ない場合でも、できるだけ交通の妨げにならない場所に移動させる。,keep,,事実・問いとも妥当,,道路交通法 第44〜47条,,,
at146,at_gentei,parking,2,「駐車禁止」の標識の下に「8-20」と表示された補助標識がある場合の意味として正しいのはどれか。,0:20時から翌8時までの間は停車もできない / 1:8時から20時までの間は駐車してはならない / 2:8時から20時までの間だけ駐車できる / 3:8分から20分までの駐車が認められる,1:8時から20時までの間は駐車してはならない,補助標識の時間表示は規制が適用される時間帯を示す。「8-20」は8時から20時まで駐車禁止という意味である。,keep,topic_mismatch,signsが妥当,,道路標識令 補助標識,,,
at147,at_gentei,parking,1,歩道や路側帯のない道路で二輪車を駐停車する方法として正しいのはどれか。,0:道路の右端に寄せて止める / 1:道路の中央付近に止める / 2:道路の左端に沿って、他の交通の妨げにならないように止める / 3:左端から1m以上あけて止める,2:道路の左端に沿って、他の交通の妨げにならないように止める,歩道や路側帯のない道路では、道路の左端に沿って駐停車する。,keep,obvious_longest,事実・問いとも妥当/正解が最長,,道路交通法 第44〜47条,,,
at148,at_gentei,parking,2,勾配の急な上り坂の途中で、同乗者を降ろすために停止することについて正しいのはどれか。,0:ハザードランプを点ければ停止してよい / 1:上り坂の途中なら停車してよいが、下り坂は禁止である / 2:人の乗り降りのための停止は坂道でも認められている / 3:勾配の急な坂は駐停車禁止場所なので停止してはならない,3:勾配の急な坂は駐停車禁止場所なので停止してはならない,坂の頂上付近と勾配の急な坂は、上り・下りを問わず駐停車禁止場所である。,keep,,事実・問いとも妥当,,道路交通法 第44〜47条,,,
at149,at_gentei,rules,3,標識などで最高速度が指定されていない高速自動車国道の本線車道における、普通自動二輪車の法定最高速度として正しいのはどれか。,0:100km/h / 1:80km/h / 2:60km/h / 3:120km/h,0:100km/h,高速自動車国道の本線車道での大型・普通自動二輪車の法定最高速度は100km/hである。,keep,topic_mismatch,100km/h本線は妥当,,道路交通法施行令 第27条,要,,
at150,at_gentei,rules,4,250ccのスクーターで右折しようとしている交差点に「原動機付自転車の右折方法（二段階）」の標識があった。右折の方法として正しいのはどれか。,0:AT車も原付と同じく二段階右折をしなければならない / 1:標識は原動機付自転車が対象なので、あらかじめ道路の中央に寄り、交差点の中心の内側を徐行して右折する / 2:交差点の手前で押して歩き、横断歩道を渡って右折する / 3:この交差点では二輪車は右折できない,1:標識は原動機付自転車が対象なので、あらかじめ道路の中央に寄り、交差点の中心の内側を徐行して右折する,二段階右折の義務があるのは原動機付自転車だけで、普通自動二輪車は通常の小回り右折を行う。,keep,obvious_longest,二段階右折は原付のみで妥当/正解が最長,,道路交通法 第34条,,,
at151,at_gentei,rules,2,同一方向に進行しながら進路を変える場合の合図を出す時期として正しいのはどれか。,0:進路を変えようとするときの約10秒前 / 1:進路を変えようとする地点の30m手前 / 2:進路を変えようとするときの約3秒前 / 3:進路を変え始めると同時,2:進路を変えようとするときの約3秒前,進路変更の合図は、進路を変えようとするときの約3秒前に出す。右左折の合図（30m手前）と区別して覚える。,keep,,進路変更約3秒前で妥当,,道路交通法施行令 第21条,要,,
at152,at_gentei,rules,1,左側の車線へ移り終えた後の方向指示器の扱いとして正しいのはどれか。,0:次の交差点に着くまで出し続ける / 1:後続車が追いついてきたらやめる / 2:進路変更後も約10秒間は出し続ける / 3:進路変更が終わったら速やかにやめる,3:進路変更が終わったら速やかにやめる,合図は行為が終わったら速やかにやめなければならない。出しっぱなしは周囲の誤解を招く。,keep,,事実・問いとも妥当,,交通の方法に関する教則 / 道路交通法,,,
at153,at_gentei,rules,2,手による合図で、徐行または停止することを後続車に知らせる方法として正しいのはどれか。,0:腕を車の外に出して斜め下に伸ばす / 1:腕を車の外に出して水平に伸ばす / 2:手のひらを後ろに向けて左右に振る / 3:腕を垂直に上に伸ばす,0:腕を車の外に出して斜め下に伸ばす,徐行・停止の手による合図は、腕を車体の外に出して斜め下に伸ばす。,keep,,手信号の形は要確認,,道路交通法施行令 第21条,要,,
at154,at_gentei,rules,1,前方の信号機が黄色の灯火の点滅をしている場合の意味として正しいのはどれか。,0:停止位置で必ず一時停止しなければならない / 1:他の交通に注意して進むことができる / 2:直進のみでき、右左折はできない / 3:徐行しなければ進めない,1:他の交通に注意して進むことができる,黄色の点滅信号は、他の交通に注意して進行できることを意味する。一時停止の義務があるのは赤色の点滅である。,keep,,事実・問いとも妥当,,交通の方法に関する教則 / 道路交通法,,,
at155,at_gentei,rules,1,前方の信号機が赤色の灯火の点滅をしている場合の意味として正しいのはどれか。,0:赤信号と同じで青に変わるまで進めない / 1:他の交通に注意すれば停止せずに進める / 2:停止位置で一時停止し、安全を確認した後に進むことができる / 3:徐行すれば一時停止しなくてよい,2:停止位置で一時停止し、安全を確認した後に進むことができる,赤色の点滅信号では、停止位置で一時停止し、安全を確かめてから進行する。,keep,obvious_longest,事実・問いとも妥当/正解が最長,,交通の方法に関する教則 / 道路交通法,,,
at156,at_gentei,rules,2,交差点に近づいたとき、信号が青から黄色に変わった。正しい対応はどれか。,0:後続車がいなければ進んでよい / 1:黄色は注意して進めの意味なので、加速して通過する / 2:停止位置を越えていても必ずその場で急停止する / 3:停止位置で止まる。ただし停止位置に近づいていて安全に止まれない場合はそのまま進める,3:停止位置で止まる。ただし停止位置に近づいていて安全に止まれない場合はそのまま進める,黄色信号は原則として停止位置から先に進めない。ただし安全に停止できない場合に限り進行できる。,keep,"near_dup,obvious_longest",at029と同じく黄信号を問う(相手:at029)/正解が最長,,道路交通法施行令 第2条,,,
at157,at_gentei,rules,3,赤色の灯火とともに右向きの青色の矢印が表示されている交差点で、普通自動二輪車を運転している場合の対応として正しいのはどれか。,0:矢印の方向に従って右折できる / 1:二輪車は原付と同じく右折できない / 2:二段階右折の方法で右折しなければならない / 3:赤信号なので青色に変わるまで待たなければならない,0:矢印の方向に従って右折できる,右向き矢印では自動車は右折できる。二段階右折が必要な原動機付自転車は右向き矢印に従って右折できないが、普通自動二輪車は進める。,keep,,事実・問いとも妥当,,交通の方法に関する教則 / 道路交通法,,,
at158,at_gentei,rules,4,交差点で警察官が腕を水平に上げる手信号をしている。警察官の身体の正面に対面する方向から進行してきた場合の意味として正しいのはどれか。,0:黄色の灯火の信号と同じ意味である / 1:赤色の灯火の信号と同じ意味である / 2:青色の灯火の信号と同じ意味である / 3:徐行して進んでよいという意味である,1:赤色の灯火の信号と同じ意味である,腕を水平に上げた手信号では、身体の正面・背面に対面する交通は赤信号、身体の向きと平行する交通は青信号と同じ意味になる。,keep,,事実・問いとも妥当,,交通の方法に関する教則 / 道路交通法,,,
at159,at_gentei,rules,1,交差点の信号機の表示と、警察官の手信号が異なっている場合の対応として正しいのはどれか。,0:安全と思う方を自分で選んで従う / 1:信号機の表示に従う / 2:警察官の手信号に従う / 3:両方が一致するまで交差点の手前で待つ,2:警察官の手信号に従う,信号機の表示と警察官等の手信号が異なるときは、警察官等の手信号に従わなければならない。,keep,,事実・問いとも妥当,,交通の方法に関する教則 / 道路交通法,,,
at160,at_gentei,rules,2,信号機のない交差点で、自分が通行している道路と交差する道路が優先道路である場合の通行方法として正しいのはどれか。,0:先に交差点に着いた方が優先なので、そのまま進んでよい / 1:警音器を鳴らして自分の進行を知らせれば進める / 2:二輪車は車体が小さいので優先道路の車両より先に進んでよい / 3:徐行するなどして、優先道路を通行する車両の進行を妨げないようにする,3:徐行するなどして、優先道路を通行する車両の進行を妨げないようにする,交差する道路が優先道路であるときは、徐行するなどしてその道路を通行する車両等の進行を妨げてはならない。,keep,,事実・問いとも妥当,,交通の方法に関する教則 / 道路交通法,,,
at161,at_gentei,rules,2,信号機がなく、優先道路の指定もない交差点で、道幅が同じくらいの道路から左方向と右方向の車両がほぼ同時に交差点に近づいている。正しい考え方はどれか。,0:左方から来る車両の進行を妨げてはならない / 1:二輪車は四輪車に優先される / 2:速度の速い車両が優先される / 3:右方から来る車両の進行を妨げてはならない,0:左方から来る車両の進行を妨げてはならない,同じような道幅の交差点では、左方から進行してくる車両等の進行を妨げてはならない（左方優先）。,keep,,事実・問いとも妥当,,交通の方法に関する教則 / 道路交通法,,,
at162,at_gentei,rules,1,交差点で右折しようとしたところ、対向車線から直進車が近づいてきた。正しい対応はどれか。,0:先に交差点に入っていれば右折車が優先される / 1:直進車の進行を妨げないよう、その通過を待ってから右折する / 2:二輪車なら直進車の前を素早く横切ってよい / 3:合図を出していれば右折車が優先される,1:直進車の進行を妨げないよう、その通過を待ってから右折する,右折車は、先に交差点に入っていても対向の直進車や左折車の進行を妨げてはならない。,keep,obvious_longest,事実・問いとも妥当/正解が最長,,交通の方法に関する教則 / 道路交通法,,,
at163,at_gentei,rules,2,交差点付近を走行中に、後方から緊急自動車がサイレンを鳴らして近づいてきた。正しい対応はどれか。,0:そのまま同じ速度で走り続ける / 1:速度を上げて交差点を早く通過し、その先で止まる / 2:交差点を避け、道路の左側に寄って一時停止する / 3:交差点内でその場に一時停止する,2:交差点を避け、道路の左側に寄って一時停止する,交差点やその付近では、交差点を避けて道路の左側に寄り一時停止する。交差点付近以外では左側に寄って進路を譲る。,keep,,事実・問いとも妥当,,交通の方法に関する教則 / 道路交通法,,,
at164,at_gentei,rules,2,停留所で止まっていた路線バスが、発進のため方向指示器で合図をした。後方から近づいた二輪車の対応として正しいのはどれか。,0:警音器を鳴らしてバスに発進を待たせる / 1:バスの右側を通過すれば問題ない / 2:バスより先に通過するため加速する / 3:急ブレーキや急ハンドルが必要な場合を除き、バスの進路変更を妨げてはならない,3:急ブレーキや急ハンドルが必要な場合を除き、バスの進路変更を妨げてはならない,路線バス等が発進の合図をしたときは、急ブレーキ等をしなければならない場合を除き、その進路の変更を妨げてはならない。,keep,obvious_longest,事実・問いとも妥当/正解が最長,,交通の方法に関する教則 / 道路交通法,,,
at165,at_gentei,rules,3,前の車が右折するため道路の中央（一方通行路では右端）に寄って進んでいる。この車を追い越す方法として正しいのはどれか。,0:前の車の左側を通行して追い越す / 1:どのような場合でも追い越してはならない / 2:警音器を鳴らして前の車を左に寄せさせてから右側を追い越す / 3:前の車の右側を通行して追い越す,0:前の車の左側を通行して追い越す,追越しは右側からが原則だが、前車が右折のため中央（右端）に寄って通行しているときは、その左側を通行しなければならない。,keep,,事実・問いとも妥当,,交通の方法に関する教則 / 道路交通法,,,
at166,at_gentei,rules,5,前の車が、さらにその前を走る自動車を追い越そうとしている。このときの行動として正しいのはどれか。,0:前の車に続いて同時に追い越してよい / 1:前の車を追い越してはならない / 2:合図を出していれば追い越してよい / 3:二輪車であれば車線内ですり抜けて追い越してよい,1:前の車を追い越してはならない,前車が自動車を追い越そうとしているときに、その車を追い越すこと（二重追越し）は禁止されている。,keep,,事実・問いとも妥当,,交通の方法に関する教則 / 道路交通法,,,
at167,at_gentei,rules,5,横断歩道の手前30m以内の場所で、前方を走る自転車の側方を通過してその前方に出ることについて正しいのはどれか。,0:横断歩道の手前30m以内では、自転車を含むすべての車両を追い越してはならない / 1:横断歩道の手前30m以内では、二輪車は自転車の後ろを徐行しなければならない / 2:軽車両は規制の対象外なので、安全を確かめれば側方を通過して前方に出てもよい / 3:自転車を追い越す場合は必ず警音器を鳴らさなければならない,2:軽車両は規制の対象外なので、安全を確かめれば側方を通過して前方に出てもよい,横断歩道等の手前30m以内で前方の車両の側方を通過して前に出ることが禁止されているのは、軽車両を除く車両である。自転車の場合は十分な間隔をとって安全に通過する。,keep,ambiguous,軽車両除外の条文は要確認,,道路交通法 第38条,要,,
at168,at_gentei,rules,5,標識による指定がない場合に、追越しが禁止されていない場所はどれか。,0:上り坂の頂上付近 / 1:勾配の急な下り坂 / 2:道路の曲がり角付近 / 3:勾配の急な上り坂,3:勾配の急な上り坂,追越し禁止場所は、道路の曲がり角付近、上り坂の頂上付近、勾配の急な下り坂などである。勾配の急な上り坂は追越し禁止場所ではない（駐停車は禁止）。,keep,,急な上り坂は追越し禁止でなく妥当,,道路交通法 第30条,要,,
at169,at_gentei,rules,2,追越しを終えて元の車線に戻るときの方法として正しいのはどれか。,0:追い越した車との間に十分な距離がとれてから、合図をして緩やかに戻る / 1:追い越した車の直前に入って減速し、合図の代わりにする / 2:追い越したらすぐに元の車線に戻る / 3:合図は出さずに素早く戻る,0:追い越した車との間に十分な距離がとれてから、合図をして緩やかに戻る,追い越した車の前に急に入ると危険なので、十分な車間をとったうえで合図をして徐々に左に戻る。,keep,,事実・問いとも妥当,,交通の方法に関する教則 / 道路交通法,,,
at170,at_gentei,rules,1,直線道路を走行中、後方の車が右側に出て自車を追い越し始めた。このときの運転として正しいのはどれか。,0:道路の中央に寄って進路をふさぐ / 1:追越しが終わるまで速度を上げてはならない / 2:急ブレーキで減速して相手に知らせる / 3:抜かれないように速度を上げる,1:追越しが終わるまで速度を上げてはならない,追越しをされるときは、速度を上げてはならない。追越しに十分な余地がない場合はできるだけ左に寄って進路を譲る。,keep,,事実・問いとも妥当,,交通の方法に関する教則 / 道路交通法,,,
at171,at_gentei,rules,5,踏切の手前に来たところ、踏切に設置された信号機が青色を表示していた。二輪車でこの踏切を渡るときの方法として正しいのはどれか。,0:警音器を鳴らしてから通過しなければならない / 1:青色であれば左右の安全確認も不要である / 2:一時停止をしないで通過できるが、安全を確かめる必要はある / 3:信号に関係なく必ず踏切の直前で一時停止しなければならない,2:一時停止をしないで通過できるが、安全を確かめる必要はある,信号機のある踏切で青信号の場合は一時停止の必要はないが、安全確認をして通過する。,keep,,事実・問いとも妥当,,交通の方法に関する教則 / 道路交通法,,,
at172,at_gentei,rules,1,踏切に差しかかったところ、警報機が鳴り始め遮断機が下り始めた。正しい対応はどれか。,0:列車が見えなければ通過してよい / 1:二輪車なら遮断機の横をすり抜けてよい / 2:遮断機が下り切る前に急いで通過する / 3:踏切に入らず、停止位置で止まる,3:踏切に入らず、停止位置で止まる,警報機が鳴っているときや遮断機が下り始めているときは、踏切に入ってはならない。,keep,,事実・問いとも妥当,,交通の方法に関する教則 / 道路交通法,,,
at173,at_gentei,rules,2,警報機のない踏切の手前で一時停止し、左右の安全を確かめた。これから踏切を渡るときの進み方として適切なのはどれか。,0:落輪しないよう左端に寄りすぎず、踏切の中ほどを通過する / 1:対向車を避けるため、できるだけ左端に寄って通過する / 2:線路と平行になるよう斜めに進入する / 3:踏切内で一度止まって左右を確認する,0:落輪しないよう左端に寄りすぎず、踏切の中ほどを通過する,踏切の左端は落輪のおそれがあるため、左寄りを避けて通過する。踏切内での停止は危険である。,keep,,事実・問いとも妥当,,交通の方法に関する教則 / 道路交通法,,,
at174,at_gentei,rules,5,片側2車線の道路で、信号のない横断歩道の手前に左車線の乗用車が止まっている。右車線を走る二輪車がその乗用車の横を通って前へ出るときの方法として正しいのはどれか。,0:徐行すれば一時停止は不要である / 1:その車の前方に出る前に一時停止しなければならない / 2:歩行者が見えなければそのまま通過してよい / 3:警音器を鳴らしてから通過する,1:その車の前方に出る前に一時停止しなければならない,横断歩道等の手前で停止している車両の側方を通過してその前方に出ようとするときは、前方に出る前に一時停止しなければならない。,keep,,事実・問いとも妥当,,交通の方法に関する教則 / 道路交通法,,,
at175,at_gentei,rules,2,横断歩道に近づいたとき、横断しようとする人がいないことが明らかでない場合の運転方法として正しいのはどれか。,0:必ず一時停止しなければならない / 1:歩行者の姿が見えなければ速度を落とさなくてよい / 2:横断歩道の手前で停止できるような速度で進む / 3:警音器を鳴らして注意を促しながら通過する,2:横断歩道の手前で停止できるような速度で進む,横断する人がいないことが明らかな場合を除き、横断歩道の手前で停止できるような速度で進行しなければならない。,keep,,事実・問いとも妥当,,交通の方法に関する教則 / 道路交通法,,,
at176,at_gentei,rules,2,路面電車の安全地帯に歩行者がいる場合、その側方を通過する方法として正しいのはどれか。,0:歩行者がいなくなるまで停止して待つ / 1:警音器を鳴らして通過する / 2:一時停止してから通過する / 3:徐行して通過する,3:徐行して通過する,安全地帯に歩行者がいるときは徐行しなければならない。,keep,,事実・設問とも妥当,,道路交通法／交通の方法に関する教則,,,
at177,at_gentei,rules,5,停留所で路面電車が止まっていて、乗り降りする人がいる。安全地帯はない。二輪車の対応として正しいのはどれか。,0:乗降客や道路を横断する人がいなくなるまで、路面電車の後方で停止して待つ / 1:路面電車の右側を徐行して通過する / 2:乗降客の間を縫うように徐行して通過する / 3:路面電車の左側を警音器を鳴らしながら通過する,0:乗降客や道路を横断する人がいなくなるまで、路面電車の後方で停止して待つ,安全地帯のない停留所で乗り降りする人がいるときは、路面電車の後方で停止し、乗降客や横断者がいなくなるまで待つ。,keep,obvious_longest,事実・設問とも妥当,,道路交通法／交通の方法に関する教則,,,
at178,at_gentei,rules,1,白や黄色のつえを持った人が道路を歩いている。二輪車の運転者の対応として正しいのはどれか。,0:歩行者の後ろを同じ速度でついていく / 1:一時停止か徐行をして、安全に通れるようにする / 2:警音器を鳴らして自分の存在を知らせる / 3:速度を上げて早く通り過ぎる,1:一時停止か徐行をして、安全に通れるようにする,つえを持った視覚障害者などが通行しているときは、一時停止か徐行をしてその通行を妨げないようにする。,keep,obvious_longest,事実・設問とも妥当,,道路交通法／交通の方法に関する教則,,,
at179,at_gentei,rules,2,児童や幼児の乗り降りのため停車している通学通園バスの側方を通過する方法として正しいのはどれか。,0:バスの反対車線を通れば速度を落とさなくてよい / 1:バスが発進するまで必ず停止して待つ / 2:徐行して安全を確かめながら通過する / 3:警音器を鳴らして通過する,2:徐行して安全を確かめながら通過する,児童・幼児の乗降のため停車中の通学通園バスの側方を通るときは、徐行して安全を確かめなければならない。,keep,,事実・設問とも妥当,,道路交通法／交通の方法に関する教則,,,
at180,at_gentei,rules,2,高齢運転者標識（高齢者マーク）を付けた車が前方を走行している。してはならない行為はどれか。,0:同じ速度で後方を走ること / 1:安全な場所で右側から追い越すこと / 2:十分な車間距離をとって後ろを走ること / 3:危険を避けるためやむを得ない場合を除き、幅寄せや割り込みをすること,3:危険を避けるためやむを得ない場合を除き、幅寄せや割り込みをすること,高齢者マークなどの標識を付けた車に対しては、やむを得ない場合を除き、幅寄せや割り込みをしてはならない。,keep,obvious_longest,事実・設問とも妥当,,道路交通法／交通の方法に関する教則,,,
at181,at_gentei,rules,1,歩行者のそばを通過するときの方法として正しいのはどれか。,0:歩行者との間に安全な間隔をあけるか、徐行する / 1:警音器を鳴らして歩行者に道をあけさせる / 2:歩行者に近づいて存在を知らせる / 3:速度を上げて短時間で通過する,0:歩行者との間に安全な間隔をあけるか、徐行する,歩行者の側方を通過するときは、安全な間隔をあけるか徐行しなければならない。,keep,obvious_longest,事実・設問とも妥当,,道路交通法／交通の方法に関する教則,,,
at182,at_gentei,rules,2,道路沿いのガソリンスタンドに入るため、歩道を横切ろうとしている。正しい方法はどれか。,0:歩道の上を走って駐車場の入口まで進む / 1:歩道の直前で一時停止し、歩行者の通行を妨げないようにする / 2:歩行者がいなければ徐行で通過してよい / 3:警音器を鳴らして歩行者に知らせてから横切る,1:歩道の直前で一時停止し、歩行者の通行を妨げないようにする,道路外の施設に出入りするため歩道等を横切るときは、歩行者の有無にかかわらず、その直前で一時停止しなければならない。,keep,obvious_longest,事実・設問とも妥当,,道路交通法／交通の方法に関する教則,,,
at183,at_gentei,rules,5,「歩行者用道路」の標識がある道路を二輪車で通行することについて正しいのはどれか。,0:徐行すればどの車両でも通行できる / 1:エンジンをかけたまま押して歩けば通行できる / 2:原則として通行できず、特に通行を認められた車両は歩行者に注意して徐行しなければならない / 3:二輪車は歩行者用道路の対象外なので通行できる,2:原則として通行できず、特に通行を認められた車両は歩行者に注意して徐行しなければならない,歩行者用道路は原則として車両通行禁止で、沿道に車庫を持つなど特に許可を受けた車両は徐行して通行する。,keep,obvious_longest,事実・設問とも妥当,,道路交通法／交通の方法に関する教則,,,
at184,at_gentei,rules,1,一方通行の標識がある道路を、二輪車で標識の示す方向と逆向きに走行することについて正しいのはどれか。,0:徐行すれば逆向きに走行してよい / 1:AT車であれば規制の対象外である / 2:二輪車は車体が小さいので逆向きに走行してよい / 3:二輪車も一方通行の規制を受けるので、逆向きに走行してはならない,3:二輪車も一方通行の規制を受けるので、逆向きに走行してはならない,一方通行の規制は自動二輪車にも適用される。補助標識で除外されている車両以外は逆向きに通行できない。,keep,obvious_longest,事実・設問とも妥当,,道路交通法／交通の方法に関する教則,,,
at185,at_gentei,rules,3,片側3車線の道路（車両通行帯あり）で、右折や追越しをしないとき普通自動二輪車の走行車線として正しいのはどれか。,0:速度に応じて左側または中央の通行帯を走り、最も右側の通行帯はあけておく / 1:二輪車は常に最も右側の通行帯を走らなければならない / 2:二輪車は車線の区別なく路側帯を走る / 3:どの通行帯を走ってもよい,0:速度に応じて左側または中央の通行帯を走り、最も右側の通行帯はあけておく,片側3以上の車両通行帯がある道路では、最も右側の通行帯は追越しなどのためにあけておき、速度に応じてそれ以外の通行帯を通行する。,keep,obvious_longest,事実・設問とも妥当,,道路交通法／交通の方法に関する教則,要,,
at186,at_gentei,rules,1,車両通行帯の境界線が黄色の線で示されている場合の意味として正しいのはどれか。,0:黄色の線は工事中を示す仮の線である / 1:その黄色の線を越えて進路を変更してはならない / 2:黄色の線は追越しのためなら越えてよい / 3:黄色の線は二輪車専用の通行帯を示す,1:その黄色の線を越えて進路を変更してはならない,車両通行帯の境界の黄色の線は進路変更禁止を示す。右左折や工事などやむを得ない場合を除き越えてはならない。,keep,obvious_longest,黄色の通行帯境界線=進路変更禁止か要確認,,道路交通法／交通の方法に関する教則,要,,
at187,at_gentei,rules,2,片側1車線の道路で前を走る遅いトラックを追い越したいが、中央線は黄色の実線である。正しい考え方はどれか。,0:黄色の実線は駐車禁止を示している / 1:黄色の実線は夜間だけ規制される / 2:追越しのために道路の右側部分にはみ出して通行してはならない / 3:二輪車であれば中央線をはみ出して追い越してよい,2:追越しのために道路の右側部分にはみ出して通行してはならない,黄色の中央線は「追越しのための右側部分はみ出し通行禁止」を示す。,keep,obvious_longest,事実・設問とも妥当,,道路交通法／交通の方法に関する教則,要,,
at188,at_gentei,rules,2,酒気帯び運転の基準値として正しいのはどれか。,0:呼気1リットル中のアルコール濃度が0.25mg以上 / 1:呼気1リットル中のアルコール濃度が0.5mg以上 / 2:呼気1リットル中のアルコール濃度が1.0mg以上 / 3:呼気1リットル中のアルコール濃度が0.15mg以上,3:呼気1リットル中のアルコール濃度が0.15mg以上,呼気1リットル中0.15mg以上のアルコールを身体に保有した状態での運転が酒気帯び運転として処罰される。基準値未満でも酒気を帯びての運転自体が禁止されている。,keep,,事実・設問とも妥当,,道路交通法／交通の方法に関する教則,要,,
at189,at_gentei,rules,2,飲酒運転に関連して、運転者以外の人も罰せられる場合として正しいのはどれか。,0:酒を飲んだ人に車両を提供したり、運転を依頼してその車に同乗した場合 / 1:飲酒運転を知らずに同じ店で食事をした場合 / 2:飲酒運転の車の後ろを走っていた場合 / 3:飲酒運転をしている車とすれ違った場合,0:酒を飲んだ人に車両を提供したり、運転を依頼してその車に同乗した場合,酒気を帯びた人への車両提供、酒類の提供、運転を要求・依頼しての同乗は、それぞれ罰則の対象になる。,keep,obvious_longest,事実・設問とも妥当,,道路交通法／交通の方法に関する教則,,,
at190,at_gentei,rules,1,かぜ薬を飲んで強い眠気を感じている。二輪車の運転について正しいのはどれか。,0:近い距離なら運転してもよい / 1:正常な運転ができないおそれがあるので運転してはならない / 2:ヘルメットのシールドを開けて風に当たれば運転してよい / 3:AT車なら操作が簡単なので運転してよい,1:正常な運転ができないおそれがあるので運転してはならない,過労・病気・薬の影響などで正常な運転ができないおそれがあるときは、運転してはならない。,keep,obvious_longest,事実・設問とも妥当,,道路交通法／交通の方法に関する教則,,,
at191,at_gentei,rules,1,二輪車用の乗車用ヘルメットの選び方として適切なのはどれか。,0:あごひもが付いていないものの方が脱げにくい / 1:デザイン重視で工事用ヘルメットを使ってもよい / 2:PS(c)マークやJISマークなど安全基準に適合したものを選ぶ / 3:軽ければ規格に関係なくどれでもよい,2:PS(c)マークやJISマークなど安全基準に適合したものを選ぶ,ヘルメットは安全基準を満たしたもの（PS(c)マーク、JISマーク付きなど）を選び、あごひもを確実に締めて着用する。,keep,obvious_longest,事実・設問とも妥当,,道路交通法／交通の方法に関する教則,,,
at193,at_gentei,rules,2,交差点で右折するときの通行方法として正しいのはどれか（二段階右折の対象でない二輪車の場合）。,0:あらかじめ道路の中央に寄り、交差点の中心のすぐ内側を徐行して曲がる / 1:道路の左端に寄ったまま大回りで右折する / 2:交差点の中心の外側を速度を落とさずに曲がる / 3:対向車線に入ってから右折する,0:あらかじめ道路の中央に寄り、交差点の中心のすぐ内側を徐行して曲がる,右折するときは、あらかじめできるだけ道路の中央に寄り、交差点の中心のすぐ内側を徐行しながら通行する。,keep,obvious_longest,事実・設問とも妥当,,道路交通法／交通の方法に関する教則,,,
at194,at_gentei,rules,4,一方通行の道路を走行中、次の交差点で右折する。右折の準備として正しい通行方法はどれか。,0:一方通行路でも道路の中央に寄って右折する / 1:あらかじめ道路の右端に寄り、交差点の中心の内側を徐行して右折する / 2:道路の左端に寄ったまま右折する / 3:一方通行路では右折できない,1:あらかじめ道路の右端に寄り、交差点の中心の内側を徐行して右折する,一方通行の道路で右折するときは、あらかじめできるだけ道路の右端に寄って右折する。,keep,obvious_longest,事実・設問とも妥当,,道路交通法／交通の方法に関する教則,,,
at195,at_gentei,rules,2,転回（Uターン）をする場合の合図を出す時期として正しいのはどれか。,0:転回を始めると同時 / 1:転回しようとするときの約10秒前 / 2:転回しようとする地点から30m手前の地点に達したとき / 3:転回しようとする地点から3m手前,2:転回しようとする地点から30m手前の地点に達したとき,転回の合図は右折と同じく、その行為をしようとする地点から30m手前の地点に達したときに行う。,keep,obvious_longest,事実・設問とも妥当,,道路交通法／交通の方法に関する教則,要,,
at196,at_gentei,rules,3,高速道路の本線車道を走行中、路肩や路側帯を通行することについて正しいのはどれか。,0:追越しのためなら路肩を通行できる / 1:二輪車は渋滞時に限り路肩を通行できる / 2:速度を落とせばいつでも路肩を通行できる / 3:故障などやむを得ない場合を除き、路肩や路側帯を通行してはならない,3:故障などやむを得ない場合を除き、路肩や路側帯を通行してはならない,高速道路では、故障その他やむを得ない場合以外に路肩・路側帯を通行したり、そこに停止したりしてはならない。,keep,obvious_longest,事実・設問とも妥当,,道路交通法／交通の方法に関する教則,,,
at197,at_gentei,rules,2,高速道路の本線車道に合流するときの方法として正しいのはどれか。,0:加速車線で十分に速度を上げ、本線車道を走る車の進行を妨げないように合流する / 1:本線車道の車より合流車が優先される / 2:加速車線の入口で一度停止してから合流する / 3:加速車線の途中で本線に入ってはならず、加速車線の終わりで必ず停止する,0:加速車線で十分に速度を上げ、本線車道を走る車の進行を妨げないように合流する,本線車道に入るときは、加速車線で十分加速し、本線車道を通行する車両の進行を妨げないようにする。,keep,obvious_longest,事実・設問とも妥当,,道路交通法／交通の方法に関する教則,,,
at198,at_gentei,rules,4,晴れた日の乾いた路面の高速道路を100km/hで走行しているときの車間距離の目安として適切なのはどれか。,0:約30m / 1:約100m / 2:約50m / 3:約200m,1:約100m,乾燥した路面で高速道路を走る場合、100km/hでは約100mがおおよその車間距離の目安とされる。路面が濡れているときはさらに長くとる。,keep,,事実・設問とも妥当,,道路交通法／交通の方法に関する教則,要,,
at199,at_gentei,rules,2,高速道路の本線車道で禁止されている行為として正しいのはどれか。,0:追越車線を使った追越し / 1:加速車線からの合流 / 2:転回や後退、中央分離帯を横切ること / 3:休憩のためサービスエリアに入ること,2:転回や後退、中央分離帯を横切ること,高速道路の本線車道では、転回・後退・中央分離帯の横断が禁止されている。,keep,,事実・設問とも妥当,,道路交通法／交通の方法に関する教則,,,
at200,at_gentei,rules,2,日中の走行であっても、前照灯などの点灯が義務付けられる状況として正しいのはどれか。,0:日中に交通量の多い幹線道路を走るとき / 1:曇りの日に市街地を走行するとき / 2:晴れた日の高速道路を走るとき / 3:トンネルの中や濃い霧などで、50m（高速道路では200m）先が見えない場所を通行するとき,3:トンネルの中や濃い霧などで、50m（高速道路では200m）先が見えない場所を通行するとき,昼間でもトンネル内や濃霧などで視界が悪い場所（50m先が見えない程度、高速道路では200m）を通行するときは灯火をつけなければならない。,keep,obvious_longest,事実・設問とも妥当,,道路交通法／交通の方法に関する教則,要,,
at201,at_gentei,rules,1,夜間、郊外の道路で前照灯を上向きにして走っていたところ、前方から対向車が近づいてきた。前照灯の操作として正しいのはどれか。,0:前照灯を減光するか、下向きに切り替える / 1:前照灯を消して尾灯だけにする / 2:点滅させて相手に合図を送る / 3:上向きにして自分の存在を知らせる,0:前照灯を減光するか、下向きに切り替える,夜間に対向車と行き違うときや他の車の直後を通行するときは、前照灯を減光するか下向きにしなければならない。,keep,obvious_longest,事実・設問とも妥当,,道路交通法／交通の方法に関する教則,,,
at202,at_gentei,rules,1,中央線がある一般道路での二輪車の通行区分として正しいのはどれか。,0:道路の中央付近を中央線をまたいで通行する / 1:道路の中央から左の部分を通行する / 2:道路の右側部分を通行する / 3:空いている方を自由に選んで通行する,1:道路の中央から左の部分を通行する,車両は道路の中央（中央線があるときは中央線）から左の部分を通行するのが原則である。,keep,,事実・設問とも妥当,,道路交通法／交通の方法に関する教則,,,
at203,at_gentei,rules,5,中央線のある道路で、道路の中央から右の部分にはみ出して通行することが認められる場合として正しいのはどれか。,0:急いでいる用事がある場合 / 1:中央線が黄色の区間で追越しをする場合 / 2:道路工事などで左側部分だけでは通行するのに十分な幅がない場合 / 3:渋滞している車列を二輪車で追い越す場合,2:道路工事などで左側部分だけでは通行するのに十分な幅がない場合,一方通行の場合や、工事などで左側部分の幅が十分でない場合などは、右側部分にはみ出して通行できる。その場合もはみ出し方はできるだけ少なくする。,keep,obvious_longest,事実・設問とも妥当,,道路交通法／交通の方法に関する教則,,,
at204,at_gentei,rules,2,交差点内を通行中に信号が青から黄色に変わった場合の対応として正しいのはどれか。,0:黄色の間は交差点内で様子を見る / 1:交差点の手前まで後退する / 2:交差点内でその場に停止する / 3:そのまま進んで速やかに交差点の外に出る,3:そのまま進んで速やかに交差点の外に出る,すでに交差点に入っているときに信号が変わった場合は、そのまま進行して速やかに交差点から出る。,keep,obvious_longest,事実・設問とも妥当,,道路交通法／交通の方法に関する教則,,,
at205,at_gentei,rules,2,信号が青であっても、前方が渋滞していて交差点内で止まってしまうおそれがある場合の対応として正しいのはどれか。,0:交差点に入らず、手前で待つ / 1:二輪車なら車の間をすり抜けて進んでよい / 2:信号が青なので交差点に入ってよい / 3:交差点内に入って待ち、前が動いたら進む,0:交差点に入らず、手前で待つ,前方の車両の状況により交差点内で停止するおそれがあるときは、信号が青でも交差点に入ってはならない。,keep,,事実・設問とも妥当,,道路交通法／交通の方法に関する教則,,,
at207,at_gentei,rules,1,雨上がりの道路で、水たまりのそばを歩行者が歩いている。正しい運転方法はどれか。,0:警音器を鳴らして歩行者を遠ざける / 1:歩行者が避けるだろうからそのままの速度で通過する / 2:泥水をはねて迷惑をかけないよう、速度を落とすなどして通過する / 3:水たまりの中央を速い速度で通過する,2:泥水をはねて迷惑をかけないよう、速度を落とすなどして通過する,ぬかるみや水たまりのある場所では、泥や水をはねて他人に迷惑をかけないよう、徐行するなどして通行する。,keep,obvious_longest,事実・設問とも妥当,,道路交通法／交通の方法に関する教則,,,
at208,at_gentei,rules,1,保護者が付いていない小さな子どもが道路の端を一人で歩いている。二輪車の運転者の対応として正しいのはどれか。,0:子どもから目を離さずに同じ速度で通過する / 1:警音器を鳴らして子どもに注意を促す / 2:子どもの近くを素早く通り抜ける / 3:一時停止か徐行をして、子どもが安全に通行できるようにする,3:一時停止か徐行をして、子どもが安全に通行できるようにする,付き添いのない児童・幼児が歩いているときは、一時停止か徐行をしてその通行を妨げないようにしなければならない。,keep,obvious_longest,事実・設問とも妥当,,道路交通法／交通の方法に関する教則,,,
at210,at_gentei,hazard_prediction,2,交差点で左折しようとしている大型トラックの左側を二輪車で進んでいる。最も注意すべき危険はどれか。,0:トラックの荷台から荷物が後方へ落ちてくるおそれがある / 1:トラックの内輪差によって巻き込まれるおそれがある / 2:トラックが後退してくるおそれがある / 3:トラックが急に右へ進路を変えるおそれがある,1:トラックの内輪差によって巻き込まれるおそれがある,大型車は左折時に後輪が前輪より内側を通るため、左側にいる二輪車が巻き込まれやすい。左折する大型車の左側には並ばず、後方で待つ。,keep,,事実・設問とも妥当,,交通の方法に関する教則 第5章 危険の予測と運転,,,
at211,at_gentei,hazard_prediction,2,停留所に停車中の路線バスの右側を通過しようとしている。予測すべき危険として最も適切なのはどれか。,0:停車中のバスの周辺では歩行者は動かない / 1:バスの屋根の上から物が落ちてくるおそれがある / 2:バスを降りた人がバスの前方から道路を横断してくるおそれがある / 3:バスが急に後退してくるおそれがある,2:バスを降りた人がバスの前方から道路を横断してくるおそれがある,停車中のバスの前方は死角になり、降車した人が横断してくることがある。速度を落とし、すぐ止まれるように通過する。,keep,obvious_longest,事実・設問とも妥当,,交通の方法に関する教則 第5章 危険の予測と運転,,,
at213,at_gentei,hazard_prediction,2,雨の日に交差点を通過する際、特に滑りやすく注意が必要な路面として正しいのはどれか。,0:マンホールのふたや道路工事の鉄板、横断歩道などの白い標示の上 / 1:水たまりのない場所はすべて乾燥路と同じである / 2:舗装が新しいアスファルトの部分は雨でも全く滑らない / 3:路面の標示ペイントは雨の日ほど滑りにくくなる,0:マンホールのふたや道路工事の鉄板、横断歩道などの白い標示の上,雨の日は、金属のふたや鉄板、標示ペイントの上がとくに滑りやすい。その上ではブレーキやハンドルの操作を控える。,keep,obvious_longest,事実・設問とも妥当,,交通の方法に関する教則 第5章 危険の予測と運転,,,
at214,at_gentei,hazard_prediction,1,雨が降り始めたばかりの道路の状態として、とくに注意すべき点はどれか。,0:降り始めより大雨のときの方が必ず滑りやすい / 1:路面の油やほこりが雨水と混じって浮き上がり、非常に滑りやすくなっている / 2:降り始めは路面がまだ乾いているので普段どおり走れる / 3:雨の降り始めはタイヤのグリップが増す,1:路面の油やほこりが雨水と混じって浮き上がり、非常に滑りやすくなっている,降り始めの雨は路面の油分やほこりを浮かせ、とくに滑りやすい。速度を落とし、急な操作を避ける。,keep,obvious_longest,事実・設問とも妥当,,交通の方法に関する教則 第5章 危険の予測と運転,,,
at215,at_gentei,hazard_prediction,2,夜間、街灯の少ない道路を走行しているときに注意すべき危険として正しいのはどれか。,0:夜間は交通量が少ないので歩行者も道路に出てこない / 1:反射材を付けていない自転車は通行が禁止されているので現れない / 2:暗い色の服を着た歩行者は発見が遅れやすい / 3:前照灯を上向きにすれば歩行者を見落とすことはない,2:暗い色の服を着た歩行者は発見が遅れやすい,夜間は暗い服装の歩行者や無灯火の自転車の発見が遅れやすい。前照灯の照らす範囲で止まれる速度で走る。,keep,obvious_other,事実は妥当。誤答がやや不自然,,交通の方法に関する教則 第5章 危険の予測と運転,,,
at216,at_gentei,hazard_prediction,4,夜間、対向車の前照灯と自車の前照灯が重なる付近を走行するときに注意すべき現象として正しいのはどれか。,0:光が重なるので歩行者がとくによく見える / 1:対向車の前照灯で路面の凹凸が見えやすくなる / 2:自車の前照灯が相手の目に入らなくなる / 3:両方のライトの間にいる歩行者などが見えなくなることがある,3:両方のライトの間にいる歩行者などが見えなくなることがある,対向車と自車のライトが交差する付近では、その間にいる歩行者などが光に溶け込んで見えなくなる（蒸発現象）ことがある。速度を落として注意する。,keep,obvious_longest,事実・設問とも妥当,,交通の方法に関する教則 第5章 危険の予測と運転,,,
at217,at_gentei,hazard_prediction,2,四輪車の斜め後方を並ぶように走り続けることの危険として正しいのはどれか。,0:四輪車の運転者のミラーの死角に入り、進路変更のときに気付かれないおそれがある / 1:四輪車が必ず二輪車を確認しているので危険はない / 2:四輪車の排気ガスで視界が悪くなるおそれがある / 3:並んで走ると互いの速度が上がりやすい,0:四輪車の運転者のミラーの死角に入り、進路変更のときに気付かれないおそれがある,四輪車の斜め後方はミラーに映りにくい死角である。死角に長くとどまらず、相手から見える位置を走る。,keep,obvious_longest,事実・設問とも妥当,,交通の方法に関する教則 第5章 危険の予測と運転,,,
at218,at_gentei,hazard_prediction,1,路上に駐車している車のすぐ横を通過するときに予測すべき危険として適切なのはどれか。,0:駐車車両の横では速度を上げて早く通過した方が安全である / 1:駐車車両のドアが急に開くおそれがある / 2:駐車車両は動かないので横ぎりぎりを通ってよい / 3:駐車車両には人が乗っていないので危険はない,1:駐車車両のドアが急に開くおそれがある,駐車車両の運転者が急にドアを開けることがある。ドアの開く幅以上の間隔をとるか、速度を落として通過する。,keep,,事実・設問とも妥当,,交通の方法に関する教則 第5章 危険の予測と運転,,,
at220,at_gentei,hazard_prediction,1,住宅街の道路を走行中、前方の路地からボールが転がり出てきた。予測すべき危険として最も適切なのはどれか。,0:子どもは車の音を聞けば飛び出さない / 1:ボールをよければ危険はない / 2:ボールは風で転がってきただけなので気にしなくてよい / 3:ボールを追って子どもが飛び出してくるおそれがある,3:ボールを追って子どもが飛び出してくるおそれがある,ボールの後には子どもが追いかけて飛び出してくることが多い。直ちに減速し、停止できるよう備える。,keep,obvious_other,事実は妥当。誤答がやや不自然,,交通の方法に関する教則 第5章 危険の予測と運転,,,
at221,at_gentei,hazard_prediction,1,信号のない横断歩道を高齢の歩行者がゆっくり渡っている。予測すべきこととして適切なのはどれか。,0:途中で立ち止まったり引き返したりするおそれがある / 1:横断し終わるまで待つ必要はない / 2:二輪車の接近に気付いてすぐに道をあける / 3:一定の速さで確実に渡り切る,0:途中で立ち止まったり引き返したりするおそれがある,高齢者は横断の途中で立ち止まったり引き返したりすることがある。横断が終わるまで停止して待つ。,keep,obvious_longest,事実・設問とも妥当,,交通の方法に関する教則 第5章 危険の予測と運転,,,
at222,at_gentei,hazard_prediction,3,信号のない交差点に近づいている。交差する道路には「一時停止」の標識があり、そちらから車が近づいてくる。適切な考え方はどれか。,0:相手には一時停止の義務があるので必ず止まると考えてよい / 1:相手が一時停止せずに出てくる可能性も考え、速度を控えて様子を見る / 2:警音器を鳴らし続ければ相手は止まる / 3:自分が優先なので速度を上げて先に通過する,1:相手が一時停止せずに出てくる可能性も考え、速度を控えて様子を見る,相手に一時停止義務があっても、見落としや無視で出てくることがある。「相手は止まるはず」と思い込まず、いつでも止まれるように備える。,keep,obvious_longest,事実・設問とも妥当,,交通の方法に関する教則 第5章 危険の予測と運転,,,
at223,at_gentei,hazard_prediction,1,前方の信号が青から黄色に変わりそうな状況で、先行車に続いて走行している。予測すべきこととして適切なのはどれか。,0:先行車に続けば自分も必ず通過できる / 1:信号の変わり目では先行車との車間を詰めた方が安全である / 2:先行車が停止位置で急に止まり、追突するおそれがある / 3:先行車は必ず加速して交差点を通過する,2:先行車が停止位置で急に止まり、追突するおそれがある,信号の変わり目では先行車が急停止することがある。車間距離を十分にとり、先行車の動きに備える。,keep,obvious_other,事実は妥当。誤答がやや不自然,,交通の方法に関する教則 第5章 危険の予測と運転,,,
at224,at_gentei,hazard_prediction,2,前方を走るタクシーが、左の歩道に手を挙げている人に向かって急に速度を落とした。予測すべきこととして適切なのはどれか。,0:タクシーはそのまま同じ速度で走り続ける / 1:タクシーは二輪車に進路を譲るために減速した / 2:客を乗せるときは必ず合図を出してから停止する / 3:タクシーが左に寄って急停止したり、客を乗せた後に急に発進・転回したりするおそれがある,3:タクシーが左に寄って急停止したり、客を乗せた後に急に発進・転回したりするおそれがある,空車のタクシーは客を見つけると合図が遅れたまま急停止することがある。車間距離をとり、側方通過時は乗降や発進にも注意する。,keep,obvious_longest,事実・設問とも妥当,,交通の方法に関する教則 第5章 危険の予測と運転,,,
at227,at_gentei,hazard_prediction,1,右に曲がる見通しのよいカーブに、速度を落とさないまま進入したときに起こりやすい危険として正しいのはどれか。,0:速度が高いほど車体が安定し曲がりやすくなる / 1:右カーブでは内側に倒れ込むことしか起こらない / 2:遠心力で外側に膨らみ、対向車線にはみ出すおそれがある / 3:見通しのよいカーブでは速度を落とす必要はない,2:遠心力で外側に膨らみ、対向車線にはみ出すおそれがある,カーブで速度が高すぎると遠心力で外側に膨らみ、右カーブでは対向車線にはみ出すおそれがある。カーブ手前で十分減速する。,keep,obvious_other,事実は妥当。誤答がやや不自然,,交通の方法に関する教則 第5章 危険の予測と運転,,,
at228,at_gentei,hazard_prediction,3,冬の早朝、晴れていて乾いているように見える道路を走行している。とくに注意が必要な場所として正しいのはどれか。,0:日当たりのよい直線道路の中央部 / 1:工事で新しく舗装された明るい場所 / 2:交通量の多い交差点の中央 / 3:橋の上やトンネルの出入口、日陰の部分,3:橋の上やトンネルの出入口、日陰の部分,橋の上や日陰、トンネルの出入口は気温が下がりやすく、他が乾いていても凍結していることがある。,keep,obvious_longest,事実・設問とも妥当,,交通の方法に関する教則 第5章 危険の予測と運転,,,
at229,at_gentei,hazard_prediction,3,霧が発生して見通しが悪い道路を走行するときの運転方法として適切なのはどれか。,0:前照灯を下向きにつけて速度を落とし、道路の中央線やガードレールなどを目安に走る / 1:先行車に接近してその尾灯を頼りに走る / 2:前照灯を上向きにすると遠くまでよく見える / 3:霧の中では速度を上げて早く抜け出す方がよい,0:前照灯を下向きにつけて速度を落とし、道路の中央線やガードレールなどを目安に走る,霧の中で上向きの前照灯は光が乱反射してかえって見えにくい。下向きにして速度を落とし、車間を十分にとる。必要に応じて警音器を使う。,keep,obvious_longest,事実・設問とも妥当,,交通の方法に関する教則 第5章 危険の予測と運転,,,
at234,at_gentei,hazard_prediction,2,住宅街の道路で、左側の民家の駐車場に停まっている車のブレーキランプが点灯した。予測すべき危険として適切なのはどれか。,0:ブレーキランプの点灯は停車中を示すので動かない / 1:その車が道路に向かって後退してくるおそれがある / 2:道路を走る車が優先なので相手は出てこない / 3:二輪車は音が大きいので相手は必ず気付く,1:その車が道路に向かって後退してくるおそれがある,駐車場の車のランプ点灯は発進や後退の前触れである。後退する車からは二輪車が見えにくいので、減速して動きを確かめる。,keep,obvious_other,事実は妥当。誤答がやや不自然,,交通の方法に関する教則 第5章 危険の予測と運転,,,
at236,at_gentei,hazard_prediction,1,スマートフォンを見ながら歩いている歩行者が道路端にいる。適切な対応はどれか。,0:警音器を連続して鳴らしながら接近する / 1:歩行者のすぐ横を速い速度で通過する / 2:歩行者は二輪車の音で必ず気付くので注意は不要である / 3:周囲に気付かず急に進路を変えたり道路に出たりするおそれがあるので、速度を落として間隔をとる,3:周囲に気付かず急に進路を変えたり道路に出たりするおそれがあるので、速度を落として間隔をとる,注意が散漫な歩行者は予測できない動きをすることがある。減速し、十分な間隔をとって通過する。,keep,obvious_longest,事実・設問とも妥当,,交通の方法に関する教則 第5章 危険の予測と運転,,,
at237,at_gentei,hazard_prediction,2,前の車に接近しすぎて走行することの危険として適切なのはどれか。,0:前方の路面の穴や落下物が見えず、発見したときには避けられないおそれがある / 1:接近していれば前の車の急停止にも対応しやすい / 2:前の車の風よけになるため、むしろ安全である / 3:前方の信号が見やすくなる,0:前方の路面の穴や落下物が見えず、発見したときには避けられないおそれがある,車間距離が短いと前車の急停止に対応できないだけでなく、前方の路面状況も見えにくくなる。十分な車間をとる。,keep,obvious_longest,事実・設問とも妥当,,交通の方法に関する教則 第5章 危険の予測と運転,,,
at238,at_gentei,hazard_prediction,4,高速道路の加速車線から本線車道に合流しようとしている。予測すべき危険として適切なのはどれか。,0:本線車道の車は必ず合流車に道を譲る / 1:本線車道の車は速度が高いため、加速不足で合流すると後続車に追突されるおそれがある / 2:加速車線では速度を上げずに合流する方が安全である / 3:本線の車との速度差は大きいほど安全である,1:本線車道の車は速度が高いため、加速不足で合流すると後続車に追突されるおそれがある,本線車道の車との速度差が大きいまま合流すると追突の危険が高い。加速車線で十分加速し、本線の流れと間隔を確かめて合流する。,keep,obvious_longest,事実・設問とも妥当,,交通の方法に関する教則 第5章 危険の予測と運転,,,
at239,at_gentei,hazard_prediction,4,高速道路を走行中、前方の見通しのよい区間の先で車が渋滞しているのが見えた。適切な対応はどれか。,0:渋滞の直前まで速度を保ち、最後尾で一気に止まる / 1:後続車に知らせる必要はないので自分だけ減速する / 2:早めに減速し、ブレーキを数回に分けて後続車に知らせ、渋滞の最後尾での追突に備える / 3:路肩を使って渋滞の先頭まで進む,2:早めに減速し、ブレーキを数回に分けて後続車に知らせ、渋滞の最後尾での追突に備える,高速道路の渋滞最後尾は追突事故が起こりやすい。早めに減速し、ブレーキ灯の点滅やハザードランプなどで後続車に知らせる。,keep,obvious_longest,事実・設問とも妥当,,交通の方法に関する教則 第5章 危険の予測と運転,,,
at240,at_gentei,hazard_prediction,1,長時間走り続けて眠気を感じ始めた。適切な対応はどれか。,0:速度を上げて早く目的地に着くようにする / 1:ヘルメットのシールドを開けて風を当てながら走り続ける / 2:音楽を大音量で聞きながら走る / 3:安全な場所で休憩をとり、眠気が取れてから運転を再開する,3:安全な場所で休憩をとり、眠気が取れてから運転を再開する,眠気や疲労は判断や操作を遅らせる。無理をせず早めに休憩をとる。,keep,"obvious_longest,topic_mismatch",眠気対処は運転者の心得。適切なtopicTag: operation,,交通の方法に関する教則 第5章 危険の予測と運転,,,
at241,at_gentei,hazard_prediction,3,片側が崖になっている狭い山道で対向車とすれ違うときの注意点として適切なのはどれか。,0:路肩が崩れやすいことがあるので、路肩に寄りすぎず、必要に応じて安全な場所で停止して行き違う / 1:対向車に道を譲る必要はない / 2:崖側の路肩ぎりぎりに寄って速度を落とさず行き違う / 3:警音器を鳴らし続けて相手を下がらせる,0:路肩が崩れやすいことがあるので、路肩に寄りすぎず、必要に応じて安全な場所で停止して行き違う,山道の路肩はもろいことがある。寄りすぎに注意し、行き違いが難しければ待避所などで止まって譲り合う。,keep,obvious_longest,事実・設問とも妥当,,交通の方法に関する教則 第5章 危険の予測と運転,,,
at242,at_gentei,hazard_prediction,1,緊急自動車のサイレンが聞こえるが、どの方向から来るのか分からない。交差点に近づいているときの対応として適切なのはどれか。,0:交差点の中央で停止して待つ / 1:速度を落として周囲を確認し、緊急自動車の進路を妨げないよう交差点を避けて左に寄れるよう準備する / 2:方向が分からないのでそのまま走り続ける / 3:サイレンの方向が分かるまで速度を上げて交差点を通過する,1:速度を落として周囲を確認し、緊急自動車の進路を妨げないよう交差点を避けて左に寄れるよう準備する,サイレンが聞こえたら減速して周囲をよく確認し、交差点付近では交差点を避けて左側に寄り一時停止できるよう備える。,keep,obvious_longest,事実・設問とも妥当,,交通の方法に関する教則 第5章 危険の予測と運転,,,
at244,at_gentei,hazard_prediction,1,夕方、西日が正面から差し込む道路を走行している。注意すべき危険として適切なのはどれか。,0:逆光のときは周囲の車からも自車がよく見える / 1:明るいので前照灯を消していても周囲から見えやすい / 2:西日で路面が乾くので制動距離が短くなる / 3:まぶしさで信号や前方の歩行者が見えにくくなり、発見が遅れるおそれがある,3:まぶしさで信号や前方の歩行者が見えにくくなり、発見が遅れるおそれがある,逆光ではまぶしさで信号や歩行者が見えにくく、対向車からも二輪車が見えにくい。速度を落とし、慎重に確認する。,keep,obvious_longest,事実・設問とも妥当,,交通の方法に関する教則 第5章 危険の予測と運転,,,
at246,at_gentei,hazard_prediction,1,見通しの悪いT字路の角にカーブミラーが設置されている。カーブミラーの使い方として適切なのはどれか。,0:ミラーがある交差点では徐行の必要はない / 1:ミラーに車が映っていなくても、死角や見えにくい車がある可能性を考えて慎重に進む / 2:ミラーに映る車は実際より近くにいる / 3:ミラーに何も映っていなければ減速せずに進んでよい,1:ミラーに車が映っていなくても、死角や見えにくい車がある可能性を考えて慎重に進む,カーブミラーの像は小さく、距離や速度が分かりにくい。また映らない範囲もあるため、ミラーだけに頼らず安全確認を行う。,keep,obvious_longest,事実・設問とも妥当,,交通の方法に関する教則 第5章 危険の予測と運転,,,
at247,at_gentei,hazard_prediction,4,信号待ちで停止している車列の左側を、二輪車でゆっくり前へ進もうとしている。予測すべき危険として最も適切なのはどれか。,0:車列の左側は二輪車の専用スペースなので他の車は入ってこない / 1:信号待ちの車からは二輪車がよく見えている / 2:車列の車が左折のため急に左に寄ったり、同乗者がドアを開けたりするおそれがある / 3:停止している車は動かないので安全に前へ出られる,2:車列の車が左折のため急に左に寄ったり、同乗者がドアを開けたりするおそれがある,停止中の車列の左側は、左折車の巻き込みや急なドア開放、歩行者の横断などの危険がある。無理に前へ出ない。,keep,obvious_longest,事実・設問とも妥当,,交通の方法に関する教則 第5章 危険の予測と運転,,,
at248,at_gentei,hazard_prediction,1,前方を高齢者が乗る自転車がふらつきながら走っている。適切な対応はどれか。,0:すぐ横をすり抜けて追い越す / 1:警音器を鳴らして道の端に寄せさせる / 2:自転車の後ろに接近して存在を知らせる / 3:自転車が急に進路を変えることを考え、十分な間隔をとるか、速度を落として後方で様子を見る,3:自転車が急に進路を変えることを考え、十分な間隔をとるか、速度を落として後方で様子を見る,ふらつく自転車は予測しにくい動きをする。十分な側方間隔をとれないときは、無理に追い越さず後方で待つ。,keep,obvious_longest,事実・設問とも妥当,,交通の方法に関する教則 第5章 危険の予測と運転,,,
at249,at_gentei,hazard_prediction,2,後続車が車間を詰めて追い上げてきた。適切な対応はどれか。,0:無理に速度を上げず、安全な場所で左に寄るなどして先に行かせる / 1:速度を上げて後続車を引き離す / 2:急ブレーキをかけて後続車に注意を促す / 3:道路の中央に寄って追い越されないようにする,0:無理に速度を上げず、安全な場所で左に寄るなどして先に行かせる,後続車に追い上げられても張り合わず、安全な場所で進路を譲る。急ブレーキは追突を招き危険である。,keep,obvious_longest,事実・設問とも妥当,,交通の方法に関する教則 第5章 危険の予測と運転,,,
at251,at_gentei,hazard_prediction,2,夕暮れ時の走行で適切な対応はどれか。,0:完全に暗くなるまで前照灯はつけない方がよい / 1:夕暮れ時は歩行者が少ないので速度を上げてよい / 2:周囲が暗くなり始めたら早めに前照灯をつけ、自車の存在を知らせる / 3:夕暮れ時は目が慣れているので見落としは起きにくい,2:周囲が暗くなり始めたら早めに前照灯をつけ、自車の存在を知らせる,夕暮れ時は見えにくく、他の車や歩行者からも二輪車が見落とされやすい。早めのライト点灯で存在を知らせる。,keep,obvious_longest,事実・設問とも妥当,,交通の方法に関する教則 第5章 危険の予測と運転,,,
at252,at_gentei,hazard_prediction,3,上り坂の頂上付近に差しかかったが、その先の道路の状況が見えない。適切な運転方法はどれか。,0:中央線寄りを走って見通しを確保する / 1:坂の頂上を越えたらすぐ下りなので加速しておく / 2:見えない部分には何もないと考えて同じ速度で進む / 3:頂上の先に停止車両や歩行者がいる可能性を考え、速度を落として進む,3:頂上の先に停止車両や歩行者がいる可能性を考え、速度を落として進む,上り坂の頂上付近は先が見えず、その先に渋滞や障害物があることもある。徐行して進み、追越しもしない。,keep,obvious_longest,事実・設問とも妥当,,交通の方法に関する教則 第5章 危険の予測と運転,,,
at253,at_gentei,operation,1,スクーター型AT車のエンジンを始動するときの操作として適切なのはどれか。,0:ブレーキレバーを握って車輪が動かないようにしてから始動する / 1:ブレーキはかけずに、動き出したらブレーキをかける / 2:またがらずに車体の横に立ってスロットルを開けながら始動する / 3:スロットルを大きく開けた状態で始動する,0:ブレーキレバーを握って車輪が動かないようにしてから始動する,AT車は始動直後にスロットルが開いていると急に動き出すことがある。ブレーキをかけ、スロットルが閉じていることを確かめてから始動する。,keep,,事実・設問とも妥当,,交通の方法に関する教則 第4章 二輪車の運転,,,
at255,at_gentei,operation,2,センタースタンドを立てたAT二輪車をスタンドから降ろすときの方法として適切なのはどれか。,0:後輪を持ち上げて横に倒すように降ろす / 1:エンジンをかけてスロットルを開け、走り出す力で降ろす / 2:ハンドルを両手で持ち、車体を前方へ押し出すようにして降ろす / 3:車体に乗ったまま後ろへ体重をかけて降ろす,2:ハンドルを両手で持ち、車体を前方へ押し出すようにして降ろす,センタースタンドから降ろすときはハンドルを持って車体を前に押し出す。降ろした直後に車体が動くのでブレーキをかけられるようにしておく。,keep,obvious_longest,事実・設問とも妥当,,交通の方法に関する教則 第4章 二輪車の運転,,,
at256,at_gentei,operation,1,AT二輪車を押して歩く（取り回す）ときの方法として適切なのはどれか。,0:エンジンをかけたままスロットルを少し開けて歩く / 1:後ろから荷台を押して進む / 2:車体の右側に立ち、片手でハンドルを持って押す / 3:エンジンを止め、車体の左側に立ってハンドルを両手で持ち、車体をやや自分側に傾けて押す,3:エンジンを止め、車体の左側に立ってハンドルを両手で持ち、車体をやや自分側に傾けて押す,取り回しはエンジンを止めて行い、車体の左側に立ってハンドルを両手で持つ。AT車はエンジンがかかったままスロットルに触れると急発進するおそれがある。,keep,obvious_longest,事実・設問とも妥当,,交通の方法に関する教則 第4章 二輪車の運転,,,
at257,at_gentei,operation,1,二輪車にまたがるときの手順として適切なのはどれか。,0:後方の安全を確かめ、ブレーキをかけて車体を安定させてから、車体の左側からまたがる / 1:車体を大きく右に傾けてから飛び乗る / 2:後方確認は発進時に行えばよいので、まず車体の右側からまたがる / 3:エンジンをかけ、スロットルを開けてからまたがる,0:後方の安全を確かめ、ブレーキをかけて車体を安定させてから、車体の左側からまたがる,乗車は後方の安全を確認し、ブレーキで車体を固定して左側から行う。,keep,obvious_longest,事実・設問とも妥当,,交通の方法に関する教則 第4章 二輪車の運転,,,
at259,at_gentei,operation,1,夏の暑い日に二輪車で出かける。服装の選び方として適切なのはどれか。,0:すそが広がった動きやすいズボンをはく / 1:夏は半袖・半ズボンとサンダルで涼しくする / 2:体の露出が少ない長袖・長ズボンにグローブを着け、くるぶしが隠れる靴をはく / 3:グローブは操作感が悪くなるので着けない,2:体の露出が少ない長袖・長ズボンにグローブを着け、くるぶしが隠れる靴をはく,転倒時のけがを軽くするため、露出の少ない服装とグローブ、足を保護する靴を着用する。すその広いズボンは巻き込みの危険がある。,keep,obvious_longest,事実・設問とも妥当,,交通の方法に関する教則 第4章 二輪車の運転,,,
at260,at_gentei,operation,1,出発前にヘルメットをかぶろうとしている。事故のときに頭を守るための着用の仕方として正しいのはどれか。,0:近所を走るときはあごひもを締めなくてよい / 1:あごひもは苦しいので緩めておく / 2:少し大きめのものを浅くかぶる / 3:頭に合ったサイズのものを深くかぶり、あごひもを確実に締める,3:頭に合ったサイズのものを深くかぶり、あごひもを確実に締める,ヘルメットはサイズの合ったものを正しくかぶり、あごひもを確実に締めないと、事故のときに脱げて役に立たない。,keep,obvious_longest,事実・設問とも妥当,,交通の方法に関する教則 第4章 二輪車の運転,,,
at261,at_gentei,operation,1,バックミラーの調整方法として適切なのはどれか。,0:運転姿勢をとった状態で、後方の様子がよく見えるように調整する / 1:車体から降りた状態で調整する / 2:走行中に片手で調整する / 3:自分の腕や肩が大きく映るように調整する,0:運転姿勢をとった状態で、後方の様子がよく見えるように調整する,ミラーは乗車して運転姿勢をとった状態で、後方がよく見えるよう走行前に調整する。,keep,obvious_longest,事実・設問とも妥当,,交通の方法に関する教則 第4章 二輪車の運転,,,
at262,at_gentei,operation,3,渋滞などで極低速走行を続けるとき、AT車で速度を安定させる方法として適切なのはどれか。,0:エンジンを止めて惰性で進む / 1:スロットルを一定に保ちながら後輪ブレーキを軽くかけて速度を調整する / 2:スロットルを開け閉めして断続的に加速と停止を繰り返す / 3:前輪ブレーキだけを強くかけ続ける,1:スロットルを一定に保ちながら後輪ブレーキを軽くかけて速度を調整する,AT車には半クラッチがないため、極低速ではスロットルを一定に保ち後輪ブレーキで速度を調整すると車体が安定しやすい。,keep,obvious_longest,事実・設問とも妥当,,交通の方法に関する教則 第4章 二輪車の運転,,,
at263,at_gentei,operation,3,雨で濡れた路面でブレーキをかけるときの操作として適切なのはどれか。,0:濡れた路面ではブレーキを使わずエンジンブレーキだけで止まる / 1:乾いた路面と同じように前輪ブレーキを強くかける / 2:乾いた路面のときよりも早めに、前輪ブレーキをやや控えめにして前後輪を穏やかにかける / 3:後輪ブレーキだけを一気に強くかける,2:乾いた路面のときよりも早めに、前輪ブレーキをやや控えめにして前後輪を穏やかにかける,濡れた路面では車輪がロックしやすいため、早めに穏やかにブレーキをかけ、前輪ブレーキの割合を乾燥時より控えめにする。,keep,obvious_longest,事実・設問とも妥当,,交通の方法に関する教則 第4章 二輪車の運転,,,
at264,at_gentei,operation,2,停止するときにブレーキを数回に分けてかける理由として正しいのはどれか。,0:エンジンの回転を上げるため / 1:前輪を浮かせて止まりやすくするため / 2:ブレーキの摩耗を防ぐため / 3:制動灯を点滅させて後続車に停止することを知らせ、追突を防ぐため,3:制動灯を点滅させて後続車に停止することを知らせ、追突を防ぐため,ブレーキを数回に分けて使うと制動灯が点滅し、後続車の注意をひいて追突を防ぐ効果がある。また車輪のロックも防ぎやすい。,keep,obvious_longest,事実・設問とも妥当,,交通の方法に関する教則 第4章 二輪車の運転,,,
at265,at_gentei,operation,2,カーブを安全に通過するための速度調整の方法として適切なのはどれか。,0:カーブの手前の直線部分で十分に減速し、カーブ中は急ブレーキをかけない / 1:カーブの途中で速度を大きく上げて一気に抜ける / 2:カーブではブレーキもスロットルも操作してはならない / 3:カーブに入ってから強くブレーキをかけて減速する,0:カーブの手前の直線部分で十分に減速し、カーブ中は急ブレーキをかけない,カーブ中の急ブレーキはスリップや転倒の原因になる。車体がまっすぐな手前の直線で減速を済ませる。,keep,obvious_longest,事実・設問とも妥当,,交通の方法に関する教則 第4章 二輪車の運転,,,
at266,at_gentei,operation,1,二輪車でカーブを曲がるときの基本的な乗り方（リーンウィズ）として正しいのはどれか。,0:車体を傾けずに体だけを内側に傾ける / 1:車体と体を同じ角度に傾ける / 2:体を車体より外側に傾ける / 3:体を起こしたままハンドルだけで曲がる,1:車体と体を同じ角度に傾ける,リーンウィズは車体と体を一体にして同じ角度に傾ける基本的な曲がり方である。,keep,,事実・設問とも妥当,,交通の方法に関する教則 第4章 二輪車の運転,,,
at267,at_gentei,operation,2,カーブの走行で「スローイン・ファストアウト」と呼ばれる考え方として正しいのはどれか。,0:カーブの途中で一度停止してから加速する / 1:カーブの入口で加速し、出口で急減速する / 2:カーブの手前で十分減速して進入し、出口に向けて車体を起こしながら徐々に加速する / 3:カーブ全体を一定の高い速度で走り抜ける,2:カーブの手前で十分減速して進入し、出口に向けて車体を起こしながら徐々に加速する,カーブは入口で速度を落とし、出口が見えてから車体を起こしつつ少しずつ加速するのが安全な走り方である。,keep,obvious_longest,事実・設問とも妥当,,交通の方法に関する教則 第4章 二輪車の運転,,,
at268,at_gentei,operation,4,舗装が途切れ、砂利が敷かれた道がしばらく続いている。この区間を走るときの操作として適切なのはどれか。,0:ハンドルを強く押さえつけて進路を固定する / 1:前輪ブレーキを強くかけながら進む / 2:速度を上げて一気に通過すると安定する / 3:低めの速度でスロットルを一定に保ち、ハンドルを強く握りしめず、急な操作を避ける,3:低めの速度でスロットルを一定に保ち、ハンドルを強く握りしめず、急な操作を避ける,砂利道ではタイヤが滑りやすい。低速でスロットルを一定にし、ハンドルは軽く持って車体の動きに任せ、急ブレーキ・急ハンドルを避ける。,keep,obvious_longest,事実・設問とも妥当,,交通の方法に関する教則 第4章 二輪車の運転,,,
at269,at_gentei,operation,2,AT車で上り坂を走行するときの操作として適切なのはどれか。,0:速度が落ちないようにスロットルを適度に開けて、一定の速度を保つ / 1:上り坂ではスロットルを戻して惰性で登る / 2:上り坂では車体を左右に振って勢いをつける / 3:上り坂では後輪ブレーキをかけながら登る,0:速度が落ちないようにスロットルを適度に開けて、一定の速度を保つ,AT車はスロットル操作だけで変速されるため、上り坂では速度が落ちないようスロットルを適度に開けて速度を保つ。,keep,obvious_longest,事実・設問とも妥当,,交通の方法に関する教則 第4章 二輪車の運転,,,
at270,at_gentei,operation,4,山道の長い下り坂で、ブレーキレバーを握り続けたまま下っていた。このような使い方で起こるおそれのある現象として正しいのはどれか。,0:エンジンの回転が上がって速度が自然に落ちる / 1:ブレーキが過熱して効きが悪くなるフェード現象が起こることがある / 2:タイヤの空気圧が下がって制動距離が短くなる / 3:ブレーキが冷えて効きが良くなりすぎる,1:ブレーキが過熱して効きが悪くなるフェード現象が起こることがある,ブレーキを長く使い続けると過熱して効きが悪くなる。AT車はエンジンブレーキが弱めなので、坂の手前で減速し前後ブレーキを併用して断続的に使う。,keep,obvious_longest,事実・設問とも妥当,,交通の方法に関する教則 第4章 二輪車の運転,,,
at271,at_gentei,operation,1,幅の狭い直線コース（一本橋など）を低速で安定して走るためのポイントとして適切なのはどれか。,0:ハンドルを強く握りしめて車体を固定する / 1:スロットルを大きく開け閉めして速度を調整する / 2:視線を遠くに向け、スロットルを一定に保って後輪ブレーキで速度を調整する / 3:足元の前輪をじっと見ながら走る,2:視線を遠くに向け、スロットルを一定に保って後輪ブレーキで速度を調整する,低速走行では視線を先に向けるとバランスがとりやすい。スロットルを一定にして後輪ブレーキで速度を調整する。,keep,obvious_longest,技能課題寄りだが内容は妥当,,交通の方法に関する教則 第4章 二輪車の運転,,,
at272,at_gentei,operation,4,連続する障害物を左右に避けて進むスラロームの操作として適切なのはどれか。,0:障害物ごとに停止して向きを変える / 1:スロットルを全開にしたまま進む / 2:ハンドルだけを大きく切って車体は傾けない / 3:車体の傾きを使って向きを変え、スロットルとブレーキでリズムよく速度を調整する,3:車体の傾きを使って向きを変え、スロットルとブレーキでリズムよく速度を調整する,スラロームでは車体を左右に傾けて進路を変え、スロットルの開閉とブレーキでリズムよく速度を調整する。,keep,obvious_longest,技能課題寄りだが内容は妥当,,交通の方法に関する教則 第4章 二輪車の運転,,,
at273,at_gentei,operation,1,直角に曲がる狭い道（クランク）を通過するときの操作として適切なのはどれか。,0:十分に減速し、曲がる先へ視線を向けながら低速で進む / 1:速度を上げて勢いで曲がる / 2:足を地面について引きずりながら曲がる / 3:前輪の真下を見ながらハンドルを切る,0:十分に減速し、曲がる先へ視線を向けながら低速で進む,狭い道の曲がり角では、進入前に減速し、視線を曲がる先に向けて低速で操作する。,keep,obvious_longest,技能課題寄りだが内容は妥当,,交通の方法に関する教則 第4章 二輪車の運転,,,
at276,at_gentei,operation,2,駐輪場で自分の二輪車が横倒しになっていた。車体を引き起こす方法として適切なのはどれか。,0:腕の力だけで一気に引き上げる / 1:腰を伸ばしたまま上から持ち上げる / 2:エンジンをかけたまま、スロットルを開けて起こす / 3:エンジンを止め、腰を落として脚の力を使い、車体を体に引き寄せるようにして起こす,3:エンジンを止め、腰を落として脚の力を使い、車体を体に引き寄せるようにして起こす,車体を起こすときはエンジンを止め、腰を落として脚の力を使う。腕だけで起こそうとすると腰を痛めたり再び倒したりする。,keep,obvious_longest,事実・設問とも妥当,,交通の方法に関する教則 第4章 二輪車の運転,,,
at277,at_gentei,operation,3,高速道路など速度の高い道路で、走行風の影響を小さくする乗り方として適切なのはどれか。,0:上体をやや前に傾け、ニーグリップなどで下半身を安定させる / 1:足をステップから下ろして重心を下げる / 2:上体を起こして風を正面から受ける / 3:ハンドルから片手を離して体を支える,0:上体をやや前に傾け、ニーグリップなどで下半身を安定させる,高速走行では上体を少し前に倒して風の抵抗を減らし、下半身でしっかり車体を支える。スクーターでは足をフロアに踏ん張って安定させる。,keep,obvious_longest,事実・設問とも妥当,,交通の方法に関する教則 第4章 二輪車の運転,,,
at278,at_gentei,operation,3,高速道路で車線を変更するときの手順として適切なのはどれか。,0:合図と同時に急ハンドルで移動する / 1:ミラーと目視で後方を確認し、約3秒前に合図を出して、緩やかに進路を変える / 2:ミラーだけを見て合図は出さずに移動する / 3:一度に2つ以上の車線をまたいで移動する,1:ミラーと目視で後方を確認し、約3秒前に合図を出して、緩やかに進路を変える,高速道路では後続車の速度が高いため、十分な確認と早めの合図のうえで緩やかに進路を変える。,keep,obvious_longest,事実・設問とも妥当,,交通の方法に関する教則 第4章 二輪車の運転,要,,
at279,at_gentei,operation,1,ハンドルの握り方として適切なのはどれか。,0:片手をハンドルから離しておく / 1:肘をまっすぐ伸ばして腕を突っ張る / 2:グリップの端を軽く握り、手首を下げ気味にして肘を軽く曲げる / 3:グリップの内側を力いっぱい握りしめる,2:グリップの端を軽く握り、手首を下げ気味にして肘を軽く曲げる,ハンドルは力を入れすぎずに握り、肘を軽く曲げておくと路面からの衝撃を吸収し、的確な操作ができる。,keep,obvious_longest,手首を下げ気味との握り方は教本で要確認,,交通の方法に関する教則 第4章 二輪車の運転,要,,
at280,at_gentei,operation,4,ABS（アンチロック・ブレーキ・システム）付きの二輪車に乗り換えた。ABSについての理解として正しいのはどれか。,0:ABS付きなら車間距離を短くしてもよい / 1:ABS付きの車両ではカーブ中に急ブレーキをかけても安全である / 2:ABSがあればどんな路面でも転倒することはない / 3:ABSは車輪のロックを抑える装置で、制動距離が必ず短くなるわけではないので過信しない,3:ABSは車輪のロックを抑える装置で、制動距離が必ず短くなるわけではないので過信しない,ABSは急ブレーキ時の車輪のロックを防ぐ装置だが、砂利道や濡れた路面などでは制動距離が長くなることもある。基本的な安全運転は変わらない。,keep,obvious_longest,事実・設問とも妥当,,交通の方法に関する教則 第4章 二輪車の運転,,,
at282,at_gentei,operation,1,前方の障害物を避けるために進路を変えるときの操作として適切なのはどれか。,0:障害物の直前で急ハンドルを切ってよける / 1:早めに発見して減速し、合図と安全確認をしたうえで緩やかに進路を変える / 2:速度を上げて勢いで横をすり抜ける / 3:障害物の直前で急ブレーキと急ハンドルを同時に行う,1:早めに発見して減速し、合図と安全確認をしたうえで緩やかに進路を変える,急ハンドルは転倒や後続車との接触の原因になる。早めの発見と減速、緩やかな進路変更で避ける。,keep,obvious_longest,事実・設問とも妥当,,交通の方法に関する教則 第4章 二輪車の運転,,,
at283,at_gentei,operation,4,カーブの途中でやむを得ず減速しなければならなくなった。操作として適切なのはどれか。,0:スロットルを急に全閉にし、後輪ブレーキを強くかける / 1:車体を深く傾けたまま前輪ブレーキを強くかける / 2:できるだけ車体を起こしながら、前後のブレーキを穏やかにかける / 3:ハンドルを大きく切って車体を急に起こす,2:できるだけ車体を起こしながら、前後のブレーキを穏やかにかける,車体が傾いた状態での強いブレーキはスリップの原因になる。やむを得ず減速するときは車体を起こしながら穏やかにブレーキをかける。,keep,obvious_longest,事実・設問とも妥当,,交通の方法に関する教則 第4章 二輪車の運転,,,
at284,at_gentei,operation,1,停止線のある場所で停止するときの位置として正しいのはどれか。,0:停止線の上にタイヤがかかる位置で止まる / 1:停止線から10m以上手前で止まる / 2:停止線を少し越えた位置で止まる / 3:停止線の直前で止まる,3:停止線の直前で止まる,停止線がある場合は、その直前で停止する。停止線を越えると横断歩行者などの妨げになる。,keep,topic_mismatch,適切なtopicTag: rules,,交通の方法に関する教則 第4章 二輪車の運転,要,,
at286,at_gentei,operation,1,二輪車の運転中にハンドルから手を離すことについて正しいのはどれか。,0:直線道路なら両手を離してもよい / 1:手による合図をする場合などを除き、両手でハンドルを握って運転する / 2:AT車はクラッチ操作がないので片手運転でよい / 3:低速なら片手に荷物を持って運転してよい,1:手による合図をする場合などを除き、両手でハンドルを握って運転する,片手運転や手放し運転は確実な操作ができず危険である。手信号など必要な場合を除き両手でハンドルを握る。,keep,obvious_longest,事実・設問とも妥当,,交通の方法に関する教則 第4章 二輪車の運転,,,
at287,at_gentei,operation,3,同じカーブを曲がる場合、速度と車体の傾きの関係として正しいのはどれか。,0:速度が低いほど、車体を大きく傾ける必要がある / 1:速度に関係なく車体の傾きは同じである / 2:速度が高いほど、車体を大きく傾けなければ曲がれなくなる / 3:速度が高いほど、車体を傾けずに曲がれる,2:速度が高いほど、車体を大きく傾けなければ曲がれなくなる,速度が高いほど遠心力が大きくなり、大きく傾けないと曲がれなくなる。傾けすぎはスリップにつながるので、カーブ手前で速度を落とす。,keep,obvious_longest,事実・設問とも妥当,,交通の方法に関する教則 第4章 二輪車の運転,,,
at288,at_gentei,operation,4,同じカーブに進入する速度を2倍にした場合、車体に働く遠心力の大きさはどうなるか。,0:約2倍になる / 1:速度に関係なく変わらない / 2:約8倍になる / 3:約4倍になる,3:約4倍になる,遠心力は速度の二乗に比例するため、速度が2倍になると約4倍になる。またカーブの半径が小さい（急な）ほど大きくなる。,keep,,事実・設問とも妥当,,交通の方法に関する教則 第4章 二輪車の運転,要,,
at289,at_gentei,operation,4,乾いた路面で、40km/hで走っていたときと比べて80km/hで走っているときの制動距離はどうなるか。,0:約4倍になる / 1:ほとんど変わらない / 2:約2倍になる / 3:約3倍になる,0:約4倍になる,制動距離はおおむね速度の二乗に比例するため、速度が2倍になると約4倍になる。,keep,,事実・設問とも妥当,,交通の方法に関する教則 第4章 二輪車の運転,要,,
at290,at_gentei,operation,1,疲れているときに、危険を感じてからブレーキが効き始めるまでの空走距離はどうなるか。,0:空走距離は路面の状態だけで決まる / 1:判断が遅れるため、空走距離が長くなる / 2:疲れているときは空走距離が短くなる / 3:疲れていても空走距離は変わらない,1:判断が遅れるため、空走距離が長くなる,空走距離は運転者の反応時間によって変わる。疲労や飲酒、考え事などで反応が遅れると長くなる。,keep,,事実・設問とも妥当,,交通の方法に関する教則 第4章 二輪車の運転,,,
at291,at_gentei,operation,1,雨の日に二輪車を運転するときの操作の基本として適切なのはどれか。,0:ブレーキは強く一気にかけた方が滑りにくい / 1:急なハンドル操作で水たまりをよける / 2:スロットル、ブレーキ、ハンドルの操作をいずれも穏やかに行う / 3:雨の日は滑りにくいので普段どおりに操作する,2:スロットル、ブレーキ、ハンドルの操作をいずれも穏やかに行う,雨の日は路面が滑りやすいため、急加速・急ブレーキ・急ハンドルを避け、すべての操作を穏やかに行う。,keep,obvious_longest,事実・設問とも妥当,,交通の方法に関する教則 第4章 二輪車の運転,,,
at292,at_gentei,operation,2,雨具（レインウェア）を着て二輪車に乗るときの注意点として適切なのはどれか。,0:雨具を着るとヘルメットはかぶらなくてよい / 1:目立たない暗い色の方が雨の日には適している / 2:すそは長く広がっている方が雨を防げて安全である / 3:すそや袖がばたついて車輪などに巻き込まれないようにし、周囲から見えやすい明るい色を選ぶ,3:すそや袖がばたついて車輪などに巻き込まれないようにし、周囲から見えやすい明るい色を選ぶ,雨具のすそが車輪や駆動部に巻き込まれると危険である。雨の日は視界が悪いため、目立つ色のものを選ぶ。,keep,obvious_longest,事実・設問とも妥当,,交通の方法に関する教則 第4章 二輪車の運転,,,
at293,at_gentei,operation,2,二輪車から離れるときの措置として正しいのはどれか。,0:エンジンを止め、キーを抜いてハンドルロックをかけるなど、他人に勝手に運転されないようにする / 1:エンジンをかけたまま離れれば盗難防止になる / 2:キーを付けたままでもハンドルロックをかければよい / 3:短時間ならエンジンをかけたまま離れてよい,0:エンジンを止め、キーを抜いてハンドルロックをかけるなど、他人に勝手に運転されないようにする,車両から離れるときは、エンジンを止め、ブレーキをかけるなど停止状態を保つ措置をとり、キーを抜いて盗難防止の措置をとる。,keep,"obvious_longest,topic_mismatch",適切なtopicTag: rules,,交通の方法に関する教則 第4章 二輪車の運転,,,
at294,at_gentei,operation,3,AT車で、ブレーキをかけた状態のままスロットルを大きく開けた場合に起こるおそれがあることとして正しいのはどれか。,0:ブレーキの効きが良くなる / 1:ブレーキを緩めた瞬間に急発進したり、駆動系に無理な力がかかったりする / 2:後退するおそれがある / 3:エンジンが自動的に停止するので危険はない,1:ブレーキを緩めた瞬間に急発進したり、駆動系に無理な力がかかったりする,AT車はスロットルを開けると駆動力が伝わるため、ブレーキで押さえたまま開けるとブレーキを離した瞬間に飛び出すおそれがある。発進時はブレーキを緩めながらスロットルを少しずつ開ける。,keep,obvious_longest,事実・設問とも妥当,,交通の方法に関する教則 第4章 二輪車の運転,,,
at295,at_gentei,operation,3,走行中にブレーキをかけたときの二輪車の荷重の変化として正しいのはどれか。,0:荷重が車体の左右に移り、横滑りしやすくなる / 1:荷重が後輪にかかるため、後輪ブレーキの効果が大きくなる / 2:荷重が前輪にかかるため、前輪ブレーキの効果が大きくなる / 3:ブレーキをかけても前後の荷重は変わらない,2:荷重が前輪にかかるため、前輪ブレーキの効果が大きくなる,制動時は荷重が前輪に移るため、前輪ブレーキの制動力が大きくなる。その分、前輪をロックさせない繊細な操作が必要になる。,keep,,事実・設問とも妥当,,交通の方法に関する教則 第4章 二輪車の運転,,,
at296,at_gentei,operation,2,路面が凍結しているおそれがある日に二輪車を運転することについて適切なのはどれか。,0:凍結路面ではブレーキを強くかけた方がすぐ止まれる / 1:凍結路面では速度を上げた方が車体が安定する / 2:AT車は凍結路面でも滑らない / 3:できるだけ運転を控え、やむを得ず運転する場合は速度を落として急な操作を一切避ける,3:できるだけ運転を控え、やむを得ず運転する場合は速度を落として急な操作を一切避ける,二輪車は凍結路面で非常に転倒しやすい。運転を控えるのが原則で、走る場合は低速で急操作を避ける。,keep,obvious_longest,事実・設問とも妥当,,交通の方法に関する教則 第4章 二輪車の運転,,,
at297,at_gentei,operation,3,夜間に走行するときの速度の考え方として適切なのはどれか。,0:前照灯で照らされる範囲内で安全に停止できる速度で走る / 1:交通量が少ないので昼間より速度を上げてよい / 2:前照灯を上向きにすれば昼間と同じ速度で走れる / 3:夜間は視界に関係なく法定速度で走ればよい,0:前照灯で照らされる範囲内で安全に停止できる速度で走る,夜間は見える範囲が限られるため、前照灯の照らす範囲内で止まれる速度に抑える。,keep,,事実・設問とも妥当,,交通の方法に関する教則 第4章 二輪車の運転,,,
at299,at_gentei,operation,5,バッテリーが上がって始動できなくなったスクーター型AT車の扱いとして正しいのはどれか。,0:MT車と同じように押しがけで簡単に始動できる / 1:スロットルを全開にして押せば始動できる / 2:遠心クラッチなどの構造のため、一般に押しがけによる始動はできない / 3:坂道で惰性をつければ必ず始動できる,2:遠心クラッチなどの構造のため、一般に押しがけによる始動はできない,スクーター型AT車の多くは遠心クラッチを使っており、車輪を回してもエンジンに回転が伝わらないため押しがけはできない。キックスターター付きならそれを使い、なければ充電や交換で対応する。,keep,"obvious_longest,topic_mismatch",適切なtopicTag: emergency,,交通の方法に関する教則 第4章 二輪車の運転,,,
at300,at_gentei,operation,2,交差点を低速で曲がるときの操作として適切なのはどれか。,0:曲がりながら急ブレーキで速度を調整する / 1:速度を上げて車体を大きく傾けて曲がる / 2:前輪の真下を見ながら曲がる / 3:十分に減速し、曲がる方向に視線を向け、車体を大きく傾けずにハンドル操作も使って曲がる,3:十分に減速し、曲がる方向に視線を向け、車体を大きく傾けずにハンドル操作も使って曲がる,低速では車体を大きく傾けにくいため、視線を先に向けてハンドル操作も併用して曲がる。,keep,obvious_longest,事実・設問とも妥当,,交通の方法に関する教則 第4章 二輪車の運転,,,
at303,at_gentei,signs,3,「横断歩道」の標識の意味として正しいのはどれか。,0:道路の中央の位置を示す線であることを示す / 1:歩行者の通行を禁止する / 2:歩行者が道路を横断するための場所であることを示す / 3:二輪の自動車と原動機付自転車の通行を禁止する,2:歩行者が道路を横断するための場所であることを示す,「横断歩道」は指示標識（長方形・青地に白の歩行者の絵）で、歩行者が道路を横断するための場所であることを示すことを意味する。,keep,"obvious_longest,weak_explanation",事実は妥当。標識名から答えが推測しやすい,,道路標識、区画線及び道路標示に関する命令 別表／交通の方法に関する教則 第2章,,,
at304,at_gentei,signs,1,「自転車以外の軽車両通行止め」の標識が意味するものとして正しいのはどれか。,0:指定された複数の種類の車両の通行を禁止する / 1:道路の側端に対して直角に駐車すべきことを示す / 2:その場所での駐車が認められていることを示す / 3:自転車を除く軽車両（荷車など）の通行を禁止する,3:自転車を除く軽車両（荷車など）の通行を禁止する,「自転車以外の軽車両通行止め」は規制標識（円形・赤地に白のバツ印と荷車の絵）で、自転車を除く軽車両（荷車など）の通行を禁止することを意味する。,keep,weak_explanation,事実は妥当。標識名から答えが推測しやすい,,道路標識、区画線及び道路標示に関する命令 別表／交通の方法に関する教則 第2章,要,,
at305,at_gentei,signs,2,円形で赤地に白の横棒の「車両進入禁止」の標識について、正しい説明はどれか。,0:一方通行路の出口などに設置され、車両がその方向へ進入することを禁止する / 1:示された方向以外への進行を禁止し、右折を禁止する / 2:示された方向以外への進行を禁止し、左折を禁止する / 3:他の車両を追い越すために進路変更することを禁止する,0:一方通行路の出口などに設置され、車両がその方向へ進入することを禁止する,「車両進入禁止」は規制標識（円形・赤地に白の横棒）で、一方通行路の出口などに設置され、車両がその方向へ進入することを禁止することを意味する。,keep,"obvious_longest,weak_explanation",事実は妥当。標識名から答えが推測しやすい,,道路標識、区画線及び道路標示に関する命令 別表／交通の方法に関する教則 第2章,,,
at306,at_gentei,signs,3,「二輪の自動車・原動機付自転車通行止め」の標識の意味として正しいのはどれか。,0:道路の側端に対して平行に駐車すべきことを示す / 1:二輪の自動車と原動機付自転車の通行を禁止する / 2:車両が停止線の直前で一時停止しなければならないことを示す / 3:自転車が2台まで並んで通行できることを示す,1:二輪の自動車と原動機付自転車の通行を禁止する,「二輪の自動車・原動機付自転車通行止め」は規制標識（円形・赤地に白のバツ印とバイクの絵）で、二輪の自動車と原動機付自転車の通行を禁止することを意味する。,keep,weak_explanation,事実は妥当。標識名から答えが推測しやすい,,道路標識、区画線及び道路標示に関する命令 別表／交通の方法に関する教則 第2章,要,,
at307,at_gentei,signs,1,「斜め駐車」の標識が意味するものとして正しいのはどれか。,0:路面が滑りやすい状態にあることが多く、注意すべきことを示す / 1:見通しの悪い区間など、必要に応じて警音器を鳴らすべき区間であることを示す / 2:道路の側端に対して斜めに駐車すべきことを示す / 3:道路の側端に対して平行に駐車すべきことを示す,2:道路の側端に対して斜めに駐車すべきことを示す,「斜め駐車」は指示標識（長方形・青地に白の絵）で、道路の側端に対して斜めに駐車すべきことを示すことを意味する。,keep,weak_explanation,事実は妥当。標識名から答えが推測しやすい,,道路標識、区画線及び道路標示に関する命令 別表／交通の方法に関する教則 第2章,,,
at309,at_gentei,signs,3,「すべりやすい」の標識の意味として正しいのはどれか。,0:路面が滑りやすい状態にあることが多く、注意すべきことを示す / 1:自転車を除く軽車両（荷車など）の通行を禁止する / 2:路面電車の軌道敷内を車両が通行できることを示す / 3:車両の駐車と停車の両方を禁止する,0:路面が滑りやすい状態にあることが多く、注意すべきことを示す,「すべりやすい」は警戒標識（菱形・黄色地に黒の車両滑走の絵）で、路面が滑りやすい状態にあることが多く、注意すべきことを示すことを意味する。,keep,"obvious_longest,weak_explanation",事実は妥当。標識名から答えが推測しやすい,,道路標識、区画線及び道路標示に関する命令 別表／交通の方法に関する教則 第2章,,,
at310,at_gentei,signs,1,「安全地帯」の標識が意味するものとして正しいのはどれか。,0:バスなど特定の車両の専用通行帯であることを示し、それ以外の車両の通行を制限する / 1:路面電車の停留所などで、歩行者が安全に待機するための場所であることを示す / 2:車両が道路を横断（右左折を除く進路変更）することを禁止する / 3:自転車が2台まで並んで通行できることを示す,1:路面電車の停留所などで、歩行者が安全に待機するための場所であることを示す,「安全地帯」は指示標識（長方形・青地に白の絵）で、路面電車の停留所などで、歩行者が安全に待機するための場所であることを示すことを意味する。,keep,weak_explanation,事実は妥当。標識名から答えが推測しやすい,,道路標識、区画線及び道路標示に関する命令 別表／交通の方法に関する教則 第2章,要,,
at312,at_gentei,signs,3,「軌道敷内通行可」の標識の意味として正しいのはどれか。,0:車両の駐車と停車の両方を禁止する / 1:路面電車の停留所などで、歩行者が安全に待機するための場所であることを示す / 2:指定された複数の種類の車両の通行を禁止する / 3:路面電車の軌道敷内を車両が通行できることを示す,3:路面電車の軌道敷内を車両が通行できることを示す,「軌道敷内通行可」は指示標識（円形・青地に白の絵）で、路面電車の軌道敷内を車両が通行できることを示すことを意味する。,keep,weak_explanation,事実は妥当。標識名から答えが推測しやすい,,道路標識、区画線及び道路標示に関する命令 別表／交通の方法に関する教則 第2章,要,,
at313,at_gentei,signs,1,「最低速度」の標識が意味するものとして正しいのはどれか。,0:その数字を下回る速度での走行を禁止する（高速道路等に設置） / 1:見通しの悪い区間など、必要に応じて警音器を鳴らすべき区間であることを示す / 2:一方通行路の出口などに設置され、車両がその方向へ進入することを禁止する / 3:自転車が道路を横断するための場所であることを示す,0:その数字を下回る速度での走行を禁止する（高速道路等に設置）,「最低速度」は規制標識（円形・青地に白字で数字）で、その数字を下回る速度での走行を禁止する（高速道路等に設置）ことを意味する。,keep,weak_explanation,事実は妥当。標識名から答えが推測しやすい,,道路標識、区画線及び道路標示に関する命令 別表／交通の方法に関する教則 第2章,,,
at316,at_gentei,signs,1,「ロータリーあり」の標識が意味するものとして正しいのはどれか。,0:道路の側端に対して直角に駐車すべきことを示す / 1:車両のUターン（転回）を禁止する / 2:二輪の自動車と原動機付自転車の通行を禁止する / 3:前方にロータリー（環状交差点）があることを予告する,3:前方にロータリー（環状交差点）があることを予告する,「ロータリーあり」は警戒標識（菱形・黄色地に黒の環状矢印）で、前方にロータリー（環状交差点）があることを予告することを意味する。,keep,"obvious_longest,weak_explanation",事実は妥当。標識名から答えが推測しやすい,,道路標識、区画線及び道路標示に関する命令 別表／交通の方法に関する教則 第2章,要,,
at317,at_gentei,signs,2,円形で青地に白の矢印とバスの絵の「路線バス等優先通行帯」の標識について、正しい説明はどれか。,0:路線バス等が優先的に通行する車両通行帯であることを示す / 1:路面電車の軌道敷内を車両が通行できることを示す / 2:原動機付自転車や自転車など特定の車両が通行すべき車両通行帯を指定する / 3:指定された複数の種類の車両の通行を禁止する,0:路線バス等が優先的に通行する車両通行帯であることを示す,「路線バス等優先通行帯」は規制標識（円形・青地に白の矢印とバスの絵）で、路線バス等が優先的に通行する車両通行帯であることを示すことを意味する。,keep,weak_explanation,事実は妥当。標識名から答えが推測しやすい,,道路標識、区画線及び道路標示に関する命令 別表／交通の方法に関する教則 第2章,要,,
at319,at_gentei,signs,1,「指定方向外進行禁止（直進のみ）」の標識が意味するものとして正しいのはどれか。,0:付近に学校・幼稚園・保育所等があり、児童・幼児の飛び出し等に注意すべきことを示す / 1:路面が滑りやすい状態にあることが多く、注意すべきことを示す / 2:矢印で示された方向（直進）以外への進行を禁止する / 3:停止すべき位置を示す,2:矢印で示された方向（直進）以外への進行を禁止する,「指定方向外進行禁止（直進のみ）」は規制標識（円形・青地に白の矢印）で、矢印で示された方向（直進）以外への進行を禁止することを意味する。,keep,weak_explanation,事実は妥当。標識名から答えが推測しやすい,,道路標識、区画線及び道路標示に関する命令 別表／交通の方法に関する教則 第2章,,,
at320,at_gentei,signs,2,長方形で青地に白の絵の「停止線」の標識について、正しい説明はどれか。,0:前方に十字路（交差点）があることを予告し、注意を促す / 1:指定された複数の種類の車両の通行を禁止する / 2:見通しの悪い区間など、必要に応じて警音器を鳴らすべき区間であることを示す / 3:停止すべき位置を示す,3:停止すべき位置を示す,「停止線」は指示標識（長方形・青地に白の絵）で、停止すべき位置を示すことを意味する。,keep,weak_explanation,事実は妥当。標識名から答えが推測しやすい,,道路標識、区画線及び道路標示に関する命令 別表／交通の方法に関する教則 第2章,,,
at321,at_gentei,signs,3,「最高速度」の標識の意味として正しいのはどれか。,0:その数字を超える速度での走行を禁止する / 1:前方の道路が右方向に大きく曲がっていることを予告する / 2:路線バス等が優先的に通行する車両通行帯であることを示す / 3:二輪の自動車と原動機付自転車の通行を禁止する,0:その数字を超える速度での走行を禁止する,「最高速度」は規制標識（円形・白地に赤枠、黒字で数字）で、その数字を超える速度での走行を禁止することを意味する。,keep,weak_explanation,事実は妥当。標識名から答えが推測しやすい,,道路標識、区画線及び道路標示に関する命令 別表／交通の方法に関する教則 第2章,,,
at324,at_gentei,signs,3,「特定の種類の車両の通行区分」の標識の意味として正しいのはどれか。,0:車両が道路を横断（右左折を除く進路変更）することを禁止する / 1:道路の側端に対して平行に駐車すべきことを示す / 2:示された方向以外への進行を禁止し、右折を禁止する / 3:原動機付自転車や自転車など特定の車両が通行すべき車両通行帯を指定する,3:原動機付自転車や自転車など特定の車両が通行すべき車両通行帯を指定する,「特定の種類の車両の通行区分」は指示標識（円形・青地に白の矢印と特定車両の絵）で、原動機付自転車や自転車など特定の車両が通行すべき車両通行帯を指定することを意味する。,keep,"obvious_longest,weak_explanation",事実はおおむね妥当。標識の形・色は要確認,,道路標識、区画線及び道路標示に関する命令 別表／交通の方法に関する教則 第2章,要,,
at327,at_gentei,signs,3,「学校・幼稚園・保育所等あり」の標識の意味として正しいのはどれか。,0:前方の道路に落石のおそれがあることを予告する / 1:路面電車の軌道敷内を車両が通行できることを示す / 2:付近に学校・幼稚園・保育所等があり、児童・幼児の飛び出し等に注意すべきことを示す / 3:大型乗用自動車（バス等）の通行を禁止する,2:付近に学校・幼稚園・保育所等があり、児童・幼児の飛び出し等に注意すべきことを示す,「学校・幼稚園・保育所等あり」は警戒標識（菱形・黄色地に黒の子どもの絵）で、付近に学校・幼稚園・保育所等があり、児童・幼児の飛び出し等に注意すべきことを示すことを意味する。,keep,"obvious_longest,weak_explanation",事実は妥当。標識名から答えが推測しやすい,,道路標識、区画線及び道路標示に関する命令 別表／交通の方法に関する教則 第2章,,,
at328,at_gentei,signs,1,「落石のおそれあり」の標識が意味するものとして正しいのはどれか。,0:その場所での駐車が認められていることを示す / 1:車両の種類ごとに通行すべき車両通行帯を指定する / 2:他の車両を追い越すために進路変更することを禁止する / 3:前方の道路に落石のおそれがあることを予告する,3:前方の道路に落石のおそれがあることを予告する,「落石のおそれあり」は警戒標識（菱形・黄色地に黒の落石の絵）で、前方の道路に落石のおそれがあることを予告することを意味する。,keep,weak_explanation,事実は妥当。標識名から答えが推測しやすい,,道路標識、区画線及び道路標示に関する命令 別表／交通の方法に関する教則 第2章,,,
at329,at_gentei,signs,2,菱形で黄色地に黒のレールと車輪の絵の「踏切あり」の標識について、正しい説明はどれか。,0:前方に踏切があることを予告し、通過時の注意を促す / 1:路線バス等が優先的に通行する車両通行帯であることを示す / 2:他の車両を追い越すために進路変更することを禁止する / 3:車両のUターン（転回）を禁止する,0:前方に踏切があることを予告し、通過時の注意を促す,「踏切あり」は警戒標識（菱形・黄色地に黒のレールと車輪の絵）で、前方に踏切があることを予告し、通過時の注意を促すことを意味する。,keep,weak_explanation,事実は妥当。標識名から答えが推測しやすい,,道路標識、区画線及び道路標示に関する命令 別表／交通の方法に関する教則 第2章,要,,
at331,at_gentei,signs,1,「一時停止」の標識が意味するものとして正しいのはどれか。,0:歩行者・車両を問わず、すべての通行が禁止されていることを示す / 1:車両の駐車を禁止する（短時間の停車は可能） / 2:車両が停止線の直前で一時停止しなければならないことを示す / 3:原動機付自転車や自転車など特定の車両が通行すべき車両通行帯を指定する,2:車両が停止線の直前で一時停止しなければならないことを示す,「一時停止」は規制標識（逆三角形・白地に赤枠、赤字）で、車両が停止線の直前で一時停止しなければならないことを示すことを意味する。,keep,weak_explanation,事実は妥当。標識名から答えが推測しやすい,,道路標識、区画線及び道路標示に関する命令 別表／交通の方法に関する教則 第2章,,,
at333,at_gentei,signs,3,「直角駐車」の標識の意味として正しいのはどれか。,0:道路の側端に対して直角に駐車すべきことを示す / 1:歩行者専用の道路であり、車両の通行を禁止する / 2:自転車が2台まで並んで通行できることを示す / 3:路面が滑りやすい状態にあることが多く、注意すべきことを示す,0:道路の側端に対して直角に駐車すべきことを示す,「直角駐車」は指示標識（長方形・青地に白の絵）で、道路の側端に対して直角に駐車すべきことを示すことを意味する。,keep,weak_explanation,事実は妥当。標識名から答えが推測しやすい,,道路標識、区画線及び道路標示に関する命令 別表／交通の方法に関する教則 第2章,,,
at334,at_gentei,signs,1,「駐車禁止」の標識が意味するものとして正しいのはどれか。,0:車両が矢印で示された方向にのみ進行できることを示す / 1:車両の駐車を禁止する（短時間の停車は可能） / 2:見通しの悪い区間など、必要に応じて警音器を鳴らすべき区間であることを示す / 3:その数字を超える速度での走行を禁止する,1:車両の駐車を禁止する（短時間の停車は可能）,「駐車禁止」は規制標識（円形・青地に赤の斜線とPマーク）で、車両の駐車を禁止する（短時間の停車は可能）ことを意味する。,keep,weak_explanation,事実は妥当。標識名から答えが推測しやすい,,道路標識、区画線及び道路標示に関する命令 別表／交通の方法に関する教則 第2章,,,
at336,at_gentei,signs,3,「大型乗用自動車等通行止め」の標識の意味として正しいのはどれか。,0:付近に学校・幼稚園・保育所等があり、児童・幼児の飛び出し等に注意すべきことを示す / 1:自転車が2台まで並んで通行できることを示す / 2:前方にT字路があることを予告し、注意を促す / 3:大型乗用自動車（バス等）の通行を禁止する,3:大型乗用自動車（バス等）の通行を禁止する,「大型乗用自動車等通行止め」は規制標識（円形・赤地に白のバツ印とバスの絵）で、大型乗用自動車（バス等）の通行を禁止することを意味する。,keep,weak_explanation,事実は妥当。標識名から答えが推測しやすい,,道路標識、区画線及び道路標示に関する命令 別表／交通の方法に関する教則 第2章,,,
at337,at_gentei,signs,1,「追越しのための右側部分はみ出し通行禁止」の標識が意味するものとして正しいのはどれか。,0:追越しのために道路の右側部分にはみ出して通行することを禁止する（右側部分にはみ出さない追越しは可能） / 1:前方に十字路（交差点）があることを予告し、注意を促す / 2:大型貨物自動車や特定中型貨物自動車などの通行を禁止する / 3:一方通行路の出口などに設置され、車両がその方向へ進入することを禁止する,0:追越しのために道路の右側部分にはみ出して通行することを禁止する（右側部分にはみ出さない追越しは可能）,「追越しのための右側部分はみ出し通行禁止」は規制標識（円形・黄色地に黒の追越し禁止マーク）で、追越しのために道路の右側部分にはみ出して通行することを禁止する（右側部分にはみ出さない追越しは可能）ことを意味する。,keep,"obvious_longest,weak_explanation",事実は妥当。標識名から答えが推測しやすい,,道路標識、区画線及び道路標示に関する命令 別表／交通の方法に関する教則 第2章,,,
at338,at_gentei,signs,2,円形で青地に白の絵の「並進可」の標識について、正しい説明はどれか。,0:歩行者専用の道路であり、車両の通行を禁止する / 1:自転車が2台まで並んで通行できることを示す / 2:指定された複数の種類の車両の通行を禁止する / 3:前方にロータリー（環状交差点）があることを予告する,1:自転車が2台まで並んで通行できることを示す,「並進可」は指示標識（円形・青地に白の絵）で、自転車が2台まで並んで通行できることを示すことを意味する。,keep,weak_explanation,事実は妥当。標識名から答えが推測しやすい,,道路標識、区画線及び道路標示に関する命令 別表／交通の方法に関する教則 第2章,要,,
at339,at_gentei,signs,3,「平行駐車」の標識の意味として正しいのはどれか。,0:自転車を除く軽車両（荷車など）の通行を禁止する / 1:大型乗用自動車（バス等）の通行を禁止する / 2:道路の側端に対して平行に駐車すべきことを示す / 3:その場所での駐車が認められていることを示す,2:道路の側端に対して平行に駐車すべきことを示す,「平行駐車」は指示標識（長方形・青地に白の絵）で、道路の側端に対して平行に駐車すべきことを示すことを意味する。,keep,weak_explanation,事実は妥当。標識名から答えが推測しやすい,,道路標識、区画線及び道路標示に関する命令 別表／交通の方法に関する教則 第2章,,,
at340,at_gentei,signs,1,「十字路あり」の標識が意味するものとして正しいのはどれか。,0:大型乗用自動車（バス等）の通行を禁止する / 1:車両のUターン（転回）を禁止する / 2:路線バス等が優先的に通行する車両通行帯であることを示す / 3:前方に十字路（交差点）があることを予告し、注意を促す,3:前方に十字路（交差点）があることを予告し、注意を促す,「十字路あり」は警戒標識（菱形・黄色地に黒の十字の絵）で、前方に十字路（交差点）があることを予告し、注意を促すことを意味する。,keep,weak_explanation,事実は妥当。標識名から答えが推測しやすい,,道路標識、区画線及び道路標示に関する命令 別表／交通の方法に関する教則 第2章,,,
at342,at_gentei,signs,3,「T字路あり」の標識の意味として正しいのはどれか。,0:停止すべき位置を示す / 1:前方にT字路があることを予告し、注意を促す / 2:歩行者専用の道路であり、車両の通行を禁止する / 3:車両がただちに停止できるような速度まで速度を落として進行しなければならないことを示す,1:前方にT字路があることを予告し、注意を促す,「T字路あり」は警戒標識（菱形・黄色地に黒のT字の絵）で、前方にT字路があることを予告し、注意を促すことを意味する。,keep,weak_explanation,事実は妥当。標識名から答えが推測しやすい,,道路標識、区画線及び道路標示に関する命令 別表／交通の方法に関する教則 第2章,,,
at343,at_gentei,signs,1,「右方屈曲あり」の標識が意味するものとして正しいのはどれか。,0:付近に学校・幼稚園・保育所等があり、児童・幼児の飛び出し等に注意すべきことを示す / 1:路面電車の軌道敷内を車両が通行できることを示す / 2:前方の道路が右方向に大きく曲がっていることを予告する / 3:路面電車の停留所などで、歩行者が安全に待機するための場所であることを示す,2:前方の道路が右方向に大きく曲がっていることを予告する,「右方屈曲あり」は警戒標識（菱形・黄色地に黒の屈曲矢印）で、前方の道路が右方向に大きく曲がっていることを予告することを意味する。,keep,weak_explanation,事実は妥当。標識名から答えが推測しやすい,,道路標識、区画線及び道路標示に関する命令 別表／交通の方法に関する教則 第2章,,,
at344,at_gentei,signs,2,円形で青地に白の矢印と専用車両の絵の「専用通行帯」の標識について、正しい説明はどれか。,0:車両が矢印で示された方向にのみ進行できることを示す / 1:歩行者専用の道路であり、車両の通行を禁止する / 2:車両の種類ごとに通行すべき車両通行帯を指定する / 3:バスなど特定の車両の専用通行帯であることを示し、それ以外の車両の通行を制限する,3:バスなど特定の車両の専用通行帯であることを示し、それ以外の車両の通行を制限する,「専用通行帯」は規制標識（円形・青地に白の矢印と専用車両の絵）で、バスなど特定の車両の専用通行帯であることを示し、それ以外の車両の通行を制限することを意味する。,keep,"obvious_longest,weak_explanation",事実は妥当。標識名から答えが推測しやすい,,道路標識、区画線及び道路標示に関する命令 別表／交通の方法に関する教則 第2章,要,,
at345,at_gentei,signs,3,「自転車横断帯」の標識の意味として正しいのはどれか。,0:自転車が道路を横断するための場所であることを示す / 1:付近に学校・幼稚園・保育所等があり、児童・幼児の飛び出し等に注意すべきことを示す / 2:自動車・原動機付自転車以外（歩行者・軽車両等）の通行を禁止する / 3:その数字を下回る速度での走行を禁止する（高速道路等に設置）,0:自転車が道路を横断するための場所であることを示す,「自転車横断帯」は指示標識（長方形・青地に白の自転車の絵）で、自転車が道路を横断するための場所であることを示すことを意味する。,keep,weak_explanation,事実は妥当。標識名から答えが推測しやすい,,道路標識、区画線及び道路標示に関する命令 別表／交通の方法に関する教則 第2章,,,
at346,at_gentei,signs,1,「一方通行」の標識が意味するものとして正しいのはどれか。,0:歩行者専用の道路であり、車両の通行を禁止する / 1:車両が矢印で示された方向にのみ進行できることを示す / 2:前方にT字路があることを予告し、注意を促す / 3:道路の側端に対して斜めに駐車すべきことを示す,1:車両が矢印で示された方向にのみ進行できることを示す,「一方通行」は規制標識（長方形・青地に白の矢印）で、車両が矢印で示された方向にのみ進行できることを示すことを意味する。,keep,weak_explanation,事実は妥当。標識名から答えが推測しやすい,,道路標識、区画線及び道路標示に関する命令 別表／交通の方法に関する教則 第2章,,,
at349,at_gentei,signs,1,「中央線」の標識が意味するものとして正しいのはどれか。,0:道路の中央の位置を示す線であることを示す / 1:車両のUターン（転回）を禁止する / 2:路面電車の軌道敷内を車両が通行できることを示す / 3:大型貨物自動車や特定中型貨物自動車などの通行を禁止する,0:道路の中央の位置を示す線であることを示す,「中央線」は指示標識（長方形・青地に白の絵）で、道路の中央の位置を示す線であることを示すことを意味する。,keep,weak_explanation,事実は妥当。標識名から答えが推測しやすい,,道路標識、区画線及び道路標示に関する命令 別表／交通の方法に関する教則 第2章,,,
at350,at_gentei,signs,2,長方形で青地に白字とラッパの絵の「警笛区間」の標識について、正しい説明はどれか。,0:前方にT字路があることを予告し、注意を促す / 1:見通しの悪い区間など、必要に応じて警音器を鳴らすべき区間であることを示す / 2:自動車・原動機付自転車以外（歩行者・軽車両等）の通行を禁止する / 3:車両が道路を横断（右左折を除く進路変更）することを禁止する,1:見通しの悪い区間など、必要に応じて警音器を鳴らすべき区間であることを示す,「警笛区間」は規制標識（長方形・青地に白字とラッパの絵）で、見通しの悪い区間など、必要に応じて警音器を鳴らすべき区間であることを示すことを意味する。,keep,"obvious_longest,weak_explanation,near_dup",警笛区間。at302と重複（こちらを残す）,,道路標識、区画線及び道路標示に関する命令 別表／交通の方法に関する教則 第2章,要,,
f003,futsuu_nirin,parking,2,普通二輪車の最大積載量は、以下のうちどれか。,0:70kg / 1:20kg / 2:60kg / 3:30kg,2:60kg,普通二輪車（側車付きを除く）の最大積載量は60kgと定められている。これを超える積載は違反になる。,keep,"topic_mismatch,obvious_other",積載60kgは正。topicはrulesが適切,,道路交通法施行令 第22条,要,,
f006,futsuu_nirin,rules,2,ヘルメットについて正しいのはどれか。,0:着用義務はなく、装着は任意である / 1:運転者と乗客の両方に着用義務がある / 2:顎ひもを外して着用すれば問題ない / 3:運転者のみ着用義務があり、乗客には着用義務はない,1:運転者と乗客の両方に着用義務がある,道路交通法によりヘルメットの着用は運転者、乗客の両方に義務づけられており、適切に装着することが必須。,keep,obvious_other,着用義務は正しい。誤答肢が弱い,,道路交通法 第71条の4,,,
f012,futsuu_nirin,operation,2,カーブを走行する際、二輪車として最も危険なのはどれか。,0:カーブ前にしっかり減速する / 1:緩いカーブで高速走行 / 2:急カーブで低速走行 / 3:カーブ内で急ブレーキをかける,3:カーブ内で急ブレーキをかける,カーブ内で急ブレーキをかけると、タイヤのグリップが極限に達し、スリップやスピンの危険性が高まる。,keep,obvious_other,カーブ中の急ブレーキは危険で妥当,,交通の方法に関する教則,,,
f014,futsuu_nirin,operation,2,山道を下るときの正しいブレーキ操作は。,0:フットブレーキだけを使用する / 1:エンジンブレーキを活用し、フットブレーキは軽く使う / 2:ギアを最高ギアに入れたまま下る / 3:ニュートラルに入れてエンジンをかけたまま下る,1:エンジンブレーキを活用し、フットブレーキは軽く使う,山道下降時は、エンジンブレーキを活用することでブレーキの過熱を防ぎ、フットブレーキは軽く使うことが安全。,keep,,エンジンブレーキ活用は妥当,,交通の方法に関する教則,,,
f017,futsuu_nirin,hazard_prediction,2,二輪車で横風の影響を受けやすいのはどれか。,0:橋の上 / 1:信号待ちの停止中 / 2:市街地の走行 / 3:トンネル内,0:橋の上,橋の上は遮るものがないため、横風の影響を最も受けやすく、二輪車は特に注意が必要。,keep,,橋上は横風を受けやすく妥当,,交通の方法に関する教則,,,
f018,futsuu_nirin,operation,2,二輪車が正しいラインで旋回するためには。,0:曲がった後に急ブレーキをかける / 1:曲がり始める前に十分に減速し、視点を先に進む先に置く / 2:速度を変えずに曲がる / 3:曲がり始めでハンドルを最大に切る,1:曲がり始める前に十分に減速し、視点を先に進む先に置く,正しいラインで旋回するには、事前に十分に減速し、視点を進む先に置くことで安全な軌跡が得られる。,keep,weak_explanation,旋回前の減速と視線は妥当。解説やや一般的,,交通の方法に関する教則,,,
f021,futsuu_nirin,license_system,1,普通二輪免許で運転できる最大排気量は。,0:250cc以下 / 1:125cc以下 / 2:50cc以下 / 3:400cc以下,3:400cc以下,普通二輪免許では400cc以下の二輪車を運転できる。250ccは車検（車両検査）が必要になるかどうかの境界であり、免許区分（運転できる排気量の上限）の境界ではない点に注意（250cc超〜400cc以下の車両も普通二輪免許で運転できる）。,keep,,普通二輪は400cc以下で正しい,,道路交通法 第85条,要,,
f022,futsuu_nirin,hazard_prediction,2,二輪車でハイビームを使用すべき場合はどれか。,0:市街地での走行 / 1:夜間で対向車や先行車がない場合 / 2:常にハイビーム使用が正しい / 3:昼間の走行,1:夜間で対向車や先行車がない場合,ハイビームは夜間で対向車や先行車がない場合に使用し、相手車両が見える場合はロービームに切り替える。,keep,topic_mismatch,ハイビーム使用は妥当。topicはoperation,,交通の方法に関する教則 第4章,,,
f029,futsuu_nirin,operation,2,二輪車でバックミラーが見えない死角への対処で最適なのはどれか。,0:肩越しに目視確認も併用する / 1:速度を上げて避ける / 2:死角は気にせず進む / 3:ミラーのみに頼る,0:肩越しに目視確認も併用する,ミラーだけでは死角が存在するため、肩越しの目視確認を併用することで安全性が高まる。,keep,obvious_other,目視併用は妥当,,交通の方法に関する教則,,,
f033,futsuu_nirin,hazard_prediction,2,二輪車での長距離走行時の休息について正しいのはどれか。,0:定期的に休息をとり、眠気対策を行う / 1:走行中の居眠りは起こらない / 2:走り続けることで体が慣れる / 3:疲れを感じるまで走る,0:定期的に休息をとり、眠気対策を行う,長距離走行時は定期的に休息をとり、眠気や疲労を適切に管理することが安全運転の鍵。,keep,obvious_other,休息の推奨は妥当。誤答肢弱い,,交通の方法に関する教則,,,
f034,futsuu_nirin,operation,1,二輪車の前後ブレーキの配分で最適なのはどれか。,0:後ろブレーキのみ使用 / 1:状況に応じて前後ブレーキをバランスよく使用 / 2:前ブレーキのみ使用 / 3:ブレーキは使わずエンジンブレーキだけ,1:状況に応じて前後ブレーキをバランスよく使用,二輪車の制動は、状況に応じて前後ブレーキをバランスよく使い分けることが安全で効果的。,keep,,前後ブレーキ併用は妥当,,交通の方法に関する教則,,,
f036,futsuu_nirin,rules,2,二輪車での車線変更で最も重要なのはどれか。,0:速度変更 / 1:エンジン音での通知 / 2:ハンドサイン / 3:目視確認と合図の両方,3:目視確認と合図の両方,車線変更時は、必ず目視確認をしながらウインカーで十分に合図することが必須。,keep,,目視と合図は妥当,,交通の方法に関する教則,,,
f039,futsuu_nirin,operation,2,二輪車での雪道走行で最も危険なのはどれか。,0:通常速度での走行 / 1:ゆっくり走行 / 2:急ハンドルと急ブレーキの組み合わせ / 3:ヘッドライト点灯,2:急ハンドルと急ブレーキの組み合わせ,雪道では急ハンドルと急ブレーキが極めて危険であり、スリップや転倒の直接的な原因となる。,keep,,雪道の急操作は危険で妥当,,交通の方法に関する教則,,,
f044,futsuu_nirin,signs,1,二輪車での一時停止標識について正しいのはどれか。,0:夜間は停止不要 / 1:徐行で進んでもよい / 2:停止する必要はなく確認するだけ / 3:完全に停止する必要がある,3:完全に停止する必要がある,一時停止標識がある場所では、完全に停止してから周囲を確認して進むことが必須。,keep,obvious_other,一時停止は妥当,,道路交通法 第43条,,,
f048,futsuu_nirin,rules,1,二輪車での飲酒運転について正しいのはどれか。,0:夜間走行なら許可 / 1:少量なら許可される / 2:判断は個人に任せられる / 3:完全に禁止されている,3:完全に禁止されている,飲酒運転は道路交通法により完全に禁止されており、いかなる状況でも許可されない。,keep,obvious_other,飲酒運転禁止は妥当,,道路交通法 第65条,,,
f052,futsuu_nirin,operation,1,普通二輪車に乗る際、正しいギアの選択は。,0:最高速で最初から走行する / 1:常に3速で走行する / 2:ギア選択に制限はない / 3:発進時は1速、加速時に上げていく,3:発進時は1速、加速時に上げていく,安全な発進と加速のために、低ギアから段階的にギアを上げることが基本。,keep,obvious_other,発進は1速で妥当,,交通の方法に関する教則,,,
f053,futsuu_nirin,operation,2,二輪車でハンドルを握る時の正しい手の位置は。,0:軽く握り、腕の力を抜く / 1:力を入れてしっかり握る / 2:手のひらで押さえる / 3:片手で握る,0:軽く握り、腕の力を抜く,ハンドルは軽く握り、腕の力を抜くことで、体の動きに柔軟に対応できる。,keep,obvious_other,軽く握るは妥当,,交通の方法に関する教則,,,
f062,futsuu_nirin,emergency,1,二輪車での走行中、タイヤがパンクした場合の対処は。,0:急ブレーキをかける / 1:徐々に速度を落とし、安全な場所で停止 / 2:最寄りの修理工場まで走行する / 3:走行を続ける,1:徐々に速度を落とし、安全な場所で停止,タイヤパンク時は、徐々に速度を落とし、安全な場所に停止することが重要。,keep,,パンク時の対処は妥当,,交通の方法に関する教則,,,
f064,futsuu_nirin,rules,1,二輪車での逆行走行について正しいのはどれか。,0:夜間のみ許可 / 1:指定場所で許可される / 2:許可される / 3:完全禁止,3:完全禁止,逆行走行は道路交通法により完全に禁止されている。,keep,obvious_other,逆行禁止は妥当だが誤答肢弱い,,道路交通法 第17条,,,
f072,futsuu_nirin,parking,3,普通二輪でのコーナリング時の乗客との傾きについて。,0:乗客は反対方向に傾く / 1:乗客は傾かない / 2:乗客は立ち上がる / 3:乗客はライダーと同じ角度に傾く,3:乗客はライダーと同じ角度に傾く,二人乗り時、乗客はライダーと同じ角度に傾くことで安定性が向上。,keep,topic_mismatch,同乗者は同方向に傾くが妥当。topicはoperation,,交通の方法に関する教則,要,,
f078,futsuu_nirin,parking,4,普通二輪での積載物の重心位置で正しいのは。,0:できるだけ高く / 1:バイク中央、低い位置 / 2:前部に集中 / 3:後部に集中,1:バイク中央、低い位置,積載物の重心はバイク中央部、低い位置が安定性を保つ。,keep,topic_mismatch,低く中央が妥当。topicはoperation,,交通の方法に関する教則,,,
f082,futsuu_nirin,rules,3,普通二輪での黄点滅信号での対応は。,0:加速通過 / 1:注意して安全確認後進行 / 2:必ず停止 / 3:速度維持,1:注意して安全確認後進行,黄点滅は注意信号。周囲確認後、安全なら進行可能。,keep,,黄点滅は注意して進行で妥当,,道路交通法施行令 第2条,,,
f201,futsuu_nirin,rules,1,普通自動二輪車が信号機のない一般道路を走行するときの法定最高速度として正しいのはどれか。,0:時速60キロメートル / 1:時速80キロメートル / 2:時速30キロメートル / 3:時速40キロメートル,0:時速60キロメートル,標識による指定がない一般道路での法定最高速度は時速60キロメートルである。,keep,,一般道60km/hで妥当,,道路交通法施行令 第11条,要,,
f202,futsuu_nirin,rules,2,高速道路の本線車道における普通自動二輪車の法定最高速度はどれか。,0:時速80キロメートル / 1:時速100キロメートル / 2:時速90キロメートル / 3:時速120キロメートル,1:時速100キロメートル,普通自動二輪車が高速道路の本線車道を走行する場合の法定最高速度は時速100キロメートルである。一般道路の速度と混同しないよう注意する。,keep,,高速100km/hで妥当,,道路交通法施行令 第27条,要,,
f205,futsuu_nirin,rules,4,普通自動二輪車(126cc超400cc以下)が右折方法の指定がある交差点を通行する場合の右折方法として正しいのはどれか。,0:自動車と同じく交差点の中央付近を回る小回り右折を行う / 1:右折は禁止されており、必ず迂回する / 2:対向車線に入って先に右折してよい / 3:原動機付自転車と同じく二段階右折をしなければならない,0:自動車と同じく交差点の中央付近を回る小回り右折を行う,二段階右折の指定は主に原動機付自転車を対象とするものであり、普通自動二輪車は自動車と同様に交差点の中央付近を通る通常の右折方法をとる。,keep,,普通二輪は小回り右折で妥当,,道路交通法 第34条,要,,
f206,futsuu_nirin,rules,1,トンネルの中での追い越しについて正しいのはどれか。,0:トンネルの長さが100メートル以上の場合のみ禁止される / 1:車両通行帯が設けられているトンネルを除き、原則として追い越しは禁止されている / 2:二輪車に限り追い越しが認められている / 3:車両通行帯の有無にかかわらずどこでも追い越せる,1:車両通行帯が設けられているトンネルを除き、原則として追い越しは禁止されている,トンネル内は見通しが悪く危険なため、車両通行帯が設けられている区間を除いて追い越しが禁止されている。,keep,,トンネル内追越し禁止(通行帯除く)で妥当,,道路交通法 第30条,要,,
f207,futsuu_nirin,rules,2,追い越しが禁止されている場所として誤っているのはどれか。,0:上り坂の頂上付近 / 1:道路の曲がり角付近 / 2:見通しのきく直線の一般道路 / 3:勾配の急な下り坂,2:見通しのきく直線の一般道路,見通しのきく直線道路は追い越し禁止場所には該当しない。急な下り坂、曲がり角付近、坂の頂上付近などは対向車や前方の見通しが悪いため追い越しが禁止されている。,keep,,追越し禁止場所の誤りを選ぶ形で妥当,,道路交通法 第30条,要,,
f208,futsuu_nirin,rules,1,対面する信号が黄色の灯火を表示しているときの意味として正しいのはどれか。,0:警笛を鳴らしながらであれば進行できる / 1:急いで交差点を通過しなければならない / 2:歩行者だけが優先して進める合図である / 3:安全に停止できない場合を除き、停止位置から先へ進んではならない,3:安全に停止できない場合を除き、停止位置から先へ進んではならない,黄色信号は、安全に停止することができない場合を除き、停止位置を越えて進行してはならないことを意味する。,keep,,黄信号の意味として妥当,,道路交通法施行令 第2条,,,
f209,futsuu_nirin,rules,1,信号機の赤色灯火が点滅しているときの通行方法として正しいのはどれか。,0:停止位置で一時停止し、安全を確認した後に進行できる / 1:他の交通に注意しながら徐行して通行する / 2:その信号機は故障しているため無視してよい / 3:対面する信号がある間は通行できない,0:停止位置で一時停止し、安全を確認した後に進行できる,赤色の点滅信号は、他の交通に注意しながら一時停止し、安全を確認したうえで進行しなければならないことを意味する。,keep,,赤点滅は一時停止で妥当,,道路交通法施行令 第2条,,,
f210,futsuu_nirin,rules,1,踏切を通過するときの正しい方法はどれか。,0:二輪車は自動車と異なり一時停止の義務はない / 1:直前で一時停止し、目と耳で安全を確かめてから通過する / 2:遮断機が上がっていれば安全確認は不要である / 3:見通しがよければ停止せずそのまま通過してよい,1:直前で一時停止し、目と耳で安全を確かめてから通過する,踏切の直前では原則として一時停止し、左右の安全を確認したうえで通過しなければならない。,keep,,踏切の一時停止で妥当,,道路交通法 第33条,,,
f211,futsuu_nirin,rules,1,緊急自動車が接近してきたとき、交差点付近を走行していた二輪車がとるべき行動として正しいのはどれか。,0:そのまま元の速度で走行を続ける / 1:交差点をできるだけ早く通過してから道を譲る / 2:交差点を避けて道路の左側に寄り、一時停止して進路を譲る / 3:反対車線に出て緊急自動車を追い越す,2:交差点を避けて道路の左側に寄り、一時停止して進路を譲る,緊急自動車が接近したときは、交差点を避けて道路の左側に寄り、一時停止して進路を譲らなければならない。,keep,,緊急自動車への進路譲りで妥当,,道路交通法 第40条,,,
f212,futsuu_nirin,rules,1,普通自動二輪車を運転するときのヘルメットのあごひもの扱いとして正しいのはどれか。,0:同乗者だけ確実に締めればよい / 1:暑い時期は外して走行してもよい / 2:緩めに締めても着用したことになる / 3:確実に締め、脱げないようにしなければならない,3:確実に締め、脱げないようにしなければならない,ヘルメットはあごひもを確実に締め、走行中に脱げることのないよう正しく着用しなければならない。,keep,obvious_other,あごひも着用で妥当,,道路交通法施行規則 第9条の5,,,
f213,futsuu_nirin,rules,4,運転中の停止距離について正しい説明はどれか。,0:空走距離と制動距離を合わせたものを停止距離という / 1:停止距離は速度に関係なく一定である / 2:制動距離だけを停止距離という / 3:空走距離だけを停止距離という,0:空走距離と制動距離を合わせたものを停止距離という,危険を感じてから実際にブレーキが効き始めるまでに進む空走距離と、ブレーキが効き始めてから停止するまでの制動距離を合わせたものを停止距離という。,keep,topic_mismatch,停止距離の定義は妥当。topicはoperation,,交通の方法に関する教則,,,
f214,futsuu_nirin,rules,5,速度が2倍になった場合、制動距離はおおむねどうなるか。,0:ほとんど変わらない / 1:約4倍になる / 2:約3倍になる / 3:約2倍になる,1:約4倍になる,制動距離は速度の2乗にほぼ比例して長くなるため、速度が2倍になると制動距離はおよそ4倍になる。速度に応じて十分な車間距離をとる必要がある。,keep,topic_mismatch,制動距離は速度の2乗比例で妥当。topicはoperation,,交通の方法に関する教則,要,,
f215,futsuu_nirin,rules,1,学校や幼稚園などの付近に設けられている「スクールゾーン」を走行するときの心構えとして正しいのはどれか。,0:標識がなければ特に注意する必要はない / 1:時間帯にかかわらず一定の速度で走行してよい / 2:児童等の飛び出しを予測し、速度を落として通行する / 3:自動車は規制対象だが二輪車は対象外である,2:児童等の飛び出しを予測し、速度を落として通行する,スクールゾーンでは児童の飛び出しなどが予測されるため、速度を落として周囲に注意しながら通行する必要がある。,keep,obvious_other,スクールゾーンの心構えで妥当,,交通の方法に関する教則,,,
f216,futsuu_nirin,rules,1,横断歩道の直前に歩行者が横断しようとしているときの対応として正しいのはどれか。,0:警音器を鳴らして横断をやめさせる / 1:歩行者用信号がなければ止まる必要はない / 2:速度を落とさず先に通過してよい / 3:歩行者が横断を終えるまで一時停止して待つ,3:歩行者が横断を終えるまで一時停止して待つ,横断歩道を横断しようとする歩行者がいるときは、その通行を妨げないよう一時停止して待たなければならない。,keep,,横断歩道の歩行者優先で妥当,,道路交通法 第38条,,,
f217,futsuu_nirin,rules,1,普通自動二輪車を運転中、携帯電話について正しいのはどれか。,0:走行中に手に持って通話したり画面を注視したりしてはならない / 1:片手運転であれば通話をしながら運転してもよい / 2:音声通話のみ常に認められている / 3:停止中であっても操作は一切禁止される,0:走行中に手に持って通話したり画面を注視したりしてはならない,走行中に携帯電話を手に持って通話したり、画面を注視したりする行為は禁止されている。,keep,outdated,走行中の保持・注視禁止は妥当。罰則強化は未反映,解説に2024-11の罰則強化を追記,道路交通法 第71条,要,,
f218,futsuu_nirin,rules,5,酒気を帯びた状態での運転に関する記述として正しいのはどれか。,0:少量であれば違反にならない場合がある / 1:酒気帯びの基準に達していなくても、酒気を帯びて正常な運転ができないおそれがあるときは運転してはならない / 2:体質的にアルコールに強ければ違反にならない / 3:同乗者がいなければ問題にならない,1:酒気帯びの基準に達していなくても、酒気を帯びて正常な運転ができないおそれがあるときは運転してはならない,呼気中アルコール濃度が酒気帯びの基準値未満であっても、酒気を帯びて正常な運転ができないおそれがある状態での運転は禁止されている。,keep,,酒気帯び基準未満でも禁止で妥当,,道路交通法 第65条,,,
f219,futsuu_nirin,rules,1,車両通行帯のない道路を通行するときの原則として正しいのはどれか。,0:道路の右側に寄って通行する / 1:道路の中央に寄って通行する / 2:道路の左側に寄って通行する / 3:通行位置に決まりはない,2:道路の左側に寄って通行する,車両通行帯のない道路では、道路の左側に寄って通行することが原則とされている(キープレフトの原則)。,keep,,キープレフトで妥当,,道路交通法 第18条,,,
f220,futsuu_nirin,rules,2,一方通行の道路における通行について正しいのはどれか。,0:一方通行の規制は自動車専用道路のみに適用される / 1:交通量が少ない時間帯は逆走が認められる / 2:二輪車であれば逆走してもよい場合がある / 3:指定された方向以外へは進行してはならない,3:指定された方向以外へは進行してはならない,一方通行の道路では、標識・標示によって指定された方向以外に進行することは禁止されている。,keep,,一方通行で妥当,,道路交通法 第8条,,,
f221,futsuu_nirin,rules,1,転回(Uターン)が禁止されている場所の説明として正しいのはどれか。,0:転回禁止の標識がある場所では転回してはならない / 1:転回禁止場所でも徐行すれば転回できる / 2:転回禁止の規制は普通自動車のみに適用される / 3:見通しがよければ標識があっても転回してよい,0:転回禁止の標識がある場所では転回してはならない,転回禁止の標識や交通の状況から危険と認められる場所での転回(Uターン)は禁止されている。,keep,obvious_longest,転回禁止場所の標識遵守で妥当,,道路交通法 第25条の2,,,
f222,futsuu_nirin,rules,1,夜間、トンネル内を走行するときの前照灯の扱いとして正しいのはどれか。,0:対向車がいないときのみ点灯すればよい / 1:必ず前照灯を点灯させなければならない / 2:トンネル内が明るければ消灯してもよい / 3:前照灯の点灯は自動車のみの義務である,1:必ず前照灯を点灯させなければならない,夜間やトンネルの中を通行するときは、他の交通の安全のため前照灯を点灯させなければならない。,keep,ambiguous,夜間トンネルの点灯は妥当だが条件が混在,,道路交通法 第52条,,,
f223,futsuu_nirin,rules,2,バス専用通行帯が指定されている区間における普通自動二輪車の通行について正しいのはどれか。,0:二輪車は常にバス専用通行帯を通行してよい / 1:夜間に限り通行が認められる / 2:指定車両でない限り、その通行帯を通行してはならない(原則) / 3:追い越しのときだけ通行帯に入ってもよい,2:指定車両でない限り、その通行帯を通行してはならない(原則),バス専用通行帯が指定されている区間では、指定された車両以外の通行が制限されるため、普通自動二輪車は原則として通行できない。,keep,,バス専用通行帯は原則通行不可で妥当,,道路交通法 第20条,要,,
f224,futsuu_nirin,rules,1,優先道路と交差する交差点で、優先道路を通行していない道路から進入する場合の心構えとして正しいのはどれか。,0:二輪車は常に優先される / 1:徐行すれば優先道路の車両より先に通行してよい / 2:先に交差点に入った方が優先される / 3:優先道路を通行する車両の進行を妨げてはならない,3:優先道路を通行する車両の進行を妨げてはならない,優先道路が指定されている交差点では、そうでない道路から進入する車両は、優先道路を通行する車両の進行を妨げてはならない。,keep,,優先道路の妨害禁止で妥当,,道路交通法 第36条,,,
f226,futsuu_nirin,rules,1,「徐行」の意味として正しいのはどれか。,0:時速30キロメートル以下で走行すること / 1:危険を感じたら止まれるような速度で走行すること / 2:完全に停止すること / 3:ブレーキを使わずに惰性で走行すること,1:危険を感じたら止まれるような速度で走行すること,徐行とは、直ちに停止できるような速度で運転することをいい、具体的な速度の数値は定められていない。,keep,,徐行の定義は妥当,,道路交通法 第2条,,,
f227,futsuu_nirin,rules,3,進路を変更する際の合図を出すタイミングとして正しいのはどれか。,0:進路を変え終えた直後 / 1:合図のタイミングに決まりはない / 2:進路を変えようとする約3秒前 / 3:合図は同乗者がいる場合のみ必要,2:進路を変えようとする約3秒前,進路変更をしようとするときは、その行為をする約3秒前に合図を出さなければならない。,keep,,合図は約3秒前で妥当,,道路交通法施行令 第21条,要,,
f229,futsuu_nirin,rules,1,警音器(クラクション)を鳴らしてよい場面として正しいのはどれか。,0:「警笛鳴らせ」の標識がある場所や危険を防止するためやむを得ないとき / 1:対向車のライトがまぶしいとき / 2:追い越しをする直前に必ず鳴らす / 3:渋滞にいらだったとき,0:「警笛鳴らせ」の標識がある場所や危険を防止するためやむを得ないとき,警音器は「警笛鳴らせ」の標識がある場所を通行するときや、危険を防止するためやむを得ないときに鳴らすものとされている。,keep,,警音器使用で妥当,,道路交通法 第54条,,,
f230,futsuu_nirin,rules,1,初心運転者標識(初心者マーク)を付けた自動車に対する二輪車の運転者の義務として正しいのはどれか。,0:追い越しは常に禁止される / 1:幅寄せや割り込みをしてはならない / 2:特別な配慮は不要である / 3:初心者マークの車には道を譲る義務はない,1:幅寄せや割り込みをしてはならない,初心運転者標識を付けた自動車に対しては、危険防止のためやむを得ない場合を除き、幅寄せや前方への割り込みをしてはならない。,keep,,初心運転者標識車への幅寄せ禁止で妥当,,道路交通法 第71条の5,,,
f231,futsuu_nirin,rules,3,路線バス等優先通行帯における普通自動二輪車の通行について正しいのはどれか。,0:優先通行帯は自動車専用であり二輪車は最初から通行できない / 1:路線バスが接近してきても通行帯にとどまってよい / 2:路線バス等が接近してきたときは速やかにその通行帯から出なければならない / 3:夜間は優先通行帯の規制が解除される,2:路線バス等が接近してきたときは速やかにその通行帯から出なければならない,路線バス等優先通行帯を通行している場合でも、後方から路線バス等が接近してきたときは、速やかにその通行帯の外に出なければならない。,keep,,路線バス優先通行帯の退出義務で妥当,,道路交通法 第20条の2,要,,
f232,futsuu_nirin,rules,2,「警笛区間」の標識がある山道などで、見通しの悪い曲がり角を通行するときの対応として正しいのはどれか。,0:必ず一時停止しなければならない / 1:速度を上げて素早く通過する / 2:対向車がいないことが確実なら何もしなくてよい / 3:警音器を鳴らして自分の存在を知らせる,3:警音器を鳴らして自分の存在を知らせる,警笛区間に指定された見通しの悪い曲がり角などでは、警音器を鳴らして自車の存在を対向車などに知らせることとされている。,keep,,警笛区間の合図で妥当,,道路交通法 第54条,,,
f233,futsuu_nirin,rules,5,運転免許の効力が停止されている期間中に普通自動二輪車を運転した場合について正しいのはどれか。,0:無免許運転として扱われ、罰則の対象となる / 1:運転歴が長ければ問題にならない / 2:免許停止中でも自分の判断で運転してよい期間がある / 3:軽微な違反として反則金のみで済む,0:無免許運転として扱われ、罰則の対象となる,運転免許の効力停止中に運転する行為は無免許運転に当たり、厳しい罰則の対象となる。,keep,,免許停止中は無免許運転で妥当,,道路交通法 第64条,,,
f234,futsuu_nirin,hazard_prediction,2,雨で濡れたマンホールのふたの上を通過するときに二輪車が特に注意すべき危険はどれか。,0:エンジンが停止しやすくなること / 1:タイヤが滑りやすくなること / 2:タイヤの空気圧が下がること / 3:ライトが反射して見えにくくなること,1:タイヤが滑りやすくなること,濡れたマンホールのふたなどの金属面は非常に滑りやすく、急なハンドル操作やブレーキでタイヤが滑る危険が高い。,keep,obvious_other,基本的な危険予測,,交通の方法に関する教則 第7章 危険の予測,,,
f235,futsuu_nirin,hazard_prediction,2,住宅街の道路脇に停まっている自動車の横を通過するとき、二輪車が特に警戒すべき危険はどれか。,0:自車のミラーの振動 / 1:路面の白線の反射 / 2:運転席側のドアが急に開くこと / 3:対向車のヘッドライト,2:運転席側のドアが急に開くこと,駐停車中の車のドアが急に開き、それを避けようとして転倒したり後続車と接触したりする危険があるため、車の側方は十分な間隔をとって通過する。,keep,,基本的な危険予測,,交通の方法に関する教則 第7章 危険の予測,,,
f236,futsuu_nirin,hazard_prediction,4,大型トラックのすぐ後ろを走行しているとき、二輪車の運転者が予測すべき危険として正しいのはどれか。,0:トラックが必ず急発進すること / 1:後方から二輪車が接近しにくくなること / 2:トラックの荷台に追突されること / 3:トラックの死角に入り、運転者から自車が見えにくくなること,3:トラックの死角に入り、運転者から自車が見えにくくなること,大型車のすぐ後ろに位置すると、トラックの運転者から二輪車が見えにくい死角に入りやすく、急停止や進路変更に対応できない危険がある。,keep,,死角の危険。適切,,交通の方法に関する教則 第7章 危険の予測,,,
f238,futsuu_nirin,hazard_prediction,3,夕暮れ時(薄暮)の運転で二輪車が特に注意すべき危険はどれか。,0:対向車のライトで自車が見えやすくなること / 1:周囲の明るさが変化し、他の車から自車が発見されにくくなること / 2:気温が下がりタイヤの空気圧が上がること / 3:歩行者が急に増えること,1:周囲の明るさが変化し、他の車から自車が発見されにくくなること,薄暮時間帯は明るさが急激に変化し、ドライバーの目が順応しきれないため、二輪車のような車体の小さい車両が発見されにくくなる危険がある。,keep,obvious_longest,適切だが正解がやや長い,,交通の方法に関する教則 第7章 危険の予測,,,
f239,futsuu_nirin,hazard_prediction,2,橋の上やトンネルの出入口付近を走行するとき、二輪車が特に警戒すべき危険はどれか。,0:路面が常に乾燥していること / 1:エンジン音が大きく聞こえること / 2:急な横風による車体のふらつき / 3:対向車線が突然広がること,2:急な横風による車体のふらつき,橋の上やトンネルの出入口は風の通り道になりやすく、突風によって車体が大きくふらつくことがあるため、ハンドルをしっかり保持して備える。,keep,obvious_other,適切,,交通の方法に関する教則 第7章 危険の予測,,,
f240,futsuu_nirin,hazard_prediction,3,交差点の手前で自分の前を走る車が急にブレーキをかけたとき、後続の二輪車が事前に予測しておくべきこととして正しいのはどれか。,0:自分は前車より先に交差点へ進入してよいこと / 1:前車のブレーキランプは信用しなくてよいこと / 2:前車は絶対に急ブレーキをかけないと考えてよい / 3:前車の先に歩行者や自転車が飛び出す可能性があること,3:前車の先に歩行者や自転車が飛び出す可能性があること,前車が急ブレーキをかける背景には、その先に歩行者や自転車の飛び出しなど見えない危険が存在する可能性があるため、常に十分な車間距離を保つ必要がある。,keep,obvious_other,適切,,交通の方法に関する教則 第7章 危険の予測,,,
f241,futsuu_nirin,hazard_prediction,2,秋から冬にかけて、街路樹の落ち葉が積もった路面を走行するときの注意点として正しいのはどれか。,0:濡れた落ち葉の上は非常に滑りやすいため速度を落とす / 1:落ち葉は乾いていればグリップに影響しない / 2:落ち葉の上ではむしろブレーキが効きやすくなる / 3:落ち葉は二輪車の走行に一切関係がない,0:濡れた落ち葉の上は非常に滑りやすいため速度を落とす,濡れた落ち葉が積もった路面は油分を含んだような滑りやすい状態になりやすく、急ハンドルや急ブレーキは避け、速度を落として通過する必要がある。,keep,obvious_other,適切だが易しい,,交通の方法に関する教則 第7章 危険の予測,,,
f242,futsuu_nirin,hazard_prediction,2,ガソリンスタンドの出入口付近の路面で特に注意すべき危険はどれか。,0:対向車線が突然拡幅される / 1:油分がこぼれていることがあり、タイヤが滑りやすい / 2:標識が設置できない区域である / 3:路面が常に高温になっている,1:油分がこぼれていることがあり、タイヤが滑りやすい,ガソリンスタンドの出入口付近は油分がこぼれて路面が滑りやすくなっていることがあり、二輪車は特に注意して通過する必要がある。,keep,,適切,,交通の方法に関する教則 第7章 危険の予測,,,
f243,futsuu_nirin,hazard_prediction,5,対向車線に右折待ちの車が停止している交差点を直進するとき、二輪車が予測すべき最も大きな危険はどれか。,0:自分の車体が右折車から見えやすくなること / 1:信号が突然赤に変わること / 2:右折待ちの車の陰から対向の二輪車や自転車が現れること / 3:右折待ちの車が急にバックしてくること,2:右折待ちの車の陰から対向の二輪車や自転車が現れること,右折待ちの車の陰は死角になりやすく、その陰から対向してくる二輪車や自転車が急に現れることがあるため、速度を落として備える必要がある。,keep,,典型的な危険予測,,交通の方法に関する教則 第7章 危険の予測,,,
f244,futsuu_nirin,hazard_prediction,2,駐輪してある自転車の横を通過するときに二輪車が警戒すべき危険はどれか。,0:自転車には反射材が付いていないこと / 1:自転車には一切近づいてはいけないこと / 2:自転車の横は必ず速度を上げて通過すべきこと / 3:自転車が急に車道側にふらついて出てくること,3:自転車が急に車道側にふらついて出てくること,駐輪していた自転車が急に動き出したり、車道側にふらついて進路を塞いだりすることがあるため、間隔をとって通過する必要がある。,keep,,適切,,交通の方法に関する教則 第7章 危険の予測,,,
f245,futsuu_nirin,hazard_prediction,3,見通しの悪い丁字路の交差点に進入するとき、二輪車の運転者が予測すべき危険として適切なのはどれか。,0:左右から車両や歩行者が出てくる可能性があること / 1:一時停止の標識があっても徐行すればよいこと / 2:対向車は存在しないと考えてよいこと / 3:丁字路では必ず自分が優先されること,0:左右から車両や歩行者が出てくる可能性があること,見通しの悪い丁字路では左右の道路から車両や歩行者が突然現れる可能性があるため、一時停止や徐行によって安全を確認する必要がある。,keep,,適切,,交通の方法に関する教則 第7章 危険の予測,,,
f246,futsuu_nirin,hazard_prediction,2,工事現場付近を通行するときに二輪車が特に警戒すべき危険はどれか。,0:工事現場では速度制限がないこと / 1:路面の凹凸や砂利でタイヤが取られること / 2:工事車両は必ず徐行していること / 3:誘導員の合図は無視してよいこと,1:路面の凹凸や砂利でタイヤが取られること,工事現場付近は路面が荒れていたり砂利や鉄板があったりしてタイヤが取られやすいため、速度を落として慎重に通行する必要がある。,keep,obvious_other,適切,,交通の方法に関する教則 第7章 危険の予測,,,
f247,futsuu_nirin,hazard_prediction,3,住宅街の細い路地から広い道路に出るとき、二輪車が予測すべき危険はどれか。,0:路地から出るときは徐行の必要がないこと / 1:広い道路側の車両には必ず止まる義務があること / 2:左右の見通しが悪く、車両や歩行者を見落としやすいこと / 3:広い道路に出れば注意力は不要になること,2:左右の見通しが悪く、車両や歩行者を見落としやすいこと,住宅街の細い路地は塀や駐車車両で見通しが悪いことが多く、広い道路に出る際には車両や歩行者を見落としやすいため、徐行して安全確認を行う必要がある。,keep,,適切,,交通の方法に関する教則 第7章 危険の予測,,,
f248,futsuu_nirin,hazard_prediction,3,強い横風が吹く日に橋の上を走行しているとき、二輪車の運転者がとるべき対応として最も適切なのはどれか。,0:速度を上げて早く通過する / 1:両手をハンドルから離してバランスをとる / 2:風上側に体を大きく傾けたまま固定する / 3:ハンドルを強く握り、速度を落として風に備える,3:ハンドルを強く握り、速度を落として風に備える,強風時はあらかじめ速度を落とし、ハンドルをしっかり保持して突風による車体のふらつきに備えることが安全である。,keep,,適切,,交通の方法に関する教則 第7章 危険の予測,,,
f249,futsuu_nirin,hazard_prediction,5,夜間、対向車のライトがまぶしく感じられるときに二輪車の運転者がとるべき行動として正しいのはどれか。,0:視線を対向車のライトからそらし、道路の左端の方に向ける / 1:ライトを直視して相手に注意を促す / 2:ヘッドライトを上向きのまま維持する / 3:目を閉じて数秒間走行する,0:視線を対向車のライトからそらし、道路の左端の方に向ける,対向車のライトをまぶしく感じたときは、直視を避けて視線をやや左前方の路肩側に向け、幻惑による事故を防ぐ必要がある。,keep,,教則に沿う,,交通の方法に関する教則 第7章 危険の予測,,,
f250,futsuu_nirin,hazard_prediction,2,商店街に近い道路を走行しているとき、二輪車が特に予測すべき危険はどれか。,0:商店街の道路には危険がまったく存在しないこと / 1:歩行者や自転車が予告なく車道に出てくること / 2:自動車だけを警戒すればよいこと / 3:速度を上げて短時間で通過すべきこと,1:歩行者や自転車が予告なく車道に出てくること,商店街の周辺は歩行者や自転車の往来が多く、予告なく車道側に出てくることがあるため、速度を落として周囲に注意を払う必要がある。,keep,obvious_other,適切だが易しい,,交通の方法に関する教則 第7章 危険の予測,,,
f251,futsuu_nirin,hazard_prediction,3,駐車場の出入口付近の歩道を横切って走行するとき、二輪車が最も警戒すべき危険はどれか。,0:駐車料金の精算機の位置 / 1:出入口の路面の傾斜が急なこと / 2:歩道を歩く歩行者との接触 / 3:駐車場の看板の色,2:歩道を歩く歩行者との接触,駐車場の出入口では歩道を横切るため、歩行者の存在に気づかず接触する危険がある。歩道の手前で一時停止し歩行者の通行を妨げないようにする必要がある。,keep,,歩道横断時は一時停止が必要,,交通の方法に関する教則 第7章 危険の予測,,,
f253,futsuu_nirin,hazard_prediction,5,見通しの良い直線道路で、はるか前方の信号が青色から黄色に変わったのが見えたとき、二輪車が予測すべき状況として正しいのはどれか。,0:前方の車列が急に停止し始める可能性があること / 1:信号の変化は自分の走行には関係がないこと / 2:自分は必ず先に交差点を通過できること / 3:信号が変わっても前方の車は減速しないと考えてよいこと,0:前方の車列が急に停止し始める可能性があること,遠方の信号が変わるのを確認したときは、前方の車列が減速・停止を始める可能性を予測し、早めに速度を落として備える必要がある。,keep,,適切,,交通の方法に関する教則 第7章 危険の予測,,,
f254,futsuu_nirin,hazard_prediction,2,路肩に停車していたタクシーの後部座席のドアが開こうとしているのを見かけたとき、二輪車がとるべき行動として正しいのはどれか。,0:クラクションだけ鳴らして速度は変えない / 1:速度を落とすか、十分な間隔をとって通過する / 2:反対車線に大きくはみ出して通過する / 3:そのままの速度で構わず通過する,1:速度を落とすか、十分な間隔をとって通過する,乗客が降りるために後部座席のドアが開く可能性があるため、速度を落とすか十分な側方間隔をとって通過することが安全である。,keep,,適切,,交通の方法に関する教則 第7章 危険の予測,,,
f255,futsuu_nirin,hazard_prediction,3,高速道路の合流地点で本線に入ろうとする車がある場合、本線を走行中の二輪車が予測すべき危険はどれか。,0:合流地点では速度を上げるべきであること / 1:合流車には注意を払う必要がないこと / 2:合流車が急に速度を落として車線変更してくること / 3:合流車は必ず自分より先に行くこと,2:合流車が急に速度を落として車線変更してくること,合流地点では、合流しようとする車が加減速しながら車線変更してくることが予測されるため、後方や側方の確認を怠らず備える必要がある。,keep,,適切,,交通の方法に関する教則 第7章 危険の予測,,,
f256,futsuu_nirin,hazard_prediction,4,早朝、路面に霜や薄い氷が張っている可能性がある橋の上を走行するときの注意点として正しいのはどれか。,0:凍結の心配があるときほど速度を上げて素早く通過する / 1:橋の上は他の路面より凍結しにくいので通常通り走行してよい / 2:凍結の有無は目視では判断できないため気にしなくてよい / 3:橋の上は路面が冷えやすく凍結しやすいため、速度を落として慎重に走行する,3:橋の上は路面が冷えやすく凍結しやすいため、速度を落として慎重に走行する,橋の上は地面からの熱が伝わりにくく他の路面より冷えやすいため、霜や薄氷による凍結が起きやすい。速度を落として慎重に走行する必要がある。,keep,,橋上の凍結は教則に記載,,交通の方法に関する教則 第7章 危険の予測,,,
f257,futsuu_nirin,hazard_prediction,5,前方を走る自転車が手信号を出さずに急に進路を左に変えたとき、二輪車の運転者がとるべき対応として正しいのはどれか。,0:自転車の予測できない動きに備え、あらかじめ十分な間隔をとって走行する / 1:自転車の後方にできるだけ接近して走行する / 2:自転車の動きにかかわらず速度と進路を変えない / 3:警音器を鳴らして自転車を追い越そうとする,0:自転車の予測できない動きに備え、あらかじめ十分な間隔をとって走行する,自転車は手信号を出さずに進路を変えることも多いため、常に予測できない動きに備え、追い越す際も十分な側方間隔をとる必要がある。,keep,,適切,,交通の方法に関する教則 第7章 危険の予測,,,
f258,futsuu_nirin,operation,1,普通自動二輪車でカーブを曲がるときの基本的な操作として正しいのはどれか。,0:カーブの中で急ハンドルを切って向きを変える / 1:カーブに入る前に十分減速し、カーブの中では一定の速度を保つ / 2:カーブでは常に最大限加速する / 3:カーブの中でアクセルとブレーキを同時に強くかける,1:カーブに入る前に十分減速し、カーブの中では一定の速度を保つ,カーブでは進入前に十分速度を落とし、カーブの中では一定の速度を保ちながら滑らかに通過することが基本である。,keep,,基本操作として適切,,交通の方法に関する教則 第3章,,,
f259,futsuu_nirin,operation,3,普通自動二輪車の制動(ブレーキ)操作について正しいのはどれか。,0:急ブレーキ以外ではブレーキを使わない / 1:前輪ブレーキだけを使い、後輪ブレーキは使わない / 2:前輪と後輪のブレーキを状況に応じてバランスよく使う / 3:後輪ブレーキだけを使い、前輪ブレーキは使わない,2:前輪と後輪のブレーキを状況に応じてバランスよく使う,安定した制動を行うためには、前輪ブレーキと後輪ブレーキを状況に応じてバランスよく使うことが基本である。,keep,obvious_other,前後ブレーキ併用は基本,,教則 第3章,,,
f260,futsuu_nirin,operation,2,普通自動二輪車の乗り降りについて正しいのはどれか。,0:乗り降りする側は特に決まっていない / 1:走行中でも安全であれば乗り降りしてよい / 2:右側から乗り降りするのが基本である / 3:車体が停止していることを確認し、左側から乗り降りする,3:車体が停止していることを確認し、左側から乗り降りする,二輪車の乗り降りは、車体が完全に停止していることを確認したうえで、車道側とは反対の左側から行うことが基本とされている。,keep,,左側から乗降は一般的,,教則 第3章,要,,
f261,futsuu_nirin,operation,3,下り坂を走行するときのエンジンブレーキの利用について正しいのはどれか。,0:低いギアに入れてエンジンブレーキを活用し、フットブレーキの多用を避ける / 1:下り坂ではニュートラルにしてブレーキだけで減速する / 2:下り坂では常に最高速ギアを使用する / 3:エンジンブレーキは二輪車には使用できない,0:低いギアに入れてエンジンブレーキを活用し、フットブレーキの多用を避ける,長い下り坂ではフットブレーキばかりに頼るとブレーキが過熱して効きが悪くなるため、低いギアに入れてエンジンブレーキを積極的に活用する。,keep,,エンジンブレーキ併用は教則通り,,教則 第3章,,,
f262,futsuu_nirin,operation,3,急な上り坂で信号待ちから発進するときの操作として適切なのはどれか。,0:エンジンを切ったまま惰性で発進する / 1:後輪ブレーキとクラッチ操作を使い、後退を防ぎながら滑らかに発進する / 2:アクセルを一気に全開にして発進する / 3:前輪ブレーキだけをかけたまま発進する,1:後輪ブレーキとクラッチ操作を使い、後退を防ぎながら滑らかに発進する,上り坂での発進時は、後輪ブレーキで車体の後退を防ぎながらクラッチとアクセルを合わせて滑らかに発進する操作が求められる。,keep,,坂道発進の基本,,教則 第3章,,,
f263,futsuu_nirin,operation,5,低速でのUターンや取り回しの際に安定を保つための基本操作として正しいのはどれか。,0:アクセルを完全に戻し惰性のみで曲がる / 1:視線を近くのハンドル先端に固定する / 2:視線を曲がっていく先の進行方向に向ける / 3:両足を地面につけたまま曲がる,2:視線を曲がっていく先の進行方向に向ける,低速走行時は視線を進みたい方向に向けることで、車体を無理なくその方向へ誘導しやすくなり、バランスを保ちやすい。,keep,,視線を進行方向へは基本,,教則 第3章,,,
f264,futsuu_nirin,operation,2,雨天時の普通自動二輪車の運転操作について正しいのはどれか。,0:路面が濡れていてもタイヤのグリップに変化はない / 1:雨天時こそ速度を上げて早めに目的地に着くべきである / 2:ブレーキは前輪だけを強く使うようにする / 3:急発進・急ブレーキ・急ハンドルを避け、通常より緩やかな操作を心がける,3:急発進・急ブレーキ・急ハンドルを避け、通常より緩やかな操作を心がける,雨天時はタイヤのグリップが低下するため、急発進・急ブレーキ・急ハンドルなどの急操作を避け、通常より緩やかな操作を心がける必要がある。,keep,,雨天の急操作回避は教則通り,,教則 第3章,,,
f266,futsuu_nirin,operation,2,交差点で進路変更や右左折をする前に必ず行うべき基本操作はどれか。,0:合図を出してからミラーを確認する / 1:ミラーで後方を確認し、必要に応じて目視で確認したうえで合図を出す / 2:後方確認は一切不要である / 3:合図と同時に一気に進路を変える,1:ミラーで後方を確認し、必要に応じて目視で確認したうえで合図を出す,進路変更や右左折の前は、まずミラーで後方を確認し、死角がある場合は目視でも確認したうえで、余裕をもって合図を出す必要がある。,keep,,確認→合図の手順は適切,,教則 第3章/道路交通法 第53条,,,
f267,futsuu_nirin,operation,3,同乗者を乗せて走行するときの運転操作について正しいのはどれか。,0:一人乗りのときと全く同じ感覚で急発進・急ブレーキをしてよい / 1:同乗者の体重は走行に影響しないため無視してよい / 2:重量やバランスの変化を考慮し、発進・制動・旋回をより緩やかに行う / 3:同乗者がいるときはブレーキを強くかけるほうが安全である,2:重量やバランスの変化を考慮し、発進・制動・旋回をより緩やかに行う,同乗者を乗せると車両全体の重量やバランスが変化するため、発進や制動、旋回などの操作はより緩やかに行う必要がある。,keep,,二人乗りは緩やかな操作,,教則 第3章,,,
f268,futsuu_nirin,operation,2,夜間、対向車と行き違うときのライトの操作として正しいのはどれか。,0:対向車にはライトを消灯して対応する / 1:対向車が近づいても上向きのライトを維持する / 2:夜間はライトの操作をする必要がない / 3:対向車と行き違うときは早めにライトを下向きに切り替える,3:対向車と行き違うときは早めにライトを下向きに切り替える,対向車と行き違うときは、相手の運転者を幻惑させないよう早めにライトを下向き(すれ違い用)に切り替える必要がある。,keep,,早めに下向きへ。適切,,道路交通法 第52条,,,
f270,futsuu_nirin,operation,1,普通自動二輪車のクラッチ操作の基本として正しいのはどれか。,0:クラッチはブレーキと同時に強く握る / 1:クラッチは半クラッチを使いながら滑らかにつなぐ / 2:走行中は常にクラッチレバーを握り続ける / 3:発進時は急にクラッチをつないでよい,1:クラッチは半クラッチを使いながら滑らかにつなぐ,発進時などは半クラッチの状態を経て滑らかにクラッチをつなぐことで、エンストや急発進を防ぐことができる。,keep,obvious_other,半クラッチの基本,,教則 第3章,,,
f271,futsuu_nirin,operation,5,見通しの悪いカーブの手前で速度を落とすタイミングとして正しいのはどれか。,0:カーブを抜けた後に速度を落とす / 1:速度を落とすタイミングは特に決まっていない / 2:カーブに入る前の直線部分で十分に速度を落としておく / 3:カーブの中に入ってから徐々に速度を落とす,2:カーブに入る前の直線部分で十分に速度を落としておく,カーブの中でブレーキをかけると転倒の危険が高まるため、カーブに入る前の直線部分で十分に速度を落としておくことが基本である。,keep,,カーブ前の減速は基本,,教則 第3章,,,
f272,futsuu_nirin,operation,2,普通自動二輪車で急な進路変更を避けるための日常的な操作として正しいのはどれか。,0:周囲の車の動きは気にしなくてよい / 1:進路変更は常に直前に一気に行う / 2:後方確認をせずに進路を変える / 3:早め早めに周囲の状況を確認し、余裕をもって進路を決める,3:早め早めに周囲の状況を確認し、余裕をもって進路を決める,急な進路変更は転倒や接触の危険を高めるため、早めに周囲の状況を確認し、余裕をもって進路を決めることが基本である。,keep,obvious_other,適切だが易しい,,教則 第3章,,,
f273,futsuu_nirin,operation,2,荷物を積載した状態で走行するときの操作上の注意点として正しいのはどれか。,0:荷崩れを防ぎ、重心の変化を意識して速度や車体操作をより慎重に行う / 1:荷物の重さやバランスに関係なく通常どおり運転してよい / 2:荷物の固定状態は走行前に確認する必要がない / 3:荷物を積んだときほど速度を上げてバランスを取る,0:荷崩れを防ぎ、重心の変化を意識して速度や車体操作をより慎重に行う,荷物を積載すると重心やバランスが変化するため、荷崩れを防ぐとともに、速度や車体操作をより慎重に行う必要がある。,keep,,積載時の操作,,教則 第3章,,,
f275,futsuu_nirin,operation,4,路面が濡れている交差点で信号待ちから発進するときの操作として正しいのはどれか。,0:発進時の操作は乾燥路面と変える必要はない / 1:アクセルを急に大きく開けて発進する / 2:タイヤの空転を防ぐため、アクセルを緩やかに開けて発進する / 3:後輪ブレーキを強くかけたまま発進する,2:タイヤの空転を防ぐため、アクセルを緩やかに開けて発進する,濡れた路面では急なアクセル操作によって後輪が空転しやすいため、アクセルを緩やかに開けて滑らかに発進することが安全である。,keep,,濡れ路面の発進,,教則 第3章,,,
f276,futsuu_nirin,operation,1,信号待ちなどで停止しているときの足の使い方として正しいのはどれか。,0:停止するたびにエンジンを切る / 1:停止中も両足をステップに乗せたままにする / 2:停止中はハンドルから両手を離す / 3:ブレーキをかけたまま両足を地面につけて車体を支える,3:ブレーキをかけたまま両足を地面につけて車体を支える,停止時はブレーキで車両を止めた状態を保ちながら、両足を地面につけて車体をしっかり支えることが基本である。,keep,,停止時の足の使い方,,教則 第3章,,,
f277,futsuu_nirin,parking,2,普通自動二輪車(側車付きを除く)の最大積載量として正しいのはどれか。,0:60キログラム / 1:30キログラム / 2:120キログラム / 3:90キログラム,0:60キログラム,側車付きを除く普通自動二輪車の最大積載量は60キログラムと定められており、これを超える積載は違反となる。,keep,obvious_other,普通二輪の積載60kg,,道路交通法施行令 第22条,要,,
f278,futsuu_nirin,parking,4,普通自動二輪車に荷物を積むときの積載の高さの制限として正しいのはどれか。,0:地上から3メートル以内 / 1:地上から2メートル以内 / 2:高さの制限はない / 3:地上から1メートル以内,1:地上から2メートル以内,二輪車の積載は、原則として地上から2メートルを超えないようにしなければならない。,keep,,積載高さ2m。要確認,,道路交通法施行令 第22条,要,,
f279,futsuu_nirin,parking,2,駐停車が禁止されている場所として正しいのはどれか。,0:交差点の端から10メートル以内の部分 / 1:交差点付近には駐停車の規制はない / 2:交差点の端から5メートル以内の部分 / 3:交差点の端から3メートル以内の部分,2:交差点の端から5メートル以内の部分,交差点の側端から5メートル以内の部分は、見通しの確保や車両の通行を妨げないため駐停車が禁止されている。,keep,,交差点側端5m以内は駐停車禁止,,道路交通法 第44条,要,,
f280,futsuu_nirin,parking,2,横断歩道の前後何メートル以内が駐停車禁止とされているか。,0:前後10メートル以内 / 1:横断歩道付近に駐停車の規制はない / 2:前後2メートル以内 / 3:前後5メートル以内,3:前後5メートル以内,横断歩道またはその前後5メートル以内の部分は、歩行者の横断を妨げないよう駐停車が禁止されている。,keep,,横断歩道前後5m以内,,道路交通法 第44条,要,,
f281,futsuu_nirin,parking,2,消火栓や消防用防火水槽の取り入れ口から何メートル以内が駐車禁止とされているか。,0:5メートル以内 / 1:3メートル以内 / 2:1メートル以内 / 3:10メートル以内,0:5メートル以内,消火栓や防火水槽の取り入れ口から5メートル以内の部分は、緊急時の消火活動を妨げないよう駐車が禁止されている。,keep,,消火栓5m以内。正しい,,道路交通法 第45条,要,,
f282,futsuu_nirin,parking,2,サイドスタンドを使って普通自動二輪車を駐車するときの注意点として正しいのはどれか。,0:スタンドは右側に立てるのが基本である / 1:アスファルトのように硬く安定した平らな場所を選ぶ / 2:スタンドを立てたままエンジンをかけて発進準備をしてよい / 3:柔らかい地面や傾斜のある場所でも特に問題はない,1:アスファルトのように硬く安定した平らな場所を選ぶ,サイドスタンドで駐車する際は、地面が柔らかいとスタンドが沈み込み車両が倒れる危険があるため、硬く安定した平らな場所を選ぶ必要がある。,keep,,スタンド使用の基本,,教則 第3章,,,
f283,futsuu_nirin,parking,2,「駐車禁止」の規制標識がある道路について正しいのはどれか。,0:二輪車には適用されない / 1:駐車も停車もいずれも一切できない / 2:駐車はできないが、短時間の停車は認められる / 3:夜間に限り駐車できる,2:駐車はできないが、短時間の停車は認められる,「駐車禁止」の標識がある場所では駐車が禁止されるが、人の乗り降りや短時間の荷物の積み下ろしなどの停車は認められる場合がある。,keep,near_dup,駐車禁止の意味。f323と重複気味,,道路標識命令,,,
f284,futsuu_nirin,parking,4,「駐停車禁止」の規制標識がある道路について正しいのはどれか。,0:5分以内であれば停車が認められる / 1:駐車のみ禁止され、停車は認められる / 2:二輪車には適用されない / 3:駐車・停車のいずれも禁止される,3:駐車・停車のいずれも禁止される,「駐停車禁止」の標識がある場所では、駐車だけでなく停車も一切禁止されている。,keep,near_dup,駐停車禁止。f307と重複,,道路標識命令,,,
f287,futsuu_nirin,parking,2,二輪車専用の駐車場が近くにある場所で、指定されたスペース以外(歩道上など)に駐車した場合について正しいのはどれか。,0:短時間であれば歩道上への駐車も認められる / 1:駐輪場がある場所では罰則が科されない / 2:歩行者の通行を妨げる場所への駐車は違反となる / 3:二輪車は小型なので歩道上への駐車も自由である,2:歩行者の通行を妨げる場所への駐車は違反となる,二輪車であっても、歩道など歩行者の通行を妨げる場所への駐車は交通の妨げとなり違反となる。,keep,obvious_longest,歩道上駐車は違反,,道路交通法 第17条/第45条,,,
f288,futsuu_nirin,parking,1,夜間、道路上に普通自動二輪車を駐車するときに必要な措置として正しいのはどれか。,0:月明かりがあれば灯火の措置は不要である / 1:灯火をつける必要はなく、真っ暗な状態でよい / 2:夜間は駐車自体が全面的に禁止されている / 3:他の交通から見えるよう、規定に従って灯火をつけるなどの措置をとる,3:他の交通から見えるよう、規定に従って灯火をつけるなどの措置をとる,夜間に道路上で駐車する場合は、他の交通から見落とされないよう、駐車灯をつけるなど規定に従った灯火の措置をとる必要がある。,keep,obvious_longest,夜間駐車の灯火。細部は要確認,,道路交通法施行令 第18条,要,,
f289,futsuu_nirin,parking,5,普通自動二輪車の積載物の長さの制限に関する原則として正しいのはどれか。,0:車体の長さにその10分の1を加えた長さまで / 1:車体の長さの半分までしか積めない / 2:車体の長さの2倍までいくらでもよい / 3:積載物の長さに制限はない,0:車体の長さにその10分の1を加えた長さまで,積載物の長さは、原則として自動車の長さにその10分の1の長さを加えたものを超えてはならないとされている。,keep,,長さは1.1倍まで(適用は要確認),,道路交通法施行令 第22条,要,,
f290,futsuu_nirin,parking,2,商店の前など一般の交通の妨げになりやすい場所に短時間だけ普通自動二輪車を止める場合の考え方として正しいのはどれか。,0:短時間であれば駐停車禁止場所でも自由に止めてよい / 1:駐停車が禁止されている場所では短時間でも止めてはならない / 2:店の許可があれば道路上のどこでも止めてよい / 3:二輪車は自動車より小さいので規制の対象外である,1:駐停車が禁止されている場所では短時間でも止めてはならない,駐停車禁止の場所では、たとえ短時間であっても駐車・停車をしてはならない。,keep,"near_dup,obvious_other",駐停車禁止場所は短時間でも不可,,道路交通法 第44条,,,
f291,futsuu_nirin,license_system,2,普通自動二輪免許の運転免許証の有効期間の更新について正しいのはどれか。,0:更新の必要はなく、一度取得すれば生涯有効である / 1:更新手続きは免許を取得した都道府県でしか行えない / 2:有効期間満了までに更新手続きを行う必要がある / 3:更新は違反をした者だけが行えばよい,2:有効期間満了までに更新手続きを行う必要がある,運転免許証には有効期間が定められており、その満了前に更新手続きを行わなければ失効してしまう。,keep,"obvious_other,vague_prompt",更新必要は基本事項。易しい,,道路交通法 第101条,,,
f292,futsuu_nirin,license_system,1,普通自動二輪車を運転するときに携帯していなければならないものはどれか。,0:点検整備記録簿 / 1:自動車検査証の写し / 2:自賠責保険証明書のコピーのみで足りる / 3:運転免許証,3:運転免許証,運転中は運転免許証を必ず携帯していなければならず、提示を求められた場合はこれを提示する義務がある。,keep,obvious_other,免許証携帯義務,,道路交通法 第95条,,,
f294,futsuu_nirin,license_system,1,運転免許証を他人に貸したり、他人の免許証を借りて運転したりすることについて正しいのはどれか。,0:家族間であれば認められる / 1:いかなる場合も禁止されている / 2:緊急時に限り認められる / 3:短時間であれば認められる,1:いかなる場合も禁止されている,運転免許は本人のみが運転できる資格であり、他人に貸したり借りたりして運転することは禁止されている。,keep,obvious_other,免許貸借禁止,,道路交通法 第95条,,,
f295,futsuu_nirin,license_system,4,違反行為を繰り返して累積点数が一定の基準に達した場合の措置として正しいのはどれか。,0:累積点数は毎年自動的にゼロに戻る / 1:反則金を納めれば点数は加算されない / 2:免許の停止や取消しなどの行政処分を受けることがある / 3:累積点数に関係なく免許は維持される,2:免許の停止や取消しなどの行政処分を受けることがある,違反や事故によって累積した点数が一定の基準に達すると、免許の停止や取消しといった行政処分の対象となる。,keep,obvious_other,点数制度の基本,,道路交通法 第103条,,,
f296,futsuu_nirin,license_system,2,運転免許証の更新時に行われる適性検査の内容として正しいのはどれか。,0:実技試験が必ず課される / 1:筆記試験のみが行われる / 2:適性検査は初回取得時のみで更新時には不要である / 3:視力等の身体的な条件を確認する適性検査が行われる,3:視力等の身体的な条件を確認する適性検査が行われる,運転免許証の更新時には、視力など運転に必要な身体的条件を満たしているかを確認する適性検査が行われる。,keep,,更新時の適性検査,,道路交通法 第101条,要,,
f297,futsuu_nirin,license_system,5,普通自動二輪免許を取得してから間もない運転者(初心運転者期間中)の心構えとして正しいのはどれか。,0:自分の技能を過信せず、基本に忠実な運転を心がける / 1:初心運転者期間中は特別な注意をする必要がない / 2:初心運転者期間は普通自動二輪免許には存在しない / 3:経験がなくても他のベテラン運転者と全く同じ感覚で走行してよい,0:自分の技能を過信せず、基本に忠実な運転を心がける,免許取得から間もない時期は運転技能や危険予測の経験が少ないため、自分の技能を過信せず、基本に忠実な運転を心がけることが重要である。,keep,obvious_longest,初心者の心構え,,教則 第1章,,,
f299,futsuu_nirin,maintenance,2,普通自動二輪車の日常点検で確認すべき項目として適切なのはどれか。,0:チェーンのたるみは点検の対象外である / 1:点検はディーラーでの定期点検だけで十分である / 2:タイヤの空気圧や溝の深さ、ブレーキの効き具合、灯火類の点灯を確認する / 3:エンジンオイルの色以外は確認しなくてよい,2:タイヤの空気圧や溝の深さ、ブレーキの効き具合、灯火類の点灯を確認する,安全な走行のため、日常点検ではタイヤの空気圧や溝の深さ、ブレーキの効き具合、灯火類の点灯、チェーンのたるみなどを確認することが重要である。,keep,obvious_longest,日常点検項目。適切,,道路運送車両法 第47条,,,
f300,futsuu_nirin,emergency,4,運転中に交通事故を起こしてしまった場合、運転者に課せられる義務として正しいのはどれか。,0:自分に過失がなければ現場を離れてよい / 1:負傷者がいなければ何もする必要はない / 2:後日都合のよいときに警察へ連絡すればよい / 3:直ちに運転を停止し、負傷者の救護と危険防止の措置を行い、警察官へ報告しなければならない,3:直ちに運転を停止し、負傷者の救護と危険防止の措置を行い、警察官へ報告しなければならない,交通事故を起こした運転者は、直ちに車両の運転を停止して負傷者の救護や危険防止の措置を講じ、警察官へ事故の内容を報告する義務がある。,keep,obvious_longest,事故時の措置義務,,道路交通法 第72条,,,
f302,futsuu_nirin,signs,2,円形で白地に赤枠、黒字で数字の「最高速度」の標識について、正しい説明はどれか。,0:歩行者の通行を禁止する / 1:その数字を超える速度での走行を禁止する / 2:車両の種類ごとに通行すべき車両通行帯を指定する / 3:路線バス等が優先的に通行する車両通行帯であることを示す,1:その数字を超える速度での走行を禁止する,「最高速度」は規制標識（円形・白地に赤枠、黒字で数字）で、その数字を超える速度での走行を禁止することを意味する。,keep,vague_prompt,標識の意味は正しい。画像なしの名称問題,,道路標識、区画線及び道路標示に関する命令,,,
f303,futsuu_nirin,signs,3,「車両進入禁止」の標識の意味として正しいのはどれか。,0:その数字を下回る速度での走行を禁止する（高速道路等に設置） / 1:車両の駐車を禁止する（短時間の停車は可能） / 2:一方通行路の出口などに設置され、車両がその方向へ進入することを禁止する / 3:前方にT字路があることを予告し、注意を促す,2:一方通行路の出口などに設置され、車両がその方向へ進入することを禁止する,「車両進入禁止」は規制標識（円形・赤地に白の横棒）で、一方通行路の出口などに設置され、車両がその方向へ進入することを禁止することを意味する。,keep,vague_prompt,標識の意味は正しい。画像なしの名称問題,,道路標識、区画線及び道路標示に関する命令,,,
f304,futsuu_nirin,signs,1,「横断歩道」の標識が意味するものとして正しいのはどれか。,0:追越しのために道路の右側部分にはみ出して通行することを禁止する（右側部分にはみ出さない追越しは可能） / 1:車両が矢印で示された方向にのみ進行できることを示す / 2:付近に学校・幼稚園・保育所等があり、児童・幼児の飛び出し等に注意すべきことを示す / 3:歩行者が道路を横断するための場所であることを示す,3:歩行者が道路を横断するための場所であることを示す,「横断歩道」は指示標識（長方形・青地に白の歩行者の絵）で、歩行者が道路を横断するための場所であることを示すことを意味する。,keep,vague_prompt,標識の意味は正しい。画像なしの名称問題,,道路標識、区画線及び道路標示に関する命令,,,
f306,futsuu_nirin,signs,3,「転回禁止」の標識の意味として正しいのはどれか。,0:歩行者の通行を禁止する / 1:車両のUターン（転回）を禁止する / 2:前方に十字路（交差点）があることを予告し、注意を促す / 3:自転車を除く軽車両（荷車など）の通行を禁止する,1:車両のUターン（転回）を禁止する,「転回禁止」は規制標識（円形・青地に赤の斜線とUターン矢印）で、車両のUターン（転回）を禁止することを意味する。,keep,vague_prompt,標識の意味は正しい。画像なしの名称問題,,道路標識、区画線及び道路標示に関する命令,,,
f309,futsuu_nirin,signs,3,「一方通行」の標識の意味として正しいのはどれか。,0:車両が矢印で示された方向にのみ進行できることを示す / 1:自動車・原動機付自転車以外（歩行者・軽車両等）の通行を禁止する / 2:路線バス等が優先的に通行する車両通行帯であることを示す / 3:前方の道路に落石のおそれがあることを予告する,0:車両が矢印で示された方向にのみ進行できることを示す,「一方通行」は規制標識（長方形・青地に白の矢印）で、車両が矢印で示された方向にのみ進行できることを示すことを意味する。,keep,vague_prompt,標識の意味は正しい。画像なしの名称問題,,道路標識、区画線及び道路標示に関する命令,,,
f311,futsuu_nirin,signs,2,円形で青地に白の矢印の「指定方向外進行禁止（直進のみ）」の標識について、正しい説明はどれか。,0:原動機付自転車や自転車など特定の車両が通行すべき車両通行帯を指定する / 1:前方に十字路（交差点）があることを予告し、注意を促す / 2:矢印で示された方向（直進）以外への進行を禁止する / 3:車両の駐車と停車の両方を禁止する,2:矢印で示された方向（直進）以外への進行を禁止する,「指定方向外進行禁止（直進のみ）」は規制標識（円形・青地に白の矢印）で、矢印で示された方向（直進）以外への進行を禁止することを意味する。,keep,vague_prompt,標識の意味は正しい。画像なしの名称問題,,道路標識、区画線及び道路標示に関する命令,,,
f312,futsuu_nirin,signs,3,「十字路あり」の標識の意味として正しいのはどれか。,0:一方通行路の出口などに設置され、車両がその方向へ進入することを禁止する / 1:原動機付自転車や自転車など特定の車両が通行すべき車両通行帯を指定する / 2:前方の道路に落石のおそれがあることを予告する / 3:前方に十字路（交差点）があることを予告し、注意を促す,3:前方に十字路（交差点）があることを予告し、注意を促す,「十字路あり」は警戒標識（菱形・黄色地に黒の十字の絵）で、前方に十字路（交差点）があることを予告し、注意を促すことを意味する。,keep,vague_prompt,標識の意味は正しい。画像なしの名称問題,,道路標識、区画線及び道路標示に関する命令,,,
f316,futsuu_nirin,signs,1,「車両通行区分」の標識が意味するものとして正しいのはどれか。,0:道路の側端に対して斜めに駐車すべきことを示す / 1:追越しのために道路の右側部分にはみ出して通行することを禁止する（右側部分にはみ出さない追越しは可能） / 2:指定された複数の種類の車両の通行を禁止する / 3:車両の種類ごとに通行すべき車両通行帯を指定する,3:車両の種類ごとに通行すべき車両通行帯を指定する,「車両通行区分」は指示標識（円形・青地に白の矢印と車両の絵）で、車両の種類ごとに通行すべき車両通行帯を指定することを意味する。,keep,vague_prompt,標識の意味は正しい。画像なしの名称問題,,道路標識、区画線及び道路標示に関する命令,,,
f317,futsuu_nirin,signs,2,菱形で黄色地に黒のレールと車輪の絵の「踏切あり」の標識について、正しい説明はどれか。,0:前方に踏切があることを予告し、通過時の注意を促す / 1:道路の側端に対して直角に駐車すべきことを示す / 2:前方にT字路があることを予告し、注意を促す / 3:その道路が交差点において優先道路であることを示す,0:前方に踏切があることを予告し、通過時の注意を促す,「踏切あり」は警戒標識（菱形・黄色地に黒のレールと車輪の絵）で、前方に踏切があることを予告し、通過時の注意を促すことを意味する。,keep,vague_prompt,標識の意味は正しい。画像なしの名称問題,,道路標識、区画線及び道路標示に関する命令,,,
f320,futsuu_nirin,signs,2,円形で青地に白の歩行者の絵の「歩行者専用」の標識について、正しい説明はどれか。,0:道路の中央の位置を示す線であることを示す / 1:二輪の自動車と原動機付自転車の通行を禁止する / 2:車両の駐車を禁止する（短時間の停車は可能） / 3:歩行者専用の道路であり、車両の通行を禁止する,3:歩行者専用の道路であり、車両の通行を禁止する,「歩行者専用」は規制標識（円形・青地に白の歩行者の絵）で、歩行者専用の道路であり、車両の通行を禁止することを意味する。,keep,vague_prompt,標識の意味は正しい。画像なしの名称問題,,道路標識、区画線及び道路標示に関する命令,,,
f322,futsuu_nirin,signs,1,「最低速度」の標識が意味するものとして正しいのはどれか。,0:車両がただちに停止できるような速度まで速度を落として進行しなければならないことを示す / 1:その数字を下回る速度での走行を禁止する（高速道路等に設置） / 2:歩行者専用の道路であり、車両の通行を禁止する / 3:歩行者・車両を問わず、すべての通行が禁止されていることを示す,1:その数字を下回る速度での走行を禁止する（高速道路等に設置）,「最低速度」は規制標識（円形・青地に白字で数字）で、その数字を下回る速度での走行を禁止する（高速道路等に設置）ことを意味する。,keep,vague_prompt,標識の意味は正しい。画像なしの名称問題,,道路標識、区画線及び道路標示に関する命令,,,
f325,futsuu_nirin,signs,1,「車両横断禁止」の標識が意味するものとして正しいのはどれか。,0:車両が道路を横断（右左折を除く進路変更）することを禁止する / 1:自転車が道路を横断するための場所であることを示す / 2:見通しの悪い区間など、必要に応じて警音器を鳴らすべき区間であることを示す / 3:路面電車の軌道敷内を車両が通行できることを示す,0:車両が道路を横断（右左折を除く進路変更）することを禁止する,「車両横断禁止」は規制標識（円形・青地に赤の斜線と矢印）で、車両が道路を横断（右左折を除く進路変更）することを禁止することを意味する。,keep,vague_prompt,標識の意味は正しい。画像なしの名称問題,,道路標識、区画線及び道路標示に関する命令,,,
f327,futsuu_nirin,signs,3,「落石のおそれあり」の標識の意味として正しいのはどれか。,0:歩行者の通行を禁止する / 1:路線バス等が優先的に通行する車両通行帯であることを示す / 2:前方の道路に落石のおそれがあることを予告する / 3:自転車を除く軽車両（荷車など）の通行を禁止する,2:前方の道路に落石のおそれがあることを予告する,「落石のおそれあり」は警戒標識（菱形・黄色地に黒の落石の絵）で、前方の道路に落石のおそれがあることを予告することを意味する。,keep,vague_prompt,標識の意味は正しい。画像なしの名称問題,,道路標識、区画線及び道路標示に関する命令,,,
f331,futsuu_nirin,signs,1,「学校・幼稚園・保育所等あり」の標識が意味するものとして正しいのはどれか。,0:前方にロータリー（環状交差点）があることを予告する / 1:停止すべき位置を示す / 2:付近に学校・幼稚園・保育所等があり、児童・幼児の飛び出し等に注意すべきことを示す / 3:路線バス等が優先的に通行する車両通行帯であることを示す,2:付近に学校・幼稚園・保育所等があり、児童・幼児の飛び出し等に注意すべきことを示す,「学校・幼稚園・保育所等あり」は警戒標識（菱形・黄色地に黒の子どもの絵）で、付近に学校・幼稚園・保育所等があり、児童・幼児の飛び出し等に注意すべきことを示すことを意味する。,keep,vague_prompt,標識の意味は正しい。画像なしの名称問題,,道路標識、区画線及び道路標示に関する命令,,,
f337,futsuu_nirin,signs,1,「右方屈曲あり」の標識が意味するものとして正しいのはどれか。,0:前方の道路が右方向に大きく曲がっていることを予告する / 1:路面電車の軌道敷内を車両が通行できることを示す / 2:車両の駐車を禁止する（短時間の停車は可能） / 3:車両が停止線の直前で一時停止しなければならないことを示す,0:前方の道路が右方向に大きく曲がっていることを予告する,「右方屈曲あり」は警戒標識（菱形・黄色地に黒の屈曲矢印）で、前方の道路が右方向に大きく曲がっていることを予告することを意味する。,keep,vague_prompt,標識の意味は正しい。画像なしの名称問題,,道路標識、区画線及び道路標示に関する命令,,,
f338,futsuu_nirin,signs,2,長方形で青地に白の絵の「安全地帯」の標識について、正しい説明はどれか。,0:車両の駐車を禁止する（短時間の停車は可能） / 1:路面電車の停留所などで、歩行者が安全に待機するための場所であることを示す / 2:車両が矢印で示された方向にのみ進行できることを示す / 3:前方の道路が右方向に大きく曲がっていることを予告する,1:路面電車の停留所などで、歩行者が安全に待機するための場所であることを示す,「安全地帯」は指示標識（長方形・青地に白の絵）で、路面電車の停留所などで、歩行者が安全に待機するための場所であることを示すことを意味する。,keep,vague_prompt,標識の意味は正しい。画像なしの名称問題,,道路標識、区画線及び道路標示に関する命令,,,
f339,futsuu_nirin,signs,3,「T字路あり」の標識の意味として正しいのはどれか。,0:車両の種類ごとに通行すべき車両通行帯を指定する / 1:バスなど特定の車両の専用通行帯であることを示し、それ以外の車両の通行を制限する / 2:前方にT字路があることを予告し、注意を促す / 3:車両が道路を横断（右左折を除く進路変更）することを禁止する,2:前方にT字路があることを予告し、注意を促す,「T字路あり」は警戒標識（菱形・黄色地に黒のT字の絵）で、前方にT字路があることを予告し、注意を促すことを意味する。,keep,vague_prompt,標識の意味は正しい。画像なしの名称問題,,道路標識、区画線及び道路標示に関する命令,,,
f341,futsuu_nirin,signs,2,逆三角形で白地に赤枠、赤字の「一時停止」の標識について、正しい説明はどれか。,0:車両が停止線の直前で一時停止しなければならないことを示す / 1:示された方向以外への進行を禁止し、右折を禁止する / 2:路面が滑りやすい状態にあることが多く、注意すべきことを示す / 3:示された方向以外への進行を禁止し、左折を禁止する,0:車両が停止線の直前で一時停止しなければならないことを示す,「一時停止」は規制標識（逆三角形・白地に赤枠、赤字）で、車両が停止線の直前で一時停止しなければならないことを示すことを意味する。,keep,vague_prompt,標識の意味は正しい。画像なしの名称問題,,道路標識、区画線及び道路標示に関する命令,,,
f342,futsuu_nirin,signs,3,「路線バス等優先通行帯」の標識の意味として正しいのはどれか。,0:付近に学校・幼稚園・保育所等があり、児童・幼児の飛び出し等に注意すべきことを示す / 1:路線バス等が優先的に通行する車両通行帯であることを示す / 2:停止すべき位置を示す / 3:前方の道路に落石のおそれがあることを予告する,1:路線バス等が優先的に通行する車両通行帯であることを示す,「路線バス等優先通行帯」は規制標識（円形・青地に白の矢印とバスの絵）で、路線バス等が優先的に通行する車両通行帯であることを示すことを意味する。,keep,vague_prompt,標識の意味は正しい。画像なしの名称問題,,道路標識、区画線及び道路標示に関する命令,,,
f343,futsuu_nirin,signs,1,「自転車横断帯」の標識が意味するものとして正しいのはどれか。,0:道路の側端に対して平行に駐車すべきことを示す / 1:示された方向以外への進行を禁止し、右折を禁止する / 2:自転車が道路を横断するための場所であることを示す / 3:指定された複数の種類の車両の通行を禁止する,2:自転車が道路を横断するための場所であることを示す,「自転車横断帯」は指示標識（長方形・青地に白の自転車の絵）で、自転車が道路を横断するための場所であることを示すことを意味する。,keep,vague_prompt,標識の意味は正しい。画像なしの名称問題,,道路標識、区画線及び道路標示に関する命令,,,
f344,futsuu_nirin,signs,2,円形で青地に白の矢印と特定車両の絵の「特定の種類の車両の通行区分」の標識について、正しい説明はどれか。,0:道路の側端に対して斜めに駐車すべきことを示す / 1:矢印で示された方向（直進）以外への進行を禁止する / 2:歩行者・車両を問わず、すべての通行が禁止されていることを示す / 3:原動機付自転車や自転車など特定の車両が通行すべき車両通行帯を指定する,3:原動機付自転車や自転車など特定の車両が通行すべき車両通行帯を指定する,「特定の種類の車両の通行区分」は指示標識（円形・青地に白の矢印と特定車両の絵）で、原動機付自転車や自転車など特定の車両が通行すべき車両通行帯を指定することを意味する。,keep,vague_prompt,標識の意味は正しい。画像なしの名称問題,,道路標識、区画線及び道路標示に関する命令,,,
f345,futsuu_nirin,signs,3,「専用通行帯」の標識の意味として正しいのはどれか。,0:バスなど特定の車両の専用通行帯であることを示し、それ以外の車両の通行を制限する / 1:道路の側端に対して平行に駐車すべきことを示す / 2:二輪の自動車と原動機付自転車の通行を禁止する / 3:大型貨物自動車や特定中型貨物自動車などの通行を禁止する,0:バスなど特定の車両の専用通行帯であることを示し、それ以外の車両の通行を制限する,「専用通行帯」は規制標識（円形・青地に白の矢印と専用車両の絵）で、バスなど特定の車両の専用通行帯であることを示し、それ以外の車両の通行を制限することを意味する。,keep,vague_prompt,標識の意味は正しい。画像なしの名称問題,,道路標識、区画線及び道路標示に関する命令,,,
f346,futsuu_nirin,signs,1,「すべりやすい」の標識が意味するものとして正しいのはどれか。,0:自転車が道路を横断するための場所であることを示す / 1:路面が滑りやすい状態にあることが多く、注意すべきことを示す / 2:前方にロータリー（環状交差点）があることを予告する / 3:車両のUターン（転回）を禁止する,1:路面が滑りやすい状態にあることが多く、注意すべきことを示す,「すべりやすい」は警戒標識（菱形・黄色地に黒の車両滑走の絵）で、路面が滑りやすい状態にあることが多く、注意すべきことを示すことを意味する。,keep,vague_prompt,標識の意味は正しい。画像なしの名称問題,,道路標識、区画線及び道路標示に関する命令,,,
g006,gentsuki,operation,2,原付車での山道走行について最も注意すべきはどれか。,0:ハイビームで走行 / 1:カーブ前に十分に減速し、低速で走行する / 2:とにかく速く走る / 3:速度は気にせず走行,1:カーブ前に十分に減速し、低速で走行する,山道では原付の性能が限界に達しやすいため、カーブ前の十分な減速と低速走行が必須。,keep,obvious_other,基本事項として妥当,,交通の方法に関する教則 第5章,,,
g007,gentsuki,maintenance,1,原付で必要な点検項目として最も重要なのはどれか。,0:ライトの色 / 1:メーターの精度 / 2:タイヤの溝と空気圧 / 3:塗装の状態,2:タイヤの溝と空気圧,タイヤの溝と空気圧は原付の安全性に直結し、最も重要な点検項目。,keep,"obvious_other,weak_explanation",妥当だが「最も重要」は主観的,,交通の方法に関する教則 第7章,,,
g011,gentsuki,parking,1,原付での駐輪場の利用について正しいのはどれか。,0:歩道に停める / 1:駐輪規制はない / 2:許可された駐輪場のみ使用 / 3:駐輪禁止場所に停める,2:許可された駐輪場のみ使用,原付も自転車同様、許可された駐輪場のみ使用が必須。,keep,"obvious_other,weak_explanation",妥当だが一般的,,道路交通法 第45条,,,
g012,gentsuki,operation,2,原付での急ハンドルの危険性について正しいのはどれか。,0:特に危険ではない / 1:速度が上がる / 2:安定性が増す / 3:転倒やスリップを引き起こす,3:転倒やスリップを引き起こす,原付での急ハンドルは、タイヤグリップの低下により転倒やスリップを引き起こす。,keep,obvious_other,妥当。g086が重複,,交通の方法に関する教則 第7章,,,
g014,gentsuki,operation,2,原付でのブレーキング時の操作について最も安全なのはどれか。,0:後ろブレーキだけを使用 / 1:前後ブレーキを段階的に併用 / 2:エンジンブレーキのみ / 3:前ブレーキだけを強く握る,1:前後ブレーキを段階的に併用,原付のブレーキは前後をバランスよく使用することで、安定した制動が得られる。,keep,obvious_other,妥当,,交通の方法に関する教則 第5章,,,
g015,gentsuki,rules,1,原付での飲酒運転について正しいのはどれか。,0:少量なら許可 / 1:判断は個人に任せられる / 2:完全禁止 / 3:近距離なら許可,2:完全禁止,飲酒運転は原付でも道路交通法により完全に禁止されている。,keep,obvious_other,基本事項として妥当,,道路交通法 第65条,,,
g018,gentsuki,operation,2,原付で白線や段差を踏んだ場合に起きやすいのはどれか。,0:加速する / 1:スリップしやすくなる / 2:何も起こらない / 3:ブレーキが強くなる,1:スリップしやすくなる,原付は白線や段差でスリップしやすいため、これらを避けることが重要。,keep,obvious_other,妥当（g073と重複気味）,,交通の方法に関する教則 第5章,,,
g021,gentsuki,hazard_prediction,1,原付での視認性向上のための対策で最も重要なのはどれか。,0:ウェアの色を目立たせ、ライトを点灯する / 1:走行速度を上げる / 2:エンジン音を大きくする / 3:クラクションを多く鳴らす,0:ウェアの色を目立たせ、ライトを点灯する,原付の視認性向上には、目立つウェアの着用と常時ライト点灯が最も効果的。,keep,"obvious_other,obvious_longest",妥当だが正解が最も具体的,,交通の方法に関する教則 第5章,,,
g022,gentsuki,hazard_prediction,2,原付での長距離走行時に最も注意すべきはどれか。,0:走行速度を上げる / 1:眠気と疲労管理、定期的な休息 / 2:距離を気にせず走行 / 3:休息は不要,1:眠気と疲労管理、定期的な休息,原付での長距離走行は眠気と疲労による事故リスクが高いため、定期的な休息が必須。,keep,obvious_other,妥当,,交通の方法に関する教則 第3章,,,
g023,gentsuki,rules,1,原付での赤信号について正しいのはどれか。,0:右折なら進める / 1:徐行して進むことができる / 2:完全に停止する必要がある / 3:停止線の先まで進める,2:完全に停止する必要がある,赤信号では原付も完全に停止する必要がある。,keep,obvious_other,基本事項として妥当,,道路交通法 第7条,,,
g026,gentsuki,hazard_prediction,2,原付でのガード下での走行について正しいのはどれか。,0:速度を上げて通過 / 1:低速で落下物に注意 / 2:ライトを消す / 3:特に注意不要,1:低速で落下物に注意,ガード下は落下物リスクと視認性低下があるため、低速での慎重走行が必須。,keep,obvious_other,妥当,,交通の方法に関する教則 第5章,,,
g027,gentsuki,rules,1,原付での車線変更について正しいのはどれか。,0:自由に変更できる / 1:変更前に加速 / 2:目視確認とウインカーの併用が必須 / 3:ウインカーで十分,2:目視確認とウインカーの併用が必須,車線変更は、必ず目視確認をしながらウインカーで合図することが必須。,keep,obvious_other,妥当,,道路交通法 第26条の2,,,
g029,gentsuki,operation,1,原付でのバックミラーについて正しいのはどれか。,0:バックミラーと肩越し目視の併用が必須 / 1:バックミラーは装備不要 / 2:バックミラーのみで充分 / 3:目視確認不要,0:バックミラーと肩越し目視の併用が必須,バックミラーだけでは死角があるため、肩越しの目視確認も必須。,keep,obvious_other,妥当,,交通の方法に関する教則 第4章,,,
g030,gentsuki,operation,2,原付での雪道走行について最も危険なのはどれか。,0:ヘッドライト点灯 / 1:急ハンドルと急ブレーキ / 2:ゆっくり走行 / 3:通常速度での走行,1:急ハンドルと急ブレーキ,雪道での急ハンドルと急ブレーキは極めて危険であり、スリップ転倒の原因。,keep,obvious_other,妥当,,交通の方法に関する教則 第7章,,,
g031,gentsuki,signs,2,原付での一時停止標識について正しいのはどれか。,0:徐行して進んでもよい / 1:停止する必要なし / 2:完全に停止する必要がある / 3:夜間は停止不要,2:完全に停止する必要がある,一時停止標識がある場所では完全に停止し、周囲確認後に進むこと。,keep,obvious_other,妥当（g123と重複）,,道路交通法 第43条,,,
g033,gentsuki,parking,1,原付でのサイドスタンドについて正しいのはどれか。,0:駐車時に左側に立てる / 1:スタンドなしで駐車 / 2:走行中も下したまま走行可 / 3:センタースタンドのみ使用,0:駐車時に左側に立てる,原付のサイドスタンドは左側に立て、エンジンは切った状態で駐車。,keep,obvious_other,妥当,,,,,
g036,gentsuki,operation,2,原付での下り坂での走行について最も安全なのはどれか。,0:クラッチを切る / 1:ニュートラルでフリー走行 / 2:フットブレーキで素早く減速 / 3:エンジンブレーキを活用,3:エンジンブレーキを活用,下り坂ではエンジンブレーキを活用することで、ブレーキの過熱を防げる。,keep,obvious_other,妥当,,交通の方法に関する教則 第5章,,,
g037,gentsuki,operation,1,原付での手放し運転について正しいのはどれか。,0:道路交通法により禁止 / 1:片手なら許可 / 2:短時間なら許可 / 3:停止線前なら許可,0:道路交通法により禁止,原付の手放し運転は道路交通法により禁止されており、安全な操作が必須。,keep,obvious_other,妥当,,,,,
g039,gentsuki,license_system,1,原付での登録について正しいのはどれか。,0:登録不要 / 1:警察への登録 / 2:市町村への登録が必須 / 3:自動的に登録される,2:市町村への登録が必須,原付は市町村への登録が必須であり、登録証の携行が必要。,keep,obvious_other,妥当（標識交付証明書の携行）,,地方税法 第442条,要,,
g043,gentsuki,signs,1,原付での右折禁止標識を見た場合の対処は。,0:徐行して右折する / 1:夜間なら右折可能 / 2:右折できない / 3:右折する,2:右折できない,右折禁止標識がある場所での右折は違反。別のルートを選択する必要がある。,keep,obvious_other,妥当,,道路標識,,,
g049,gentsuki,operation,2,原付車での左折時の正しい走行方法は。,0:左側に寄った後、十分に速度を落とし、小さくカーブを描く / 1:左側に寄らず、広くカーブを描く / 2:左折表示を出したら速度を落とさない / 3:左側に寄り、信号待ちして、その後直進,0:左側に寄った後、十分に速度を落とし、小さくカーブを描く,原付での左折は左側に寄り、十分に速度を低下させてから小さくカーブを描くことが安全。,keep,obvious_other,妥当（g010と重複）,,交通の方法に関する教則 第4章,,,
g050,gentsuki,operation,2,原付車でカーブを走行する場合の注意点で正しいのはどれか。,0:カーブの内側を走ることが安全 / 1:カーブ手前で十分に速度を落とすことが重要 / 2:カーブの途中でブレーキをかけるのは効果的 / 3:濡れたカーブでもドライ時と同じスピードで走行,1:カーブ手前で十分に速度を落とすことが重要,カーブは進入前に速度を落とし、走行中のブレーキは避けるべき。カーブ内でのブレーキはスリップのリスク。,keep,obvious_other,妥当,,交通の方法に関する教則 第5章,,,
g053,gentsuki,operation,2,雨の日に原付で走行する場合の注意点で最も正しいのはどれか。,0:ブレーキ距離が著しく延びる / 1:ライト点灯は不要 / 2:タイヤグリップは通常と変わらない / 3:スピードを上げることで安定性が増す,0:ブレーキ距離が著しく延びる,雨天時はタイヤグリップが低下し、ブレーキ距離が大幅に延びるため、速度低下が必須。,keep,obvious_other,妥当,,交通の方法に関する教則 第7章,,,
g054,gentsuki,hazard_prediction,1,朝霧が発生している道路での走行で必要な対応は。,0:霧は時間で消えるので待つ / 1:スピードを十分に落とし、ライトを点灯させる / 2:スピードを上げてクラクションを鳴らす / 3:スピードは変えず、ライトを消す,1:スピードを十分に落とし、ライトを点灯させる,霧の中では視界が悪くなるため、スピード低下とライト点灯が必須。,keep,obvious_other,妥当,,交通の方法に関する教則 第7章,,,
g058,gentsuki,hazard_prediction,2,原付での横風の影響を受ける場所は。,0:交差点のみ / 1:橋やトンネル出口、高架下など / 2:曲がり角のない場所 / 3:平坦な道路のみ,1:橋やトンネル出口、高架下など,橋、トンネル出口、高架下は風が集中しやすく、横風の影響が大きい危険箇所。,keep,obvious_other,妥当,,交通の方法に関する教則 第5章,,,
g063,gentsuki,operation,2,原付でのアクセル操作で危険なのはどれか。,0:緩やかにアクセルを回す / 1:カーブ手前でアクセルを控える / 2:停止状態から急激にアクセルを全開にする / 3:下り坂でアクセルを緩める,2:停止状態から急激にアクセルを全開にする,急激なアクセル全開はホイールスピンやバイクの不安定化につながる。,keep,obvious_other,妥当,,,,,
g064,gentsuki,emergency,2,原付の走行中にパンクした場合の最初の対応は。,0:急ブレーキをかける / 1:アクセルを全開にして加速 / 2:そのまま走行を続ける / 3:落ち着いて徐々に減速し、安全な場所に停止する,3:落ち着いて徐々に減速し、安全な場所に停止する,パンク時は急ブレーキを避け、落ち着いて減速し安全な場所に停止することが重要。,keep,obvious_other,妥当,,交通の方法に関する教則 第9章,,,
g066,gentsuki,operation,2,原付での急ブレーキで起こりやすいのは。,0:安全な停止 / 1:前輪ロック / 2:バイクの安定性向上 / 3:前輪グリップ向上,1:前輪ロック,急ブレーキは前輪をロックさせスリップの原因となり、危険。,keep,obvious_other,妥当,,,,,
g071,gentsuki,operation,3,原付での雨天時にスリップを感じた場合の対応は。,0:急ブレーキをかける / 1:加速して脱出 / 2:落ち着いてアクセルを緩め、バイクの安定を待つ / 3:すぐに大きくハンドルを切る,2:落ち着いてアクセルを緩め、バイクの安定を待つ,スリップ時は急操作を避け、落ち着いてアクセルを緩め、バイク自体の安定を優先。,keep,obvious_other,妥当,,,,,
g079,gentsuki,operation,2,原付での路面水溜りを走行する場合の注意は。,0:そのまま最速で走行 / 1:避けられなければ停止 / 2:スピードを落とし、徐々に通過 / 3:加速して通過,2:スピードを落とし、徐々に通過,水溜りはスリップのリスク。速度低下と慎重な走行が必須。,keep,obvious_other,妥当,,,,,
g083,gentsuki,maintenance,2,原付でタイヤ空気圧が低い場合の影響は。,0:スピード向上 / 1:燃費が向上 / 2:グリップ低下とバイク不安定化 / 3:影響なし,2:グリップ低下とバイク不安定化,タイヤ空気圧不足はグリップ低下、スリップリスク、走行不安定化を招く。,keep,obvious_other,妥当,,,,,
g084,gentsuki,operation,1,原付での砂利道走行での危険は。,0:安全走行可能 / 1:影響なし / 2:グリップ向上 / 3:スリップリスク高い,3:スリップリスク高い,砂利道はタイヤグリップが大幅に低下し、スリップのリスクが極めて高い。,keep,obvious_other,妥当,,,,,
g085,gentsuki,maintenance,1,原付でエンジンオイルの定期交換が必要な理由は。,0:エンジン保護と潤滑性能維持 / 1:環境保全のみ / 2:費用削減 / 3:走行スピード向上,0:エンジン保護と潤滑性能維持,定期的なオイル交換はエンジンの潤滑と冷却を保ち、エンジン寿命延長に必須。,keep,obvious_other,妥当,,,,,
g089,gentsuki,rules,2,原付での右左折表示について正しいのは。,0:曲がり始める30m以上手前から出す / 1:曲がる直前に出す / 2:曲がるはるか前から出す / 3:表示は不要,0:曲がり始める30m以上手前から出す,右左折表示は曲がり始める30m以上前から出すことが法定要件。,keep,obvious_other,妥当（30m手前）,,道路交通法施行令 第21条,要,,
g099,gentsuki,hazard_prediction,1,原付での心身の不調時の走行について。,0:走行は自由 / 1:少しなら問題ない / 2:完全に回復してから走行する / 3:ゆっくり走れば大丈夫,2:完全に回復してから走行する,心身の不調は判断力低下と反応時間延長を招き、走行は厳禁。,keep,obvious_other,妥当,,道路交通法 第66条,,,
g100,gentsuki,hazard_prediction,2,原付での薬物摂取後の運転について。,0:風邪薬なら大丈夫 / 1:医療用薬は問題ない / 2:すべての薬は安全 / 3:処方薬でも運転不可の場合がある,3:処方薬でも運転不可の場合がある,医療用含め、一部の薬物は眠気や判断力低下を招き、運転が禁止される場合がある。,keep,obvious_other,妥当,,道路交通法 第66条,,,
g106,gentsuki,operation,2,原付での前方車両との距離で最も重要なのは。,0:0.5m / 1:十分なブレーキ距離 / 2:1m / 3:速度関係なく同じ,1:十分なブレーキ距離,前方車の急停止時に対応できるだけのブレーキ距離確保が最重要。,keep,obvious_other,妥当,,,,,
g111,gentsuki,rules,1,原付での交差点進入時の注意で最も重要なのは。,0:スピードは関係ない / 1:ウインカー点灯のみ / 2:信号確認と周囲確認 / 3:加速して通過,2:信号確認と周囲確認,交差点は事故多発地。信号と周囲の車・歩行者確認が最優先。,keep,obvious_other,妥当,,,,,
g117,gentsuki,operation,2,原付での雨天時のカーブ走行での注意は。,0:スピードを大幅に落とす / 1:クラクション連続 / 2:ハイビーム使用 / 3:通常より加速,0:スピードを大幅に落とす,雨天時のカーブはスリップリスク最高。スピード大幅低下が不可欠。,keep,obvious_other,妥当（g050と近い）,,,,,
g121,gentsuki,emergency,1,原付での緊急車両（救急車・消防車・パトカー）への対応は。,0:左側に寄り停止 / 1:ウインカーのみ出す / 2:加速して先に進む / 3:そのまま走行継続,0:左側に寄り停止,緊急車両が接近してきたときは、交差点を避け、道路の左側に寄って一時停止することが道路交通法上の義務（一方通行路など、左に寄るとかえって緊急車両の妨げになる場合を除く）。,keep,obvious_other,妥当,,道路交通法 第40条,,,
g128,gentsuki,license_system,2,原付での交通規則違反での累積点数制度について。,0:違反に罰金のみ / 1:違反1回で即免許停止 / 2:点数制度は存在しない / 3:点数累積で免許取消や停止,3:点数累積で免許取消や停止,道路交通法の点数制度により、累積点数で免許停止や取消が決定される。,keep,obvious_other,妥当,,道路交通法 第103条,,,
g137,gentsuki,signs,1,原付での停止線について正しいのは。,0:停止線を越えないよう、その直前で停止 / 1:停止線を少し超えて停止 / 2:停止線の位置は目安 / 3:停止線を越えて停止,0:停止線を越えないよう、その直前で停止,停止線を越えないよう、その直前で安全に停止することが道路交通法の要件。,keep,"obvious_other,topic_mismatch",妥当。標示なのでsignsも可,,道路交通法 第38条,,,
g138,gentsuki,operation,2,原付での後退走行時の最優先事項は。,0:ウインカー点灯は不要 / 1:後方の人や障害物確認が最優先 / 2:速く後退する / 3:スピード感,1:後方の人や障害物確認が最優先,後退時は歩行者や物体との接触が最大のリスク。十分な確認が必須。,keep,obvious_other,妥当,,,,,
g139,gentsuki,rules,1,原付での逆走について正しいのは。,0:短距離なら許可 / 1:深夜なら許可 / 2:完全禁止 / 3:一方通行でない道路なら可能,2:完全禁止,逆走は重大な違反であり、あらゆる状況で禁止。,keep,obvious_other,妥当,,道路交通法 第17条,,,
g140,gentsuki,rules,2,原付でペダル自転車を追い越す場合の注意は。,0:接近してアクセル全開 / 1:クラクションで警告 / 2:接近してウインカー点灯 / 3:十分な横距離を取り、低速で追い越す,3:十分な横距離を取り、低速で追い越す,自転車追い越しは十分な横距離とゆっくりな走行が安全。,keep,obvious_other,妥当,,道路交通法 第18条,,,
g141,gentsuki,hazard_prediction,1,原付での路面凍結時の走行について正しいのは。,0:走行を避け、徐行するか停止する / 1:スピードを上げる / 2:ライトを消す / 3:通常速度で走行,0:走行を避け、徐行するか停止する,凍結路面は極めて滑りやすく、走行回避か超低速での走行が必須。,keep,obvious_other,妥当,,,,,
g144,gentsuki,operation,3,原付でのハンドルの正しい握り方について。,0:片手で握る / 1:両手で力強く握る / 2:手を放す / 3:両手で軽く保持し、リラックス,3:両手で軽く保持し、リラックス,ハンドルは両手で軽く保持し、余分な力を入れないことで細かい操作が可能。,keep,obvious_other,妥当,,,,,
g146,gentsuki,maintenance,2,原付での反射板の役割について正しいのは。,0:スピード向上 / 1:夜間走行時の視認性向上 / 2:不要 / 3:装飾用,1:夜間走行時の視認性向上,反射板は他の道路利用者による視認性を大幅に向上させ、夜間事故防止に不可欠。,keep,"obvious_other,weak_explanation",妥当だが一般的,,,,,
g148,gentsuki,operation,2,原付での横転リスクが最も高いのは。,0:直進加速 / 1:直線走行 / 2:低速カーブ / 3:高速カーブ走行,3:高速カーブ走行,高速でのカーブ走行は遠心力と旋回による重心移動で横転リスクが最大。,keep,obvious_other,妥当,,,,,
g152,gentsuki,hazard_prediction,2,原付での滑りやすい路面で最も危険なのは。,0:アスファルト / 1:砂利 / 2:土道 / 3:白線・マンホール・グレーチング,3:白線・マンホール・グレーチング,白線・マンホール・グレーチングなど金属表面や水を含む箇所は特に滑りやすい。,keep,obvious_other,妥当,,,,,
g153,gentsuki,hazard_prediction,1,原付での走行中のウインカー誤操作での対応は。,0:即座に解除し、正しい方向を指示 / 1:そのまま続ける / 2:ハンドル操作 / 3:速度を上げる,0:即座に解除し、正しい方向を指示,ウインカー誤操作に気付いたら即座に解除し、正しい意思表示をすることが重要。,keep,obvious_other,妥当,,,,,
g155,gentsuki,operation,1,原付での蛇行走行について。,0:夜間なら許可 / 1:走行幅を活用して効率的 / 2:蛇行走行は違反且つ危険 / 3:低速なら許可,2:蛇行走行は違反且つ危険,蛇行走行は道路交通法違反であり、極めて危険。,keep,obvious_other,妥当,,道路交通法 第70条,,,
g158,gentsuki,rules,2,原付でのトンネル走行時の注意点は。,0:スピード上げる / 1:ライト点灯と速度低下 / 2:ライト点灯は不要 / 3:目を閉じる,1:ライト点灯と速度低下,トンネル内はライト点灯で視認性を確保し、速度低下で安全性を高める。,keep,obvious_other,妥当,,道路交通法 第52条,,,
g161,gentsuki,emergency,1,原付での異音・異臭の対応は。,0:安全な場所に停止して点検が必須 / 1:加速して確認 / 2:無視して走行 / 3:帰宅後確認,0:安全な場所に停止して点検が必須,エンジン異音や異臭は重大な機械トラブルの兆候。即座に停止して点検が必須。,keep,obvious_other,妥当,,,,,
g166,gentsuki,hazard_prediction,2,原付での学校・病院前での走行注意点。,0:クラクション鳴らし続ける / 1:歩行者多く、超低速で最大警戒 / 2:スピード無制限 / 3:通常速度,1:歩行者多く、超低速で最大警戒,学校・病院前は児童・患者など危険要因が多く、最大警戒と超低速が必須。,keep,obvious_other,妥当,,道路交通法 第71条,,,
g169,gentsuki,operation,1,原付での脱輪の危険箇所は。,0:側溝・溝・段差周辺 / 1:広大駐車場 / 2:直線路 / 3:平坦道,0:側溝・溝・段差周辺,側溝や段差周辺での転倒・脱輪リスクが特に高い。,keep,obvious_other,妥当,,,,,
g170,gentsuki,emergency,2,原付での非常時の停止位置で最適なのは。,0:カーブ内 / 1:路肩・広い場所で安全確保後停止 / 2:走行車線内 / 3:交差点内,1:路肩・広い場所で安全確保後停止,故障や事故時は路肩など安全な場所への移動が最優先。,keep,obvious_other,妥当,,,,,
g172,gentsuki,rules,2,原付での歩行者保護の最優先順位は。,0:自分の走行優先 / 1:判断は個人 / 2:相手も考慮 / 3:歩行者の安全を最優先,3:歩行者の安全を最優先,道路交通法では歩行者保護が最高の優先順位。衝突回避が最優先。,keep,obvious_other,妥当,,,,,
g174,gentsuki,operation,2,原付での路面の段差での走行注意。,0:問題なし / 1:段差への激突はタイヤ損傷・転倒リスク / 2:加速する / 3:通常走行,1:段差への激突はタイヤ損傷・転倒リスク,段差への激突はタイヤパンク、バイク損傷、転倒のリスクが高い。,keep,obvious_other,妥当,,,,,
g175,gentsuki,emergency,1,原付での消音器脱落での走行は。,0:短距離なら可 / 1:走行可能 / 2:危険な騒音でありそのまま走行禁止 / 3:一時的に許可,2:危険な騒音でありそのまま走行禁止,消音器脱落は違法な騒音発生により走行禁止。即座に修理が必須。,keep,obvious_other,妥当,,,,,
g201,gentsuki,operation,1,急ブレーキをかけるとき、原付の操作として最も適切なのはどれか。,0:前輪と後輪の両方のブレーキを同時にかける / 1:ハンドルを大きく切りながら止まる / 2:前輪ブレーキだけを強く握る / 3:後輪ブレーキだけを踏む,0:前輪と後輪の両方のブレーキを同時にかける,前後輪のブレーキを同時に使うことで車体を安定させながら制動距離を短くできる。片方だけの急な操作は転倒の危険が高い。,keep,,基本事項で問題なし,,交通の方法に関する教則 第5章,,,
g202,gentsuki,operation,1,下り坂を走行するときの原付の運転方法として正しいのはどれか。,0:ニュートラルにしてブレーキだけで下る / 1:低いギアやエンジンブレーキを活用しながら速度を抑える / 2:エンジンを切って惰性で下る / 3:後輪ブレーキだけを使い続けて速度を保つ,1:低いギアやエンジンブレーキを活用しながら速度を抑える,下り坂ではエンジンブレーキを併用することでブレーキの過熱や効きの低下を防ぎ、安定して速度を抑えられる。,keep,,基本事項で問題なし,,交通の方法に関する教則 第5章,,,
g203,gentsuki,operation,1,交差点を右左折する際、方向指示器を出す適切なタイミングはどれか。,0:交差点の直前で急に出す / 1:不要、目視だけで十分 / 2:曲がろうとする地点の約30m手前 / 3:曲がり始めた直後,2:曲がろうとする地点の約30m手前,右左折の際は、その行為をしようとする地点の約30m手前で合図を出すことが定められている。,keep,,右左折は30m手前。数値確認,,道路交通法施行令 第21条,要,,
g204,gentsuki,operation,1,発進前に行う確認として適切なのはどれか。,0:前方だけを見て発進する / 1:対向車が来なければ何も確認しなくてよい / 2:エンジン音だけで安全を判断する / 3:ミラーで後方を確認し、さらに目視で死角も確認する,3:ミラーで後方を確認し、さらに目視で死角も確認する,ミラーには映らない死角があるため、発進前はミラー確認に加えて目視で死角を確認する必要がある。,keep,,基本事項で問題なし,,交通の方法に関する教則 第5章,,,
g207,gentsuki,operation,2,前方の車を追い越すときの原付の行動として正しいのはどれか。,0:前の車の左側から追い越す / 1:追い越し前の合図は不要である / 2:右側の安全を確認し、合図をしてから追い越す / 3:見通しの悪いカーブや交差点付近でも追い越してよい,2:右側の安全を確認し、合図をしてから追い越す,追い越しは原則として右側から行い、後方や対向車の安全を確認したうえで合図を出してから行う必要がある。,keep,,基本事項で問題なし,,交通の方法に関する教則 第5章,,,
g208,gentsuki,operation,2,濡れた路面での原付の運転として適切なのはどれか。,0:タイヤの接地を気にせず通常通り走る / 1:普段より速度を上げて水はねを避ける / 2:ブレーキを強く一気にかけて止まる / 3:速度を落とし、急な操作を避けて車間距離を広くとる,3:速度を落とし、急な操作を避けて車間距離を広くとる,濡れた路面はタイヤのグリップが低下するため、速度を落とし、急ブレーキや急ハンドルを避けて車間距離を広くとることが安全につながる。,keep,"near_dup,obvious_longest",g194と同趣旨,,交通の方法に関する教則 第5章,,,
g209,gentsuki,operation,2,夜間に原付を運転するときに注意すべきことはどれか。,0:対向車や歩行者に配慮してライトの切り替えを行う / 1:ライトは常にハイビームのままでよい / 2:ライトを消して省電力運転をする / 3:夜間は速度を上げて早く目的地に着く,0:対向車や歩行者に配慮してライトの切り替えを行う,夜間は状況に応じてロービームとハイビームを切り替え、対向車や歩行者の視界を妨げないようにする必要がある。,keep,,基本事項で問題なし,,交通の方法に関する教則 第5章,,,
g210,gentsuki,operation,3,砂利道や砂の浮いた路面を走行するときの操作として最も適切なのはどれか。,0:車体を大きく傾けて素早く通過する / 1:なるべく車体を起こしたまま、急なブレーキやハンドル操作を避けて通過する / 2:タイヤの空気圧を気にせず通常通り走る / 3:スピードを上げて一気に抜ける,1:なるべく車体を起こしたまま、急なブレーキやハンドル操作を避けて通過する,砂利や砂の上はタイヤが滑りやすいため、車体を起こした状態を保ち、急な操作を避けて通過することが安全である。,keep,,基本事項で問題なし,,交通の方法に関する教則 第5章,,,
g211,gentsuki,operation,1,踏切を通過するときの原付の運転として正しいのはどれか。,0:スピードを上げて素早く渡る / 1:遮断機が上がっていれば確認せず渡ってよい / 2:踏切の手前で一時停止し、安全を確認してから渡る / 3:踏切内で停止しても問題ない,2:踏切の手前で一時停止し、安全を確認してから渡る,踏切の手前では一時停止して左右の安全を確認し、踏切内で停止することのないよう通過する必要がある。,keep,,基本事項で問題なし,,交通の方法に関する教則 第5章,,,
g212,gentsuki,operation,1,大型車の後ろを走行するときに注意すべきことはどれか。,0:大型車の左側にぴったり並んで走る / 1:車間距離は気にしなくてよい / 2:できるだけ近づいて風よけにする / 3:大型車の死角に入らないようにし、前方視界を確保できる車間をとる,3:大型車の死角に入らないようにし、前方視界を確保できる車間をとる,大型車のすぐ後ろは死角になりやすく前方の状況も見えにくいため、死角を避け十分な車間距離を保つことが必要である。,keep,,基本事項で問題なし,,交通の方法に関する教則 第5章,,,
g213,gentsuki,operation,1,橋の上やトンネルの出口付近で原付が注意すべき自然現象はどれか。,0:強い横風による車体の煽られ / 1:特に注意すべき点はない / 2:気温の変化による視界不良のみ / 3:路面の凍結が必ず発生する,0:強い横風による車体の煽られ,橋の上やトンネルの出口付近では強い横風が吹くことがあり、車体が煽られてふらつく危険があるため、速度を落として備える必要がある。,keep,,基本事項で問題なし,,交通の方法に関する教則 第5章,,,
g214,gentsuki,operation,1,信号のない横断歩道に近づくときの原付の運転方法として正しいのはどれか。,0:横断歩道の手前で加速して先に通過する / 1:横断しようとする歩行者がいないか速度を落として確認する / 2:歩行者がいなければ確認せず通過してよい / 3:歩行者がいても止まらず徐行だけすればよい,1:横断しようとする歩行者がいないか速度を落として確認する,信号のない横断歩道に近づくときは速度を落とし、横断しようとする歩行者がいないか確認して、必要なら停止できるようにする。,keep,,基本事項で問題なし,,交通の方法に関する教則 第5章,,,
g216,gentsuki,operation,2,一時停止の標識がある交差点で発進する際の正しい手順はどれか。,0:停止後すぐに発進すればよい / 1:止まらずに徐行のみで通過する / 2:対向車がなければ停止しなくてもよい / 3:一時停止線で完全に停止し、左右の安全を確認してから発進する,3:一時停止線で完全に停止し、左右の安全を確認してから発進する,一時停止標識のある場所では必ず停止線で完全に停止し、左右の安全を確認したうえで発進する必要がある。,keep,near_dup,g263/g298と同事実(一時停止),,道路交通法 第43条,,,
g217,gentsuki,operation,2,水たまりのある道路を走行するときに考えられる危険として適切なのはどれか。,0:水たまりの下に穴やくぼみが隠れている可能性がある / 1:水たまりを避ける必要はまったくない / 2:水たまりは必ず浅いので気にしなくてよい / 3:水たまりの上では速度を上げたほうが安全である,0:水たまりの下に穴やくぼみが隠れている可能性がある,水たまりの下には路面の穴やくぼみが隠れていることがあるため、速度を落として慎重に通過する必要がある。,keep,,基本事項で問題なし,,交通の方法に関する教則 第5章,,,
g218,gentsuki,operation,2,車線変更を行うときの合図のタイミングとして正しいのはどれか。,0:車線変更が終わってから合図を出す / 1:車線変更しようとする約3秒前に合図を出す / 2:合図は必要に応じて省略してもよい / 3:車線変更を始めた後に合図を出す,1:車線変更しようとする約3秒前に合図を出す,車線変更をしようとするときは、その約3秒前に合図を出して周囲に知らせる必要がある。,keep,near_dup,進路変更は約3秒前。g203と別事実,,道路交通法施行令 第21条,要,,
g219,gentsuki,operation,2,見通しの悪い交差点に進入する際の運転方法として適切なのはどれか。,0:対向車がいなければそのまま通過してよい / 1:目視確認をせずミラーだけで十分である / 2:徐行し、左右から出てくる車や歩行者に備える / 3:速度を落とさず一気に通過する,2:徐行し、左右から出てくる車や歩行者に備える,見通しの悪い交差点では徐行し、左右から不意に出てくる車両や歩行者に対応できるようにしておく必要がある。,keep,,基本事項で問題なし,,交通の方法に関する教則 第5章,,,
g220,gentsuki,operation,3,原付でUターンをするときに注意すべきことはどれか。,0:見通しの悪い場所でも問題なく行える / 1:Uターンは合図をしなくてもよい / 2:対向車が来ていなければ確認は不要である / 3:周囲の安全を確認し、合図を出してから行う,3:周囲の安全を確認し、合図を出してから行う,Uターンは周囲の交通に大きな影響を与えるため、安全確認と合図を徹底し、見通しの悪い場所では避ける必要がある。,keep,,基本事項で問題なし,,交通の方法に関する教則 第5章,,,
g221,gentsuki,operation,1,制動距離について正しい説明はどれか。,0:速度が上がるほど制動距離は長くなる / 1:速度に関わらず制動距離は一定である / 2:速度が上がるほど制動距離は短くなる / 3:制動距離は天候に左右されない,0:速度が上がるほど制動距離は長くなる,速度が上がるほどブレーキをかけてから停止するまでの制動距離は長くなり、路面状況によってもさらに伸びることがある。,keep,,基本事項で問題なし,,交通の方法に関する教則 第5章,,,
g222,gentsuki,operation,1,停止線のある交差点で赤信号に変わりそうな黄色信号に気づいたときの対応として正しいのはどれか。,0:信号の色に関わらず速度を変える必要はない / 1:安全に停止できる場合は停止する / 2:急いで交差点を通過する / 3:黄色信号では加速してよい,1:安全に停止できる場合は停止する,黄色信号は原則として停止すべき合図であり、安全に停止できる場合は停止線の手前で停止する必要がある。,keep,near_dup,g299と同事実(黄信号),,道路交通法施行令 第2条,,,
g223,gentsuki,operation,1,原付でカーブの多い山道を走行するときに心がけるべきことはどれか。,0:対向車線にはみ出して走行してもよい / 1:カーブの数が多いほど速度を上げてよい / 2:カーブの手前でしっかり減速し、見通しの悪いカーブでは対向車にも注意する / 3:カーブでは常に一定の高速で走行する,2:カーブの手前でしっかり減速し、見通しの悪いカーブでは対向車にも注意する,山道のカーブでは手前での十分な減速と、対向車線へのはみ出しを避けた走行が求められる。,keep,,基本事項で問題なし,,交通の方法に関する教則 第5章,,,
g224,gentsuki,operation,1,原付のエンジンが冷えている状態で走り出すときに望ましいのはどれか。,0:エンジンの状態に関係なくいつも通り走ってよい / 1:冷えている間はブレーキを使わないほうがよい / 2:最初から高速で走行して早く温める / 3:しばらく低い速度で走行し、エンジンや各部を慣らしてから通常走行に移る,3:しばらく低い速度で走行し、エンジンや各部を慣らしてから通常走行に移る,エンジンが冷えている状態でいきなり高い負荷をかけると調子を崩しやすいため、しばらく低速で走行してから通常の走行に移ることが望ましい。,keep,,基本事項で問題なし,,交通の方法に関する教則 第5章,,,
g225,gentsuki,operation,2,交差点で対向車が右折待ちをしている場合の直進する原付の心がけとして正しいのはどれか。,0:対向車が急に右折してくることも想定し、備えながら通過する / 1:右折待ちの車には気づかなくてもよい / 2:対向車は絶対に動かないと考えてよい / 3:対向車の存在は無視してよい,0:対向車が急に右折してくることも想定し、備えながら通過する,右折待ちの対向車がこちらの通過前後に右折を開始することもあるため、常に備えながら交差点を通過する必要がある。,keep,,基本事項で問題なし,,交通の方法に関する教則 第5章,,,
g226,gentsuki,operation,2,狭い道路で対向車とすれ違うときの原付の走行として適切なのはどれか。,0:対向車を無視してそのままの速度で走る / 1:速度を落とし、必要に応じて左に寄って安全な間隔をとる / 2:すれ違いのときほど速度を上げるべきである / 3:対向車に道を譲らず中央を走り続ける,1:速度を落とし、必要に応じて左に寄って安全な間隔をとる,狭い道路ですれ違うときは速度を落とし、左側に寄るなどして安全な間隔を確保することが望ましい。,keep,,基本事項で問題なし,,交通の方法に関する教則 第5章,,,
g227,gentsuki,operation,2,原付が急な上り坂で一時停止した後、発進するときに注意すべきことはどれか。,0:上り坂では通常よりゆっくり発進する必要はない / 1:発進時は前方の確認だけで十分である / 2:坂道で後方に下がらないよう、ブレーキと発進操作を適切に行う / 3:坂道では発進時の後退を気にしなくてよい,2:坂道で後方に下がらないよう、ブレーキと発進操作を適切に行う,上り坂での発進時は車体が後方に下がりやすいため、ブレーキ操作とアクセル操作を適切に行い、後退を防ぐ必要がある。,keep,,基本事項で問題なし,,交通の方法に関する教則 第5章,,,
g228,gentsuki,operation,2,原付で信号のある交差点を直進するとき、青信号になった直後の対応として適切なのはどれか。,0:青信号のときは他の車両の動きを見る必要はない / 1:青になった瞬間に周囲を確認せず発進する / 2:青信号では常に最速で発進すべきである / 3:青信号でも周囲の安全を確認してから発進する,3:青信号でも周囲の安全を確認してから発進する,青信号になっても交差点に進入してくる車両や歩行者がいる可能性があるため、周囲の安全を確認してから発進することが大切である。,keep,,基本事項で問題なし,,交通の方法に関する教則 第5章,,,
g229,gentsuki,hazard_prediction,2,前方に駐車中の車がある道路を走行するときに予測すべき危険はどれか。,0:駐車車両のドアが急に開く可能性 / 1:駐車車両は絶対に動かないという安心感 / 2:速度を上げて一気に通過すれば安全という考え方 / 3:駐車車両の陰からは何も出てこないという前提,0:駐車車両のドアが急に開く可能性,駐車中の車のドアが急に開いたり、陰から歩行者が飛び出したりする危険があるため、十分な間隔をとって通過する必要がある。,keep,obvious_other,危険予測として妥当、誤答は絶対表現で自明,,交通の方法に関する教則 第5章,,,
g230,gentsuki,hazard_prediction,3,道路脇で遊んでいる子どもを見かけたときに予測すべき危険はどれか。,0:特に速度を落とす必要はないという判断 / 1:子どもが急に道路へ飛び出してくる可能性 / 2:子どもは常に大人の指示に従って動くという前提 / 3:子どもは自動車の接近に必ず気づいているという前提,1:子どもが急に道路へ飛び出してくる可能性,子どもは危険予測の判断力が未発達なため、急に道路へ飛び出す可能性を常に考えて速度を落とす必要がある。,keep,obvious_other,危険予測として妥当、誤答は絶対表現で自明,,交通の方法に関する教則 第5章,,,
g231,gentsuki,hazard_prediction,1,見通しの悪い交差点に近づくときに予測すべきことはどれか。,0:見通しが悪くても速度を落とす必要はない / 1:交差点の先まで安全が確認できているという前提 / 2:交差する道路から車や歩行者が出てくる可能性 / 3:対向車や横断者は絶対に存在しないという前提,2:交差する道路から車や歩行者が出てくる可能性,見通しの悪い交差点では死角から車両や歩行者が出てくる可能性を常に想定し、徐行して備える必要がある。,keep,"near_dup,obvious_other",g219と同趣旨,,交通の方法に関する教則 第5章,,,
g232,gentsuki,hazard_prediction,1,左折しようとしている大型車の後ろに原付でつく場合、予測すべき危険はどれか。,0:大型車の左側についていれば安全という考え方 / 1:大型車は原付より先に動くことは絶対にない / 2:大型車の陰に入っても視界に影響はないという前提 / 3:大型車の左折時に内輪差で巻き込まれる危険,3:大型車の左折時に内輪差で巻き込まれる危険,大型車が左折する際は内輪差が大きく、左側にいる二輪車が巻き込まれる危険があるため、車の左側に並ばず後方で待つ必要がある。,keep,obvious_other,危険予測として妥当、誤答は絶対表現で自明,,交通の方法に関する教則 第5章,,,
g233,gentsuki,hazard_prediction,1,高齢の歩行者が横断歩道を渡っている場面で予測すべきことはどれか。,0:歩行速度が遅く、渡り切るまでに時間がかかる可能性 / 1:高齢者がいても通常の速度で通過してよい / 2:高齢者は必ず信号の変わり目を正確に把握しているという前提 / 3:高齢者は若者と同じ速さで渡り切るという前提,0:歩行速度が遅く、渡り切るまでに時間がかかる可能性,高齢の歩行者は歩行速度が遅い場合があり、渡り切るまでに時間がかかることを想定して余裕をもって待つ必要がある。,keep,obvious_other,危険予測として妥当、誤答は絶対表現で自明,,交通の方法に関する教則 第5章,,,
g234,gentsuki,hazard_prediction,1,前方を走る自転車を追い越すときに予測すべき危険はどれか。,0:自転車は絶対にふらつかないという前提 / 1:自転車が障害物を避けて急に進路を変える可能性 / 2:自転車との間隔を詰めても問題ないという考え方 / 3:自転車は追い越しの合図を必要としないという前提,1:自転車が障害物を避けて急に進路を変える可能性,自転車は路面の悪路や障害物を避けるために急に進路を変えることがあるため、追い越す際は十分な間隔をとる必要がある。,keep,obvious_other,危険予測として妥当、誤答は絶対表現で自明,,交通の方法に関する教則 第5章,,,
g235,gentsuki,hazard_prediction,2,雨上がりの路面にある白線やマンホールの上を通るときに予測すべき危険はどれか。,0:マンホールの上は速度を上げて通過するほうがよい / 1:白線やマンホールは常に他の路面より滑りにくい / 2:白線やマンホールは乾いた路面より滑りやすくなっている / 3:雨上がりであれば白線の上も安全である,2:白線やマンホールは乾いた路面より滑りやすくなっている,白線やマンホールなどの塗装・金属部分は雨で濡れるとグリップが低下し滑りやすくなるため、通過時は車体を傾けないよう注意する。,keep,obvious_other,危険予測として妥当、誤答は絶対表現で自明,,交通の方法に関する教則 第5章,,,
g236,gentsuki,hazard_prediction,2,夜間の交差点で原付が注意すべき点として適切なのはどれか。,0:街灯があれば他の車両からは必ず視認されている / 1:夜間は速度を上げたほうが安全である / 2:夜間はどの車からも原付がよく見えているという前提でよい / 3:原付は車体が小さく灯火も目立ちにくいため、他の車両に気づかれにくいことを想定する,3:原付は車体が小さく灯火も目立ちにくいため、他の車両に気づかれにくいことを想定する,原付は車体が小さく灯火も目立ちにくいため、夜間は他の車両から見落とされやすいことを想定し、早めの合図や位置取りで存在を知らせる必要がある。,keep,obvious_other,危険予測として妥当、誤答は絶対表現で自明,,交通の方法に関する教則 第5章,,,
g237,gentsuki,hazard_prediction,2,脇道から一時停止せずに進入してくる車両があるかもしれない場面での予測として適切なのはどれか。,0:一時停止を守らず進入してくる車両もあることを想定し備える / 1:脇道の車両より自分が優先だから速度を落とさなくてよい / 2:脇道からの合流には注意を払う必要はない / 3:脇道の車両は必ず一時停止を守るという前提でよい,0:一時停止を守らず進入してくる車両もあることを想定し備える,一時停止を怠って進入してくる車両も現実には存在するため、脇道の出口付近では速度を落として備えることが安全である。,keep,obvious_other,危険予測として妥当、誤答は絶対表現で自明,,交通の方法に関する教則 第5章,,,
g238,gentsuki,hazard_prediction,2,朝夕の時間帯に太陽の光が低い位置から差し込む道路を走行するときに予測すべきことはどれか。,0:太陽の光があるときは速度を上げたほうがよい / 1:自分も他の運転者も逆光で視界が悪くなっている可能性 / 2:逆光の影響は原付には関係がないという前提 / 3:逆光時は歩行者も車両もよく見えているという前提でよい,1:自分も他の運転者も逆光で視界が悪くなっている可能性,朝夕の低い日差しは自分だけでなく周囲の運転者の視界も悪化させるため、速度を落として距離に余裕を持つ必要がある。,keep,obvious_other,危険予測として妥当、誤答は絶対表現で自明,,交通の方法に関する教則 第5章,,,
g239,gentsuki,hazard_prediction,2,路線バスの後ろを走行しているときに予測すべき危険はどれか。,0:バスの停車中は速度を上げて追い越すべきという考え方 / 1:バスの後ろには歩行者は絶対に現れないという前提 / 2:バスから降りた乗客が前方や後方から道路を横断してくる可能性 / 3:バスの陰は視界に影響しないという前提,2:バスから降りた乗客が前方や後方から道路を横断してくる可能性,バスの乗客がバスの前後から横断してくることがあるため、バス停付近を通過する際は速度を落として周囲を確認する必要がある。,keep,"near_dup,obvious_other",g215と同趣旨,,交通の方法に関する教則 第5章,,,
g240,gentsuki,hazard_prediction,3,対向車線で右折の合図を出している車がある交差点を直進するときに予測すべきことはどれか。,0:対向車は必ずこちらの通過を待ってから曲がるという前提 / 1:右折待ちの車があっても速度を落とす必要はない / 2:対向車の合図は無視してよい / 3:対向車が自分の直進より先に右折を始める可能性,3:対向車が自分の直進より先に右折を始める可能性,右折待ちの対向車がタイミングを誤ってこちらの通過前に右折を始めることがあるため、速度を落として備える必要がある。,keep,"near_dup,obvious_other",g225と同趣旨,,交通の方法に関する教則 第5章,,,
g241,gentsuki,hazard_prediction,1,落ち葉が濡れて積もっているカーブを走行するときに予測すべき危険はどれか。,0:濡れた落ち葉の上は非常に滑りやすくなっている / 1:落ち葉の上は速度を上げても問題ないという考え方 / 2:濡れた落ち葉は乾いた路面と同程度の摩擦しかないという前提 / 3:落ち葉は原付の走行に影響しないという前提,0:濡れた落ち葉の上は非常に滑りやすくなっている,濡れた落ち葉が積もった路面は氷のように滑りやすくなることがあるため、速度を落とし車体を傾けすぎないよう注意する必要がある。,keep,obvious_other,危険予測として妥当、誤答は絶対表現で自明,,交通の方法に関する教則 第5章,,,
g242,gentsuki,hazard_prediction,1,大型トラックとすれ違うときに予測すべき危険はどれか。,0:トラックに近づくほど安全であるという考え方 / 1:すれ違う瞬間に発生する強い風であおられる可能性 / 2:トラックとのすれ違いでは風の影響は一切ないという前提 / 3:速度を上げてすれ違ったほうが安定するという考え方,1:すれ違う瞬間に発生する強い風であおられる可能性,大型車とすれ違う瞬間は強い風圧が発生して車体があおられることがあるため、ハンドルをしっかり握り速度を落として備える必要がある。,keep,obvious_other,危険予測として妥当、誤答は絶対表現で自明,,交通の方法に関する教則 第5章,,,
g243,gentsuki,hazard_prediction,1,コンビニなどの駐車場出口付近を走行するときに予測すべき危険はどれか。,0:駐車場の出口からは車が出てこないという前提 / 1:駐車場付近では速度を上げてよいという考え方 / 2:駐車場から車が十分確認せずに出てくる可能性 / 3:駐車場の出口は注意する必要がないという前提,2:駐車場から車が十分確認せずに出てくる可能性,駐車場の出口では運転者の確認が不十分なまま車両が出てくることがあるため、速度を落として備える必要がある。,keep,obvious_other,危険予測として妥当、誤答は絶対表現で自明,,交通の方法に関する教則 第5章,,,
g244,gentsuki,hazard_prediction,1,横断歩道の手前で対向車が停止している場面で予測すべきことはどれか。,0:停止している対向車の前を減速せず通過してよい / 1:対向車の停止は自分には関係がないという前提 / 2:対向車が停止していても歩行者の存在は考えなくてよい / 3:対向車の陰に歩行者が横断しようとしている可能性,3:対向車の陰に歩行者が横断しようとしている可能性,対向車が横断歩道の手前で停止している場合、その陰に歩行者がいて横断しようとしている可能性があるため、速度を落として確認する必要がある。,keep,obvious_other,危険予測として妥当、誤答は絶対表現で自明,,交通の方法に関する教則 第5章,,,
g245,gentsuki,hazard_prediction,2,学校の下校時間帯に通学路を走行するときに予測すべきことはどれか。,0:駐車車両の間から児童が急に飛び出してくる可能性 / 1:下校時間帯でも児童は必ず歩道の内側にいるという前提 / 2:通学路では速度を落とす必要はないという考え方 / 3:児童は車両の接近に必ず気づいているという前提,0:駐車車両の間から児童が急に飛び出してくる可能性,下校時間帯の通学路では駐車車両の間から児童が急に飛び出す可能性があるため、速度を落として周囲に注意を払う必要がある。,keep,obvious_other,危険予測として妥当、誤答は絶対表現で自明,,交通の方法に関する教則 第5章,,,
g246,gentsuki,hazard_prediction,2,道路の両側に車が駐車している狭い道路を走行するときに予測すべきことはどれか。,0:狭い道路では速度を上げて素早く通過するほうがよい / 1:対向車と駐車車両の間で行き違いが難しくなる可能性 / 2:対向車は現れないという前提でよい / 3:駐車車両があっても道幅には影響しないという前提,1:対向車と駐車車両の間で行き違いが難しくなる可能性,両側に駐車車両がある狭い道路では実質的な道幅が狭くなり、対向車との行き違いが難しくなることを想定し、速度を落として備える必要がある。,keep,obvious_other,危険予測として妥当、誤答は絶対表現で自明,,交通の方法に関する教則 第5章,,,
g247,gentsuki,hazard_prediction,2,長く晴天が続いた後に降り始めた雨の路面で予測すべき危険はどれか。,0:降り始めの雨は路面の状態に影響しないという前提 / 1:雨が降り始めた直後の路面は普段より滑りにくいという考え方 / 2:路面にたまった油分やほこりが浮き上がり、非常に滑りやすくなる可能性 / 3:降り始めの雨では速度を上げても問題ないという判断,2:路面にたまった油分やほこりが浮き上がり、非常に滑りやすくなる可能性,長い晴天の後に降り始めた雨は、路面にたまった油分やほこりを浮かせて非常に滑りやすい状態を作るため、特に注意が必要である。,keep,obvious_other,危険予測として妥当、誤答は絶対表現で自明,,交通の方法に関する教則 第5章,,,
g248,gentsuki,hazard_prediction,2,遮断機が上がっている踏切に近づくときに予測すべきことはどれか。,0:踏切の安全確認は遮断機の状態だけで判断してよい / 1:踏切では左右の確認は不要である / 2:遮断機が上がっていれば確認せず通過してよい / 3:遮断機が上がっていても電車が接近している可能性があるため確認が必要,3:遮断機が上がっていても電車が接近している可能性があるため確認が必要,遮断機が上がっていても踏切の安全が完全に保証されているとは限らないため、一時停止して左右の安全を確認する必要がある。,keep,"near_dup,obvious_other",g211と近い。一時停止の要否は教則の通り,,道路交通法 第33条,,,
g249,gentsuki,hazard_prediction,2,大型トラックのすぐ後ろに原付でついて走行するときに予測すべき危険はどれか。,0:前方の視界が遮られ、トラックの急停止や路上の障害物に気づくのが遅れる可能性 / 1:トラックの後ろは風の影響を受けず走りやすいという考え方 / 2:前方視界が遮られても問題はないという前提 / 3:トラックのすぐ後ろは死角がないという前提,0:前方の視界が遮られ、トラックの急停止や路上の障害物に気づくのが遅れる可能性,大型トラックのすぐ後ろは前方視界が遮られ、トラックが急停止したり路上に障害物があったりしても気づくのが遅れる危険があるため、車間距離を十分にとる必要がある。,keep,"near_dup,obvious_other",g212と同趣旨,,交通の方法に関する教則 第5章,,,
g252,gentsuki,rules,1,原付の積載に関する規定として正しいのはどれか。,0:荷物を積むこと自体が禁止されている / 1:荷物の重さに上限は設けられていない / 2:積載できる荷物の重さは50キログラムまでと定められている / 3:積載できる荷物の重さは30キログラムまでと定められている,3:積載できる荷物の重さは30キログラムまでと定められている,原付一種の積載装置に積める荷物の重量は30キログラムまでと定められている。,keep,outdated,30kgは正。原付の定義が古い解説,,道路交通法施行令 第22条,要,,
g253,gentsuki,rules,1,原付が通行できない道路として正しいのはどれか。,0:高速自動車国道 / 1:生活道路 / 2:一方通行の道路 / 3:住宅街の一般道路,0:高速自動車国道,原付一種は高速自動車国道を通行することができず、専用の入口・出口からも進入は認められていない。,keep,,高速自動車国道は通行不可,,道路交通法 第75条の4,,,
g254,gentsuki,rules,1,原付運転時のヘルメット着用について正しいのはどれか。,0:時速20キロメートル未満なら着用しなくてよい / 1:運転者には着用義務がある / 2:雨の日のみ着用義務がある / 3:運転者には着用義務がなく、任意である,1:運転者には着用義務がある,原付の運転者には乗車用ヘルメットの着用が義務付けられており、速度や天候にかかわらず必ず着用しなければならない。,keep,,ヘルメット着用義務は正,,道路交通法 第71条の4,,,
g256,gentsuki,rules,2,車間距離に関する原付の運転者の義務として正しいのはどれか。,0:車間距離は速度に関係なく一定でよい / 1:車間距離を詰めるほど安全性が高まる / 2:前車との距離は特に定められていないので自由でよい / 3:前車が急に停止しても追突しない安全な車間距離を保つ必要がある,3:前車が急に停止しても追突しない安全な車間距離を保つ必要がある,運転者は、前を走る車が急に停止しても追突を避けられるだけの安全な車間距離を保つ義務がある。,keep,weak_explanation,車間距離保持は正,,道路交通法 第26条,,,
g257,gentsuki,rules,2,右左折や進路変更を行うときの合図に関する規定として正しいのはどれか。,0:定められたタイミングで方向指示器などによる合図を行わなければならない / 1:合図は夜間のみ義務付けられている / 2:合図は交差点の中でのみ行えばよい / 3:合図は運転者の判断で省略できる,0:定められたタイミングで方向指示器などによる合図を行わなければならない,右左折や進路変更を行う際は、それぞれ定められたタイミングで方向指示器等による合図を行うことが義務付けられている。,keep,,合図義務は正。合図のタイミングは別問,,道路交通法 第53条,,,
g258,gentsuki,rules,2,信号機の信号に関する原付の運転者の義務として正しいのはどれか。,0:原付は信号機の信号に従う義務はない / 1:原付も四輪車と同様に信号機の信号に従う義務がある / 2:信号機がある交差点でも自分の判断を優先してよい / 3:原付は青信号のときのみ信号に従えばよい,1:原付も四輪車と同様に信号機の信号に従う義務がある,原付も他の車両と同様に道路交通法に基づき信号機の信号に従う義務がある。,keep,obvious_other,信号遵守は基本事項で誤答が自明,,道路交通法 第7条,,,
g261,gentsuki,rules,1,原付を運転するときに携帯すべきものとして正しいのはどれか。,0:運転免許証 / 1:特に携帯する義務のある書類はない / 2:車検証(原付には車検制度自体がない) / 3:健康保険証のみで免許証は不要,0:運転免許証,原付を運転するときは運転免許証を携帯する義務があり、提示を求められた場合に応じられるようにしておく必要がある。,keep,obvious_longest,免許証携帯は正。誤答に括弧書きで当てやすい,誤答2の括弧を削除,道路交通法 第95条,,,
g262,gentsuki,rules,1,飲酒運転に関する原付の規定として正しいのはどれか。,0:飲酒後、少し休めば運転してよい / 1:酒気を帯びた状態での運転は一切認められていない / 2:少量の飲酒であれば運転してもよい / 3:原付は車両が小さいため飲酒運転の規制対象外である,1:酒気を帯びた状態での運転は一切認められていない,原付を含むすべての車両において、酒気を帯びた状態での運転は法律で禁止されている。,keep,obvious_other,酒気帯び運転禁止は正,,道路交通法 第65条,,,
g263,gentsuki,rules,1,「止まれ」の一時停止標識がある場所での運転者の義務として正しいのはどれか。,0:歩行者がいなければ停止は不要である / 1:徐行すれば停止しなくてもよい / 2:停止線の直前で必ず一時停止しなければならない / 3:交通量が少なければ停止しなくてもよい,2:停止線の直前で必ず一時停止しなければならない,一時停止の標識がある場所では、交通状況にかかわらず停止線の直前で必ず一時停止しなければならない。,keep,near_dup,g216/g298と同事実,,道路交通法 第43条,,,
g265,gentsuki,rules,2,サイレンを鳴らして接近する緊急自動車がある場合の原付の対応として正しいのはどれか。,0:進路を譲るなどして緊急自動車の通行を妨げないようにする / 1:緊急自動車を無視してそのまま走行を続けてよい / 2:緊急自動車が近づいても速度を落とす必要はない / 3:道を譲らず進路を優先してよい,0:進路を譲るなどして緊急自動車の通行を妨げないようにする,サイレンを鳴らして接近する緊急自動車に対しては、交差点を避けて一時停止するなど、進路を譲って通行を妨げないようにしなければならない。,keep,,緊急自動車への進路譲りは正,,道路交通法 第40条,,,
g267,gentsuki,rules,2,道路上で複数の車両が速度を競い合う行為に関する規定として正しいのはどれか。,0:深夜であれば認められる / 1:参加者の同意があれば認められる / 2:公道での速度を競い合う行為(共同危険行為等)は禁止されている / 3:交通量が少なければ問題ない,2:公道での速度を競い合う行為(共同危険行為等)は禁止されている,複数の車両が公道で速度を競い合うなどの共同危険行為は法律で明確に禁止されている。,keep,obvious_other,共同危険行為禁止は正,,道路交通法 第68条,,,
g268,gentsuki,rules,2,薬の服用後に原付を運転する場合の注意点として正しいのはどれか。,0:薬の服用と運転の可否は無関係である / 1:処方薬であれば運転に注意する必要はない / 2:どんな薬でも運転には影響しないと考えてよい / 3:眠気などの副作用がある薬を服用した状態での運転は避けるべきである,3:眠気などの副作用がある薬を服用した状態での運転は避けるべきである,眠気などの副作用を伴う薬を服用した状態での運転は正常な運転操作ができないおそれがあるため避けるべきである。,keep,,薬の影響下の運転禁止は正,,道路交通法 第66条,,,
g269,gentsuki,rules,2,信号のない横断歩道に歩行者がいるときの原付の運転者の義務として正しいのはどれか。,0:歩行者の横断を妨げないよう一時停止するなどして道を譲る / 1:歩行者がいても徐行だけすればよい / 2:横断歩道の手前で加速してよい / 3:歩行者より車両の通行が優先される,0:歩行者の横断を妨げないよう一時停止するなどして道を譲る,信号のない横断歩道を横断しようとする歩行者がいるときは、運転者は一時停止するなどして歩行者の横断を妨げてはならない。,keep,,横断歩道の歩行者保護は正,,道路交通法 第38条,,,
g270,gentsuki,parking,3,交差点の側端から5メートル以内における駐車に関する規定として正しいのはどれか。,0:5メートル以内の規定は四輪車のみに適用される / 1:交差点の側端から5メートル以内は駐停車が禁止されている / 2:交差点の側端から5メートル以内でも駐車してよい / 3:交差点付近は駐車禁止だが停車は自由にできる,1:交差点の側端から5メートル以内は駐停車が禁止されている,交差点の側端から5メートル以内の場所は、見通しを妨げ危険であるため駐停車が禁止されている。,keep,,交差点側端5m以内は駐停車禁止,,道路交通法 第44条,要,,
g272,gentsuki,parking,1,他人の家や施設の出入口付近における駐車について正しいのはどれか。,0:出入口付近であれば自由に駐車してよい / 1:出入口付近の駐車は禁止されていない / 2:出入口をふさがなければ距離の規定はない / 3:出入口から3メートル以内は駐車が禁止されている,3:出入口から3メートル以内は駐車が禁止されている,自動車用の出入口から3メートル以内の場所は、車両の出入りを妨げるため駐車が禁止されている。,keep,,出入口3m以内は駐車禁止,,道路交通法 第45条,要,,
g279,gentsuki,maintenance,2,原付のタイヤを点検するときに確認すべき項目として正しいのはどれか。,0:タイヤは点検しなくても問題ない / 1:タイヤの製造年だけを確認すればよい / 2:タイヤの溝の深さと空気圧 / 3:タイヤの色とメーカー名のみ,2:タイヤの溝の深さと空気圧,タイヤの溝の深さが不足したり空気圧が適正でなかったりするとグリップ力が低下し危険なため、日常点検で確認する必要がある。,keep,,基本事項で問題なし,,道路運送車両法 第47条の2,,,
g280,gentsuki,maintenance,3,ブレーキレバーやブレーキペダルの点検で確認すべき項目として正しいのはどれか。,0:ブレーキは点検の対象にならない / 1:レバーやペダルの色だけを確認すればよい / 2:ブレーキランプの点検は不要である / 3:レバーやペダルの適度な遊びと効き具合,3:レバーやペダルの適度な遊びと効き具合,ブレーキレバーやペダルには適度な「遊び」が必要であり、遊びの量や制動の効き具合を点検して異常があれば整備する必要がある。,keep,,基本事項で問題なし,,道路運送車両法 第47条の2,,,
g281,gentsuki,maintenance,1,駆動用のチェーンを点検するときに確認すべき項目として正しいのはどれか。,0:チェーンのたるみ具合と潤滑の状態 / 1:チェーンの色のみ確認すればよい / 2:チェーンの点検はエンジンを切らずに行うべきである / 3:チェーンは一度取り付けたら点検不要である,0:チェーンのたるみ具合と潤滑の状態,駆動用チェーンはたるみが適正か、また潤滑が十分かを点検し、必要に応じて注油や調整を行う必要がある。,keep,,基本事項で問題なし,,道路運送車両法 第47条の2,,,
g282,gentsuki,maintenance,1,灯火類の点検で確認すべき項目として正しいのはどれか。,0:ヘッドライトの点灯のみ確認すればよい / 1:ヘッドライト、テールランプ、ブレーキランプ、方向指示器がすべて正しく点灯するか / 2:方向指示器は点検の対象外である / 3:昼間は灯火類を点検しなくてよい,1:ヘッドライト、テールランプ、ブレーキランプ、方向指示器がすべて正しく点灯するか,ヘッドライトやテールランプ、ブレーキランプ、方向指示器など、すべての灯火類が正しく点灯するかを点検する必要がある。,keep,,基本事項で問題なし,,道路運送車両法 第47条の2,,,
g283,gentsuki,maintenance,1,警音器(クラクション)の点検について正しいのはどれか。,0:警音器は壊れていても運転に支障はない / 1:警音器の点検は年に一度でよい / 2:正常に音が鳴るかを点検する / 3:警音器は点検の対象ではない,2:正常に音が鳴るかを点検する,警音器は緊急時に周囲へ注意を促すための重要な装備であり、正常に作動するか日常点検で確認する必要がある。,keep,,基本事項で問題なし,,道路運送車両法 第47条の2,,,
g284,gentsuki,maintenance,1,ミラー(バックミラー)の点検・調整について正しいのはどれか。,0:ミラーが多少割れていても運転に支障はない / 1:ミラーの調整は走行中に行うべきである / 2:ミラーは一度調整すれば以後確認しなくてよい / 3:走行前に後方や側方がよく見える角度に調整する,3:走行前に後方や側方がよく見える角度に調整する,ミラーは走行前に後方や側方がよく見える角度に調整し、破損がないかも確認しておく必要がある。走行中の調整は視線がそれ危険である。,keep,,基本事項で問題なし,,道路運送車両法 第47条の2,,,
g285,gentsuki,maintenance,2,エンジンオイルの点検について正しいのはどれか。,0:定期的に量や汚れの状態を確認し、不足していれば補充する / 1:エンジンオイルは一度入れたら交換や点検の必要はない / 2:オイルの量は運転には影響しない / 3:オイルの点検はエンジンが高温のときに行うのが最も安全である,0:定期的に量や汚れの状態を確認し、不足していれば補充する,エンジンオイルは定期的に量や汚れの状態を点検し、不足や劣化があれば補充・交換する必要がある。,keep,,基本事項で問題なし,,道路運送車両法 第47条の2,,,
g288,gentsuki,license_system,2,原付免許取得に必要な視力の基準として正しいのはどれか。,0:片眼が見えなくても両眼で判断されないため関係ない / 1:視力の基準は定められていない / 2:裸眼視力のみで判断され矯正視力は認められない / 3:両眼で0.5以上(眼鏡等での矯正を含む)であること,3:両眼で0.5以上(眼鏡等での矯正を含む)であること,原付免許の取得には、眼鏡やコンタクトレンズによる矯正を含めて両眼で0.5以上の視力があることなどの基準が定められている。,keep,,視力基準は正,,道路交通法施行令 第34条,要,,
g291,gentsuki,license_system,1,運転免許証を紛失した場合の対応として正しいのはどれか。,0:紛失した免許証は自然に失効するので何もしなくてよい / 1:紛失しても特に手続きは不要である / 2:警察署等で再交付の手続きを行う / 3:次の更新のときにまとめて手続きすればよい,2:警察署等で再交付の手続きを行う,運転免許証を紛失した場合は、警察署や運転免許センター等で再交付の手続きを行う必要がある。,keep,,紛失時は再交付,,道路交通法 第105条,,,
g292,gentsuki,emergency,1,運転中に交通事故を起こした場合、運転者に義務付けられていることとして正しいのはどれか。,0:軽い事故であれば報告の義務はない / 1:事故の程度にかかわらず現場を離れてよい / 2:相手に連絡先を伝えればそれ以上の対応は不要である / 3:負傷者の救護と警察への報告を行う義務がある,3:負傷者の救護と警察への報告を行う義務がある,交通事故を起こした運転者には、負傷者の救護措置を行うとともに、警察に事故の内容を報告する義務が法律で定められている。,keep,,救護・報告義務は正,,道路交通法 第72条,,,
g293,gentsuki,emergency,1,事故現場で二次的な事故を防ぐための行動として正しいのはどれか。,0:可能であれば車両を安全な場所に移動し、後続車に事故の発生を知らせる / 1:事故現場ではその場から一切動いてはいけない / 2:後続車への合図は不要である / 3:負傷者の救護よりも先に車両の片付けを優先する,0:可能であれば車両を安全な場所に移動し、後続車に事故の発生を知らせる,事故後は可能な範囲で車両を安全な場所に移し、発煙筒やハザードランプなどで後続車に事故の発生を知らせ、二次的な事故を防ぐことが重要である。,keep,,二次事故防止は正,,道路交通法 第72条,,,
g294,gentsuki,emergency,2,交通事故や急病人を発見したときに連絡すべき緊急通報先として正しいのはどれか。,0:どちらの場合も同じ番号に連絡すればよい / 1:警察は110番、救急・消防は119番に連絡する / 2:緊急通報は近くの店舗に頼めばよい / 3:緊急通報先は地域ごとにすべて異なる,1:警察は110番、救急・消防は119番に連絡する,事故の通報や事件の場合は110番、けが人や急病人が出た場合の救急要請や火災の場合は119番に連絡する。,keep,,110/119は正,,道路交通法 第72条,,,
g295,gentsuki,emergency,2,走行中に原付が突然故障し停止した場合の対応として正しいのはどれか。,0:車道の真ん中で停止したままでも問題ない / 1:故障した場所にそのまま停止させておいてよい / 2:安全な場所に車両を移動し、ハザードランプなどで周囲に異常を知らせる / 3:後続車への合図をせずに修理を始める,2:安全な場所に車両を移動し、ハザードランプなどで周囲に異常を知らせる,走行中に故障した場合は、できるだけ安全な場所へ車両を移動させ、ハザードランプなどを使って周囲に異常を知らせる必要がある。,keep,,故障時の対応は正,,交通の方法に関する教則 第10章,,,
g296,gentsuki,emergency,2,意識のない負傷者を見つけたときの対応として適切なのはどれか。,0:意識がなければ何もせず立ち去ってよい / 1:負傷者の状態にかかわらずすぐに車両の移動を最優先する / 2:むやみに体を大きく動かして揺さぶる / 3:呼吸の有無を確認し、必要に応じて救急への通報や応急手当を行う,3:呼吸の有無を確認し、必要に応じて救急への通報や応急手当を行う,意識のない負傷者を見つけた場合は、呼吸の状態を確認し、必要に応じて救急への通報や可能な範囲での応急手当を行うことが求められる。むやみに動かすと状態を悪化させる危険がある。,keep,,意識障害の対応は正,,交通の方法に関する教則 第10章,,,
g297,gentsuki,emergency,2,燃料周りからの出火など車両火災の危険がある場面での対応として正しいのはどれか。,0:火気を近づけず、安全な距離を確保してから対応する / 1:火が出ていても近づいて確認してから避難すればよい / 2:車両火災の危険がある場合でも通常通り作業してよい / 3:燃料付近ではたばこを吸っても問題ない,0:火気を近づけず、安全な距離を確保してから対応する,燃料周りからの出火の危険がある場合は、火気を近づけず、まず安全な距離を確保したうえで落ち着いて対応することが重要である。,keep,obvious_other,火気厳禁は正,,道路交通法 第72条,,,
g298,gentsuki,signs,2,「止まれ」を示す逆三角形の標識がある場所での対応として正しいのはどれか。,0:この標識は四輪車のみに適用される / 1:停止線の直前で必ず一時停止する / 2:歩行者がいなければ停止しなくてよい / 3:交通量が少なければ徐行だけでよい,1:停止線の直前で必ず一時停止する,逆三角形の「止まれ」の標識がある場所では、交通量や歩行者の有無にかかわらず停止線の直前で必ず一時停止しなければならない。,keep,near_dup,g216/g263と同事実,,道路標識、区画線及び道路標示に関する命令,要,,
g299,gentsuki,signs,3,信号機の黄色信号の意味として正しいのはどれか。,0:黄色信号は加速してよい合図である / 1:黄色信号のときは一時停止が不要になる / 2:安全に停止できる場合は停止しなければならない / 3:黄色信号は青信号と同じ扱いである,2:安全に停止できる場合は停止しなければならない,黄色信号は、安全に停止することができる場合は停止位置を越えて進行してはならないという意味を持つ信号である。,keep,near_dup,g222と同事実,,道路標識、区画線及び道路標示に関する命令,要,,
g300,gentsuki,signs,3,「二輪車通行止め」の標識がある道路について正しいのはどれか。,0:この標識があっても二輪車は通行できる / 1:原付一種はこの標識の対象外である / 2:二輪車通行止めは自転車にのみ適用される / 3:原付を含む二輪車はその道路を通行できない,3:原付を含む二輪車はその道路を通行できない,「二輪車通行止め」の標識がある道路は、原付を含めすべての二輪車が通行できないことを示している。,keep,near_dup,正式名は二輪の自動車・原付通行止め。g338と近い,,道路標識、区画線及び道路標示に関する命令,要,,
g303,gentsuki,signs,3,「直角駐車」の標識の意味として正しいのはどれか。,0:大型乗用自動車（バス等）の通行を禁止する / 1:前方に踏切があることを予告し、通過時の注意を促す / 2:道路の側端に対して直角に駐車すべきことを示す / 3:二輪の自動車と原動機付自転車の通行を禁止する,2:道路の側端に対して直角に駐車すべきことを示す,「直角駐車」は指示標識（長方形・青地に白の絵）で、道路の側端に対して直角に駐車すべきことを示すことを意味する。,keep,,指示標識の意味は妥当,,道路標識、区画線及び道路標示に関する命令,要,,
g304,gentsuki,signs,1,「指定方向外進行禁止（直進のみ）」の標識が意味するものとして正しいのはどれか。,0:原動機付自転車や自転車など特定の車両が通行すべき車両通行帯を指定する / 1:自転車を除く軽車両（荷車など）の通行を禁止する / 2:道路の側端に対して直角に駐車すべきことを示す / 3:矢印で示された方向（直進）以外への進行を禁止する,3:矢印で示された方向（直進）以外への進行を禁止する,「指定方向外進行禁止（直進のみ）」は規制標識（円形・青地に白の矢印）で、矢印で示された方向（直進）以外への進行を禁止することを意味する。,keep,,指定方向外進行禁止(直進のみ)の記述は妥当,,道路標識、区画線及び道路標示に関する命令,要,,
g306,gentsuki,signs,3,「右方屈曲あり」の標識の意味として正しいのはどれか。,0:車両の駐車と停車の両方を禁止する / 1:前方の道路が右方向に大きく曲がっていることを予告する / 2:車両の駐車を禁止する（短時間の停車は可能） / 3:示された方向以外への進行を禁止し、左折を禁止する,1:前方の道路が右方向に大きく曲がっていることを予告する,「右方屈曲あり」は警戒標識（菱形・黄色地に黒の屈曲矢印）で、前方の道路が右方向に大きく曲がっていることを予告することを意味する。,keep,,警戒標識の記述は妥当,,道路標識、区画線及び道路標示に関する命令,要,,
g310,gentsuki,signs,1,「専用通行帯」の標識が意味するものとして正しいのはどれか。,0:その場所での駐車が認められていることを示す / 1:バスなど特定の車両の専用通行帯であることを示し、それ以外の車両の通行を制限する / 2:大型貨物自動車や特定中型貨物自動車などの通行を禁止する / 3:前方にロータリー（環状交差点）があることを予告する,1:バスなど特定の車両の専用通行帯であることを示し、それ以外の車両の通行を制限する,「専用通行帯」は規制標識（円形・青地に白の矢印と専用車両の絵）で、バスなど特定の車両の専用通行帯であることを示し、それ以外の車両の通行を制限することを意味する。,keep,,専用通行帯の記述は概ね妥当,,道路標識、区画線及び道路標示に関する命令,要,,
g315,gentsuki,signs,3,「横断歩道」の標識の意味として正しいのはどれか。,0:路面が滑りやすい状態にあることが多く、注意すべきことを示す / 1:道路の中央の位置を示す線であることを示す / 2:歩行者が道路を横断するための場所であることを示す / 3:歩行者専用の道路であり、車両の通行を禁止する,2:歩行者が道路を横断するための場所であることを示す,「横断歩道」は指示標識（長方形・青地に白の歩行者の絵）で、歩行者が道路を横断するための場所であることを示すことを意味する。,keep,,横断歩道標識の意味は妥当,,道路標識、区画線及び道路標示に関する命令,要,,
g317,gentsuki,signs,2,円形で黄色地に黒の追越し禁止マークの「追越しのための右側部分はみ出し通行禁止」の標識について、正しい説明はどれか。,0:追越しのために道路の右側部分にはみ出して通行することを禁止する（右側部分にはみ出さない追越しは可能） / 1:前方の道路に落石のおそれがあることを予告する / 2:大型貨物自動車や特定中型貨物自動車などの通行を禁止する / 3:自転車を除く軽車両（荷車など）の通行を禁止する,0:追越しのために道路の右側部分にはみ出して通行することを禁止する（右側部分にはみ出さない追越しは可能）,「追越しのための右側部分はみ出し通行禁止」は規制標識（円形・黄色地に黒の追越し禁止マーク）で、追越しのために道路の右側部分にはみ出して通行することを禁止する（右側部分にはみ出さない追越しは可能）ことを意味する。,keep,,意味は妥当、色表現は確認,,道路標識、区画線及び道路標示に関する命令,要,,
g318,gentsuki,signs,3,「最高速度」の標識の意味として正しいのはどれか。,0:前方にロータリー（環状交差点）があることを予告する / 1:その数字を超える速度での走行を禁止する / 2:路面電車の停留所などで、歩行者が安全に待機するための場所であることを示す / 3:追越しのために道路の右側部分にはみ出して通行することを禁止する（右側部分にはみ出さない追越しは可能）,1:その数字を超える速度での走行を禁止する,「最高速度」は規制標識（円形・白地に赤枠、黒字で数字）で、その数字を超える速度での走行を禁止することを意味する。,keep,,最高速度標識は妥当,,道路標識、区画線及び道路標示に関する命令,要,,
g321,gentsuki,signs,3,「T字路あり」の標識の意味として正しいのはどれか。,0:前方にT字路があることを予告し、注意を促す / 1:前方にロータリー（環状交差点）があることを予告する / 2:前方の道路に落石のおそれがあることを予告する / 3:自転車が2台まで並んで通行できることを示す,0:前方にT字路があることを予告し、注意を促す,「T字路あり」は警戒標識（菱形・黄色地に黒のT字の絵）で、前方にT字路があることを予告し、注意を促すことを意味する。,keep,,T字路あり警戒標識は妥当,,道路標識、区画線及び道路標示に関する命令,要,,
g322,gentsuki,signs,1,「平行駐車」の標識が意味するものとして正しいのはどれか。,0:歩行者の通行を禁止する / 1:道路の側端に対して平行に駐車すべきことを示す / 2:道路の側端に対して直角に駐車すべきことを示す / 3:車両が道路を横断（右左折を除く進路変更）することを禁止する,1:道路の側端に対して平行に駐車すべきことを示す,「平行駐車」は指示標識（長方形・青地に白の絵）で、道路の側端に対して平行に駐車すべきことを示すことを意味する。,keep,,平行駐車は妥当,,道路標識、区画線及び道路標示に関する命令,要,,
g323,gentsuki,signs,2,逆三角形で白地に赤枠、赤字の「一時停止」の標識について、正しい説明はどれか。,0:付近に学校・幼稚園・保育所等があり、児童・幼児の飛び出し等に注意すべきことを示す / 1:歩行者・車両を問わず、すべての通行が禁止されていることを示す / 2:車両が停止線の直前で一時停止しなければならないことを示す / 3:バスなど特定の車両の専用通行帯であることを示し、それ以外の車両の通行を制限する,2:車両が停止線の直前で一時停止しなければならないことを示す,「一時停止」は規制標識（逆三角形・白地に赤枠、赤字）で、車両が停止線の直前で一時停止しなければならないことを示すことを意味する。,keep,near_dup,g216/g263と同事実,,道路標識、区画線及び道路標示に関する命令,要,,
g324,gentsuki,signs,3,「すべりやすい」の標識の意味として正しいのはどれか。,0:自転車が道路を横断するための場所であることを示す / 1:車両がただちに停止できるような速度まで速度を落として進行しなければならないことを示す / 2:指定された複数の種類の車両の通行を禁止する / 3:路面が滑りやすい状態にあることが多く、注意すべきことを示す,3:路面が滑りやすい状態にあることが多く、注意すべきことを示す,「すべりやすい」は警戒標識（菱形・黄色地に黒の車両滑走の絵）で、路面が滑りやすい状態にあることが多く、注意すべきことを示すことを意味する。,keep,,すべりやすい標識は妥当,,道路標識、区画線及び道路標示に関する命令,要,,
g325,gentsuki,signs,1,「安全地帯」の標識が意味するものとして正しいのはどれか。,0:路面電車の停留所などで、歩行者が安全に待機するための場所であることを示す / 1:車両の駐車と停車の両方を禁止する / 2:前方の道路に落石のおそれがあることを予告する / 3:他の車両を追い越すために進路変更することを禁止する,0:路面電車の停留所などで、歩行者が安全に待機するための場所であることを示す,「安全地帯」は指示標識（長方形・青地に白の絵）で、路面電車の停留所などで、歩行者が安全に待機するための場所であることを示すことを意味する。,keep,,安全地帯標識は妥当,,道路標識、区画線及び道路標示に関する命令,要,,
g328,gentsuki,signs,1,「斜め駐車」の標識が意味するものとして正しいのはどれか。,0:付近に学校・幼稚園・保育所等があり、児童・幼児の飛び出し等に注意すべきことを示す / 1:道路の中央の位置を示す線であることを示す / 2:自転車を除く軽車両（荷車など）の通行を禁止する / 3:道路の側端に対して斜めに駐車すべきことを示す,3:道路の側端に対して斜めに駐車すべきことを示す,「斜め駐車」は指示標識（長方形・青地に白の絵）で、道路の側端に対して斜めに駐車すべきことを示すことを意味する。,keep,,斜め駐車は妥当,,道路標識、区画線及び道路標示に関する命令,要,,
g330,gentsuki,signs,3,「十字路あり」の標識の意味として正しいのはどれか。,0:路面電車の軌道敷内を車両が通行できることを示す / 1:前方に十字路（交差点）があることを予告し、注意を促す / 2:追越しのために道路の右側部分にはみ出して通行することを禁止する（右側部分にはみ出さない追越しは可能） / 3:バスなど特定の車両の専用通行帯であることを示し、それ以外の車両の通行を制限する,1:前方に十字路（交差点）があることを予告し、注意を促す,「十字路あり」は警戒標識（菱形・黄色地に黒の十字の絵）で、前方に十字路（交差点）があることを予告し、注意を促すことを意味する。,keep,,十字路あり警戒標識は妥当,,道路標識、区画線及び道路標示に関する命令,要,,
g331,gentsuki,signs,1,「踏切あり」の標識が意味するものとして正しいのはどれか。,0:自転車が2台まで並んで通行できることを示す / 1:示された方向以外への進行を禁止し、左折を禁止する / 2:前方に踏切があることを予告し、通過時の注意を促す / 3:前方の道路に落石のおそれがあることを予告する,2:前方に踏切があることを予告し、通過時の注意を促す,「踏切あり」は警戒標識（菱形・黄色地に黒のレールと車輪の絵）で、前方に踏切があることを予告し、通過時の注意を促すことを意味する。,keep,,踏切あり警戒標識は妥当,,道路標識、区画線及び道路標示に関する命令,要,,
g334,gentsuki,signs,1,「ロータリーあり」の標識が意味するものとして正しいのはどれか。,0:その場所での駐車が認められていることを示す / 1:前方にロータリー（環状交差点）があることを予告する / 2:大型乗用自動車（バス等）の通行を禁止する / 3:一方通行路の出口などに設置され、車両がその方向へ進入することを禁止する,1:前方にロータリー（環状交差点）があることを予告する,「ロータリーあり」は警戒標識（菱形・黄色地に黒の環状矢印）で、前方にロータリー（環状交差点）があることを予告することを意味する。,keep,,ロータリーあり警戒標識は妥当,,道路標識、区画線及び道路標示に関する命令,要,,
g336,gentsuki,signs,3,「落石のおそれあり」の標識の意味として正しいのはどれか。,0:二輪の自動車と原動機付自転車の通行を禁止する / 1:車両の種類ごとに通行すべき車両通行帯を指定する / 2:大型乗用自動車（バス等）の通行を禁止する / 3:前方の道路に落石のおそれがあることを予告する,3:前方の道路に落石のおそれがあることを予告する,「落石のおそれあり」は警戒標識（菱形・黄色地に黒の落石の絵）で、前方の道路に落石のおそれがあることを予告することを意味する。,keep,,落石のおそれあり警戒標識は妥当,,道路標識、区画線及び道路標示に関する命令,要,,
g337,gentsuki,signs,1,「学校・幼稚園・保育所等あり」の標識が意味するものとして正しいのはどれか。,0:付近に学校・幼稚園・保育所等があり、児童・幼児の飛び出し等に注意すべきことを示す / 1:車両がただちに停止できるような速度まで速度を落として進行しなければならないことを示す / 2:原動機付自転車や自転車など特定の車両が通行すべき車両通行帯を指定する / 3:路線バス等が優先的に通行する車両通行帯であることを示す,0:付近に学校・幼稚園・保育所等があり、児童・幼児の飛び出し等に注意すべきことを示す,「学校・幼稚園・保育所等あり」は警戒標識（菱形・黄色地に黒の子どもの絵）で、付近に学校・幼稚園・保育所等があり、児童・幼児の飛び出し等に注意すべきことを示すことを意味する。,keep,,学校等あり警戒標識は妥当,,道路標識、区画線及び道路標示に関する命令,要,,
g338,gentsuki,signs,2,円形で赤地に白のバツ印とバイクの絵の「二輪の自動車・原動機付自転車通行止め」の標識について、正しい説明はどれか。,0:車両の種類ごとに通行すべき車両通行帯を指定する / 1:二輪の自動車と原動機付自転車の通行を禁止する / 2:路面電車の軌道敷内を車両が通行できることを示す / 3:他の車両を追い越すために進路変更することを禁止する,1:二輪の自動車と原動機付自転車の通行を禁止する,「二輪の自動車・原動機付自転車通行止め」は規制標識（円形・赤地に白のバツ印とバイクの絵）で、二輪の自動車と原動機付自転車の通行を禁止することを意味する。,keep,near_dup,g300と同趣旨。色説明は確認,,道路標識、区画線及び道路標示に関する命令,要,,
g339,gentsuki,signs,3,「歩行者専用」の標識の意味として正しいのはどれか。,0:見通しの悪い区間など、必要に応じて警音器を鳴らすべき区間であることを示す / 1:自動車・原動機付自転車以外（歩行者・軽車両等）の通行を禁止する / 2:歩行者専用の道路であり、車両の通行を禁止する / 3:原動機付自転車や自転車など特定の車両が通行すべき車両通行帯を指定する,2:歩行者専用の道路であり、車両の通行を禁止する,「歩行者専用」は規制標識（円形・青地に白の歩行者の絵）で、歩行者専用の道路であり、車両の通行を禁止することを意味する。,keep,,歩行者専用は妥当,,道路標識、区画線及び道路標示に関する命令,要,,
g344,gentsuki,signs,2,円形で青地に赤の斜線とUターン矢印の「転回禁止」の標識について、正しい説明はどれか。,0:道路の側端に対して平行に駐車すべきことを示す / 1:歩行者の通行を禁止する / 2:示された方向以外への進行を禁止し、右折を禁止する / 3:車両のUターン（転回）を禁止する,3:車両のUターン（転回）を禁止する,「転回禁止」は規制標識（円形・青地に赤の斜線とUターン矢印）で、車両のUターン（転回）を禁止することを意味する。,keep,,転回禁止は妥当,,道路標識、区画線及び道路標示に関する命令,要,,
g345,gentsuki,signs,3,「車両通行区分」の標識の意味として正しいのはどれか。,0:車両の種類ごとに通行すべき車両通行帯を指定する / 1:車両が矢印で示された方向にのみ進行できることを示す / 2:その道路が交差点において優先道路であることを示す / 3:大型乗用自動車（バス等）の通行を禁止する,0:車両の種類ごとに通行すべき車両通行帯を指定する,「車両通行区分」は指示標識（円形・青地に白の矢印と車両の絵）で、車両の種類ごとに通行すべき車両通行帯を指定することを意味する。,keep,,車両通行区分は妥当,,道路標識、区画線及び道路標示に関する命令,要,,
g347,gentsuki,signs,2,円形で青地に白の矢印とバスの絵の「路線バス等優先通行帯」の標識について、正しい説明はどれか。,0:車両がただちに停止できるような速度まで速度を落として進行しなければならないことを示す / 1:追越しのために道路の右側部分にはみ出して通行することを禁止する（右側部分にはみ出さない追越しは可能） / 2:路線バス等が優先的に通行する車両通行帯であることを示す / 3:歩行者専用の道路であり、車両の通行を禁止する,2:路線バス等が優先的に通行する車両通行帯であることを示す,「路線バス等優先通行帯」は規制標識（円形・青地に白の矢印とバスの絵）で、路線バス等が優先的に通行する車両通行帯であることを示すことを意味する。,keep,,路線バス等優先通行帯は妥当,,道路標識、区画線及び道路標示に関する命令,要,,
g348,gentsuki,signs,3,「車両進入禁止」の標識の意味として正しいのはどれか。,0:矢印で示された方向（直進）以外への進行を禁止する / 1:自動車・原動機付自転車以外（歩行者・軽車両等）の通行を禁止する / 2:大型乗用自動車（バス等）の通行を禁止する / 3:一方通行路の出口などに設置され、車両がその方向へ進入することを禁止する,3:一方通行路の出口などに設置され、車両がその方向へ進入することを禁止する,「車両進入禁止」は規制標識（円形・赤地に白の横棒）で、一方通行路の出口などに設置され、車両がその方向へ進入することを禁止することを意味する。,keep,,車両進入禁止は妥当,,道路標識、区画線及び道路標示に関する命令,要,,
g349,gentsuki,signs,1,「車両横断禁止」の標識が意味するものとして正しいのはどれか。,0:車両が道路を横断（右左折を除く進路変更）することを禁止する / 1:その数字を下回る速度での走行を禁止する（高速道路等に設置） / 2:指定された区間で警音器（クラクション）を鳴らさなければならないことを示す / 3:路線バス等が優先的に通行する車両通行帯であることを示す,0:車両が道路を横断（右左折を除く進路変更）することを禁止する,「車両横断禁止」は規制標識（円形・青地に赤の斜線と矢印）で、車両が道路を横断（右左折を除く進路変更）することを禁止することを意味する。,keep,,車両横断禁止は妥当,,道路標識、区画線及び道路標示に関する命令,要,,
g350,gentsuki,signs,2,長方形で青地に白の自転車の絵の「自転車横断帯」の標識について、正しい説明はどれか。,0:前方の道路が右方向に大きく曲がっていることを予告する / 1:自転車が道路を横断するための場所であることを示す / 2:付近に学校・幼稚園・保育所等があり、児童・幼児の飛び出し等に注意すべきことを示す / 3:路面電車の軌道敷内を車両が通行できることを示す,1:自転車が道路を横断するための場所であることを示す,「自転車横断帯」は指示標識（長方形・青地に白の自転車の絵）で、自転車が道路を横断するための場所であることを示すことを意味する。,keep,,自転車横断帯は妥当,,道路標識、区画線及び道路標示に関する命令,要,,
kg001,kogata_gentsuki_nirin,license_system,1,小型限定普通二輪免許で運転できる自動二輪車の総排気量の上限はどれか。,0:125cc以下 / 1:50cc以下 / 2:90cc以下 / 3:250cc以下,0:125cc以下,小型限定普通二輪免許は総排気量125cc以下の自動二輪車(MT・ATを問わない)を運転できる限定免許である。,keep,,事実は妥当,,道路交通法 第84条・施行規則 / 運転免許関係,要,,
kg002,kogata_gentsuki_nirin,rules,2,小型限定普通二輪免許で高速自動車国道を走行することについて正しいのはどれか。,0:深夜に限り高速道路を走行できる / 1:排気量125cc以下なので高速道路は走行できない / 2:同乗者がいなければ高速道路を走行できる / 3:普通二輪免許と同じく高速道路を走行できる,1:排気量125cc以下なので高速道路は走行できない,小型限定の条件が付いた普通二輪免許では高速自動車国道・自動車専用道路を走行することはできない。,keep,,高速道路・自動車専用道路は125cc以下不可で正確,,交通の方法に関する教則 / 道路交通法,,,
kg003,kogata_gentsuki_nirin,rules,3,小型限定普通二輪免許を持つ運転者が二人乗りをする場合について正しいのはどれか。,0:20歳以上であれば免許取得直後でも二人乗りができる / 1:同乗者が子供であれば期間の制限なく二人乗りができる / 2:運転免許を受けていた期間が通算1年以上であれば一般道路で二人乗りができる / 3:いかなる場合も二人乗りは禁止されている,2:運転免許を受けていた期間が通算1年以上であれば一般道路で二人乗りができる,原付とは異なり小型限定普通二輪免許では、当該免許を受けていた期間が通算1年以上あれば一般道路で二人乗りが認められる。高速道路での二人乗りにはさらに別の条件がある。,keep,near_dup,事実は正確。kg146と同じ事実(通算1年),,交通の方法に関する教則 / 道路交通法,要,,
kg006,kogata_gentsuki_nirin,rules,1,自動二輪車の運転者・同乗者のヘルメット着用について正しいのはどれか。,0:時速30km以下で走行する場合は着用しなくてよい / 1:運転者・同乗者ともに乗車用ヘルメットの着用が義務付けられている / 2:運転者のみ着用義務があり同乗者には義務がない / 3:ヘルメットはあごひもを締めなくても着用したことになる,1:運転者・同乗者ともに乗車用ヘルメットの着用が義務付けられている,道路交通法上、二輪車の運転者と同乗者はいずれも乗車用ヘルメットを着用しなければならない。あごひもを確実に締めていない場合は着用とは認められない。,keep,,事実は妥当,,交通の方法に関する教則 / 道路交通法,要,,
kg008,kogata_gentsuki_nirin,rules,3,夜間、他の車と行き違う際のライトの操作について正しいのはどれか。,0:ハザードランプを点灯すればライトの切り替えは不要 / 1:ライトを消灯してすれ違う / 2:上向き(ハイビーム)のままにしておく / 3:対向車と行き違うときは下向き(ロービーム)に切り替える,3:対向車と行き違うときは下向き(ロービーム)に切り替える,対向車と行き違う際や先行車のすぐ後ろを走るときは、相手を眩惑させないよう前照灯を下向きに切り替えなければならない。,keep,,事実は妥当,,交通の方法に関する教則 / 道路交通法,,,
kg010,kogata_gentsuki_nirin,rules,5,二輪車の割り込み運転について正しいのはどれか。,0:二輪車は車体が小さいため割り込みの規制対象外である / 1:後続車が急な減速や急ブレーキを強いられるような割り込みをしてはならない / 2:進路変更のための合図を出せば、後続車の速度や車間距離にかかわらず割り込んでよい / 3:追い越し車線であれば割り込みは自由である,1:後続車が急な減速や急ブレーキを強いられるような割り込みをしてはならない,進路変更をする場合でも、後続車が急ブレーキや急ハンドルを強いられるおそれがあるときは進路変更をしてはならない。,keep,obvious_longest,事実は妥当だが正解が最も長く当てやすい,,交通の方法に関する教則 / 道路交通法,,,
kg011,kogata_gentsuki_nirin,rules,1,信号が青色の灯火を示しているとき、自動二輪車の進行について正しいのはどれか。,0:直進のみ進行できる / 1:左折のみ進行できる / 2:直進、左折、右折のいずれも進行できる / 3:右折のみ進行できる,2:直進、左折、右折のいずれも進行できる,青色の灯火では、自動二輪車を含む車両は直進・左折・右折のいずれも進行することができる(交差点の状況による規制がある場合を除く)。,keep,obvious_longest,事実は妥当。正解が長く当てやすい,,交通の方法に関する教則 / 道路交通法,,,
kg012,kogata_gentsuki_nirin,rules,2,黄色の灯火信号に対する自動二輪車の運転者の義務について正しいのはどれか。,0:急いで交差点を通過しなければならない / 1:夜間は無視してよい / 2:右折車だけは進行を続けてよい / 3:停止位置において安全に停止できない場合を除き、停止位置を越えて進行してはならない,3:停止位置において安全に停止できない場合を除き、停止位置を越えて進行してはならない,黄色の灯火では、停止位置を越えて進行してはならない。ただし黄色に変わったときに交差点に近接していて安全に停止できない場合は、そのまま進行できる。,keep,obvious_longest,事実は正確。正解が長く当てやすい,,交通の方法に関する教則 / 道路交通法,,,
kg013,kogata_gentsuki_nirin,rules,3,踏切の通過方法について正しいのはどれか。,0:踏切の直前で一時停止し、目と耳で安全確認をしてから通過する / 1:遮断機が上がっていれば一時停止せず通過できる / 2:警報機が鳴っていなければ確認は不要である / 3:二輪車は踏切での一時停止義務がない,0:踏切の直前で一時停止し、目と耳で安全確認をしてから通過する,踏切を通過するときは、原則として踏切の直前で一時停止し、自分の目と耳で左右の安全を確認してから通過しなければならない。,keep,obvious_longest,事実は妥当。正解が長く当てやすい,,交通の方法に関する教則 / 道路交通法,,,
kg015,kogata_gentsuki_nirin,rules,5,進路変更をするときの合図の時期について正しいのはどれか。,0:進路変更後に合図を出せばよい / 1:進路を変える動作を始めると同時でよい / 2:進路を変えようとする約3秒前に合図を出す / 3:合図は任意であり出さなくてもよい,2:進路を変えようとする約3秒前に合図を出す,進路変更をしようとする約3秒前に方向指示器等で合図を行い、周囲に自分の意図を知らせなければならない。,keep,obvious_longest,3秒前は教則どおり。解説も妥当,,交通の方法に関する教則 / 道路交通法,要,,
kg016,kogata_gentsuki_nirin,rules,1,歩行者用道路における自動二輪車の通行について正しいのはどれか。,0:夜間に限り通行できる / 1:常に自由に通行できる / 2:125cc以下であれば無条件に通行できる / 3:沿道に車庫を持つなど特に通行を認められた場合を除き通行できない,3:沿道に車庫を持つなど特に通行を認められた場合を除き通行できない,歩行者用道路(歩行者専用道路)は、沿道に車庫があるなど特別な許可を受けた車両を除き、自動二輪車を含む一般車両は通行できない。,keep,obvious_longest,事実は妥当。正解が長く当てやすい,,交通の方法に関する教則 / 道路交通法,要,,
kg017,kogata_gentsuki_nirin,rules,2,自動二輪車の追い越し方法について正しいのはどれか。,0:前車の右側を通行して追い越すのが原則である / 1:追い越しは常に禁止されている / 2:前車の左側を通行して追い越すのが原則である / 3:見通しがよければどちら側からでも自由に追い越してよい,0:前車の右側を通行して追い越すのが原則である,追い越しは原則として前車の右側を通行して行う。ただし前車が右折のため道路の中央や右側に寄っているときなどは左側から追い越すことができる。,keep,,事実は妥当,,交通の方法に関する教則 / 道路交通法,,,
kg018,kogata_gentsuki_nirin,rules,3,駐車禁止の道路標識がある区間での自動二輪車の扱いについて正しいのはどれか。,0:二輪車は例外的に駐車できる / 1:自動二輪車も他の車両と同様に駐車が禁止される / 2:運転者がそばにいれば駐車できる / 3:5分以内であれば駐車できる,1:自動二輪車も他の車両と同様に駐車が禁止される,駐車禁止の規制は車両の種類を問わず適用され、自動二輪車も指定された区間で駐車することはできない。,keep,near_dup,事実は妥当。kg074と同じ事実(駐車禁止は二輪も対象),,交通の方法に関する教則 / 道路交通法,,,
kg019,kogata_gentsuki_nirin,rules,4,自動二輪車の乗車定員について正しいのはどれか。,0:荷台があれば3名まで乗車できる / 1:何人でも乗車できる / 2:運転者用と同乗者用の座席等が備えられていれば2名まで乗車できる / 3:定員は常に運転者1名のみである,2:運転者用と同乗者用の座席等が備えられていれば2名まで乗車できる,自動二輪車は、運転者席のほかに同乗者用の座席と足を置く装置(ステップ)が備えられている場合に限り、運転者を含めて2名まで乗車できる。,keep,obvious_longest,事実は妥当。正解が長く当てやすい,,交通の方法に関する教則 / 道路交通法,,,
kg020,kogata_gentsuki_nirin,rules,5,「一時停止」の標識がある場所での正しい行動はどれか。,0:徐行すれば通過してよい / 1:夜間は適用されない / 2:他の車両がなければ通過してよい / 3:停止線の直前で完全に停止し、安全を確認してから進行する,3:停止線の直前で完全に停止し、安全を確認してから進行する,一時停止の標識がある場所では、停止線の直前で完全に車両を停止させ、左右の安全を確認したうえで進行しなければならない。,keep,obvious_longest,事実は妥当。正解が長く当てやすい,,交通の方法に関する教則 / 道路交通法,,,
kg021,kogata_gentsuki_nirin,rules,1,二輪車が路線バス等優先通行帯を通行するときの原則について正しいのはどれか。,0:路線バス等が近づいてきたら速やかにその通行帯から出なければならない / 1:二輪車は優先通行帯を常に走行できない / 2:優先通行帯は自動二輪車専用である / 3:路線バス等が近づいてきても優先通行帯からすぐには出なくてよい,0:路線バス等が近づいてきたら速やかにその通行帯から出なければならない,路線バス等優先通行帯を走行している場合、後方から路線バス等が接近してきたときは速やかにその通行帯から出なければならない。,keep,,事実は妥当,,交通の方法に関する教則 / 道路交通法,,,
kg022,kogata_gentsuki_nirin,rules,2,自動二輪車の運転者が違反行為をして反則金を納めない場合について正しいのはどれか。,0:反則金は自動的に免除される / 1:刑事手続きに移行し得る / 2:違反点数が半減される / 3:罰則の対象にはならない,1:刑事手続きに移行し得る,交通反則通告制度により反則金を任意の期間内に納付しない場合は、通常の刑事手続き(検察官への送致等)に移行する可能性がある。,keep,,事実は妥当,,交通の方法に関する教則 / 道路交通法,,,
kg023,kogata_gentsuki_nirin,rules,3,「徐行」の意味として正しいのはどれか。,0:時速30km以下で進行すること / 1:完全に停止すること / 2:直ちに停止できる速度で進行すること / 3:法定速度いっぱいで進行すること,2:直ちに停止できる速度で進行すること,徐行とは、車両等が直ちに停止できるような速度で進行することをいい、具体的な数値ではなく状況に応じた速度が求められる。,keep,,事実は妥当,,交通の方法に関する教則 / 道路交通法,要,,
kg025,kogata_gentsuki_nirin,rules,5,自動二輪車の積載物の高さの制限について、地上からの高さとして正しいのはどれか。,0:2メートルまで / 1:1.5メートルまで / 2:2.5メートルまで / 3:制限はない,0:2メートルまで,自動二輪車の積載物の高さは、地上から2メートルを超えないようにすることが原則とされている。,keep,topic_mismatch,2m以内で正確。積載はparking→rules/operationが適切,,交通の方法に関する教則 / 道路交通法,要,,
kg026,kogata_gentsuki_nirin,rules,1,横断歩道に歩行者がいるときの自動二輪車の運転者の義務について正しいのはどれか。,0:夜間のみ一時停止義務がある / 1:歩行者が横断を終えるまで一時停止して待つ / 2:クラクションを鳴らせば通過してよい / 3:歩行者がいても速度を落とさず通過してよい,1:歩行者が横断を終えるまで一時停止して待つ,横断歩道またはその手前で歩行者が横断しようとしているときは、その手前で一時停止し歩行者の通行を妨げてはならない。,keep,,事実は妥当,,交通の方法に関する教則 / 道路交通法,,,
kg027,kogata_gentsuki_nirin,rules,2,自動二輪車のマフラー(消音器)の改造について正しいのはどれか。,0:夜間のみ規制される / 1:125cc以下であれば規制の対象外である / 2:基準を超える騒音を発する不正改造は禁止されている / 3:消音器を外して大きな音を出すよう改造してもよい,2:基準を超える騒音を発する不正改造は禁止されている,保安基準に適合しない消音器への改造や取り外しは禁止されており、著しい騒音を発する不正改造車は整備不良として取り締まりの対象になる。,keep,,事実は妥当,,交通の方法に関する教則 / 道路交通法,要,,
kg028,kogata_gentsuki_nirin,rules,3,自動二輪車の運転中の飲酒運転について正しいのはどれか。,0:少量であれば運転してもよい / 1:休憩を挟めば飲酒直後でも運転できる / 2:125cc以下の二輪車は対象外である / 3:酒気を帯びた状態での運転は一切禁止されている,3:酒気を帯びた状態での運転は一切禁止されている,酒気を帯びた状態での運転は車両の種類を問わず禁止されており、違反した場合は厳しい罰則が科される。,keep,,事実は妥当,,交通の方法に関する教則 / 道路交通法,要,,
kg029,kogata_gentsuki_nirin,hazard_prediction,4,住宅街の細い道で子供が道路脇で遊んでいるのを見かけたときの対応として正しいのはどれか。,0:速度を落とし、いつでも止まれるように備えながら通過する / 1:クラクションを鳴らし続けて注意を促しながら加速する / 2:子供の横をできるだけ速く通り過ぎる / 3:子供は避けてくれるはずなので通常の速度で通過する,0:速度を落とし、いつでも止まれるように備えながら通過する,子供は予測できない動きをすることがあるため、速度を落とし、急な飛び出しにも対応できるよう備えて通過する必要がある。,keep,"near_dup,obvious_other",事実は妥当。kg048と同じ(子供の飛び出し),,交通の方法に関する教則 第5章,,,
kg030,kogata_gentsuki_nirin,hazard_prediction,5,前方に停車中の路線バスがあり、乗客が乗り降りしている場面での二輪車の注意点はどれか。,0:乗客がいなくなるまで長時間クラクションを鳴らす / 1:バスの後ろに乗客が飛び出してくる可能性を考え、徐行または一時停止する / 2:バスの左側を確認せず通過する / 3:バスの前を高速で追い抜く,1:バスの後ろに乗客が飛び出してくる可能性を考え、徐行または一時停止する,停車中のバスの前後は死角になりやすく、乗り降りした乗客が道路を横断してくる危険があるため、徐行または停止して安全を確認する必要がある。,keep,obvious_other,事実は妥当だが誤答選択肢が不自然,,交通の方法に関する教則 第5章,,,
kg031,kogata_gentsuki_nirin,hazard_prediction,1,見通しの悪い交差点に進入するときの二輪車の運転として正しいのはどれか。,0:速度を落とさずそのまま通過する / 1:対向車がいないことを確認した時点で加速して通過する / 2:あらかじめ速度を落とし、左右の安全を確認しながら進入する / 3:自分が優先道路にいれば確認は不要である,2:あらかじめ速度を落とし、左右の安全を確認しながら進入する,見通しの悪い交差点では出会い頭の事故が起こりやすいため、あらかじめ速度を落とし、左右を確認しながら進入することが重要である。,keep,obvious_other,事実は妥当だが誤答選択肢が不自然,,交通の方法に関する教則 第5章,,,
kg032,kogata_gentsuki_nirin,hazard_prediction,2,駐車車両の脇を通過する際に予測すべき危険として最も適切なのはどれか。,0:駐車車両は絶対に動かないので危険はない / 1:駐車車両があると常に安全である / 2:駐車車両の周囲は減速の必要がない / 3:駐車車両のドアが急に開く可能性,3:駐車車両のドアが急に開く可能性,駐車車両のドアが急に開いたり、陰から歩行者が飛び出したりする危険があるため、十分な間隔をあけて速度を落として通過する必要がある。,keep,obvious_other,事実は妥当だが誤答選択肢が不自然,,交通の方法に関する教則 第5章,,,
kg033,kogata_gentsuki_nirin,hazard_prediction,3,夜間、対向車のライトがまぶしく前方が見えにくくなったときの対応として正しいのはどれか。,0:視線をやや左前方に向け、速度を落として対応する / 1:対向車に向けてハイビームで対抗する / 2:目をつぶって直感で運転する / 3:そのままの速度で通過する,0:視線をやや左前方に向け、速度を落として対応する,対向車のライトで幻惑されたときは、視線をやや左前方の路肩寄りに向けて幻惑を避けつつ、速度を落として安全を確保することが大切である。,keep,"obvious_longest,obvious_other",事実は妥当。正解が長く当てやすい,,交通の方法に関する教則 第5章,,,
kg034,kogata_gentsuki_nirin,hazard_prediction,4,二輪車が交差点で左折する際、巻き込み事故を防ぐために特に注意すべき対象はどれか。,0:対向直進車のみ / 1:左後方から来る自転車や歩行者 / 2:上空の信号機 / 3:右折してくる対向車のみ,1:左後方から来る自転車や歩行者,左折時は、左後方から並走してくる自転車や歩行者を巻き込む事故が多いため、あらかじめ左後方を目視確認することが重要である。,keep,obvious_other,事実は妥当だが誤答選択肢が不自然,,交通の方法に関する教則 第5章,,,
kg035,kogata_gentsuki_nirin,hazard_prediction,5,強い横風が吹く橋の上を走行するときの二輪車の注意点として正しいのはどれか。,0:速度を上げて一気に通過する / 1:橋の上では特に注意する必要はない / 2:ハンドルを軽く握り、速度を落として体勢を安定させる / 3:風に逆らって大きく車体を傾ける,2:ハンドルを軽く握り、速度を落として体勢を安定させる,横風にあおられるとバランスを崩しやすいため、速度を落とし、ハンドルを適度な力加減で保持して姿勢を安定させることが重要である。,keep,"obvious_longest,obvious_other",事実は妥当。正解が長く当てやすい,,交通の方法に関する教則 第5章,,,
kg036,kogata_gentsuki_nirin,hazard_prediction,1,前方の信号が青色から黄色に変わりそうな状況で交差点に近づいているときの正しい対応はどれか。,0:黄色になったら急ブレーキで必ず止まる / 1:青色のうちは減速する必要はない / 2:黄色になる前に無理に加速して通過する / 3:安全に停止できる場合は速度を調整し、停止に備える,3:安全に停止できる場合は速度を調整し、停止に備える,信号が変わりそうな交差点に近づくときは、状況に応じて速度を調整し、安全に停止できるよう備えておくことが望ましい。,keep,"obvious_longest,obvious_other",事実は妥当。正解が長く当てやすい,,交通の方法に関する教則 第5章,,,
kg037,kogata_gentsuki_nirin,hazard_prediction,2,先行する自動車が急に速度を落とした場合に考えられる危険はどれか。,0:前方の障害物や歩行者を避けようとしている可能性がある / 1:後方の安全確認は不要である / 2:自分も同時に加速すればよい / 3:単なる気まぐれなので気にしなくてよい,0:前方の障害物や歩行者を避けようとしている可能性がある,先行車が急に減速する背景には障害物や歩行者の存在など何らかの理由があることが多く、車間距離を保ちつつ自分も減速して備える必要がある。,keep,"obvious_longest,obvious_other",事実は妥当。正解が長く当てやすい,,交通の方法に関する教則 第5章,,,
kg038,kogata_gentsuki_nirin,hazard_prediction,3,見通しの悪いカーブの手前での二輪車の走行として正しいのはどれか。,0:カーブの内側ぎりぎりを走行する / 1:あらかじめ十分速度を落とし、対向車がはみ出してくる可能性を考えて走行する / 2:カーブの手前では加速して通過する / 3:対向車線にはみ出して走行してよい,1:あらかじめ十分速度を落とし、対向車がはみ出してくる可能性を考えて走行する,見通しの悪いカーブでは対向車がセンターラインをはみ出してくる可能性があるため、速度を落とし進路の左寄りを走行することが安全である。,keep,"obvious_longest,obvious_other",事実は妥当。正解が長く当てやすい,,交通の方法に関する教則 第5章,,,
kg039,kogata_gentsuki_nirin,hazard_prediction,4,夕方、太陽が低い位置にあり進行方向がまぶしいときの注意点として正しいのはどれか。,0:夕方は交通量が少ないので注意は不要 / 1:まぶしさは運転に影響しない / 2:歩行者や自転車が見えにくくなるため速度を落として慎重に走行する / 3:サングラスをかければ速度を落とす必要はない,2:歩行者や自転車が見えにくくなるため速度を落として慎重に走行する,逆光でまぶしいときは歩行者や自転車、路面の状況が見えにくくなるため、速度を落として慎重に走行することが重要である。,keep,"obvious_longest,obvious_other",事実は妥当。正解が長く当てやすい,,交通の方法に関する教則 第5章,,,
kg040,kogata_gentsuki_nirin,hazard_prediction,5,先行する自転車を追い越す際の注意点として正しいのはどれか。,0:追い越し時にクラクションを鳴らし続ける / 1:自転車ぎりぎりを通過して素早く追い越す / 2:自転車の速度に関係なく一気に加速する / 3:自転車との間隔を十分にとって追い越す,3:自転車との間隔を十分にとって追い越す,自転車はふらつくことがあるため、追い越す際は十分な側方間隔をとり、速度差にも注意して安全に追い越す必要がある。,keep,obvious_other,事実は妥当だが誤答選択肢が不自然,,交通の方法に関する教則 第5章,,,
kg041,kogata_gentsuki_nirin,hazard_prediction,1,工事現場の脇を通過するときに予測すべき危険はどれか。,0:作業員が急に道路側に出てくる可能性 / 1:工事現場付近は常に安全である / 2:看板は無視してよい / 3:速度を上げて早く通過すればよい,0:作業員が急に道路側に出てくる可能性,工事現場付近では作業員の急な飛び出しや資材の落下などの危険が考えられるため、速度を落として注意しながら通過する必要がある。,keep,obvious_other,事実は妥当だが誤答選択肢が不自然,,交通の方法に関する教則 第5章,,,
kg042,kogata_gentsuki_nirin,hazard_prediction,2,積雪や凍結のおそれがある早朝の橋の上を走行する際の注意点はどれか。,0:橋の上はアスファルトの温度が高く凍結しない / 1:橋の上は路面が凍結しやすいため特に速度を落とし急な操作を避ける / 2:橋の上では通常の道路と同じ速度でよい / 3:凍結の心配がある区間ではむしろ加速するとよい,1:橋の上は路面が凍結しやすいため特に速度を落とし急な操作を避ける,橋の上は外気にさらされやすく路面が凍結しやすいため、早朝などは特に速度を落とし急ブレーキや急ハンドルを避ける必要がある。,keep,"obvious_longest,obvious_other",事実は妥当。正解が長く当てやすい,,交通の方法に関する教則 第5章,,,
kg043,kogata_gentsuki_nirin,hazard_prediction,3,後方から接近する緊急自動車のサイレンが聞こえたときの対応として正しいのはどれか。,0:緊急車両を無視して先を急ぐ / 1:急停止してその場で止まる / 2:交差点付近を除き、道路の左側に寄って進路を譲る / 3:そのまま進路を維持して走行を続ける,2:交差点付近を除き、道路の左側に寄って進路を譲る,緊急自動車が接近してきたときは、交差点を避けて道路の左側に寄り、一時停止するなどして進路を譲らなければならない。,keep,"obvious_longest,obvious_other",事実は妥当。正解が長く当てやすい,,交通の方法に関する教則 第5章,,,
kg044,kogata_gentsuki_nirin,hazard_prediction,4,駐車場から道路に出ようとする車を発見したときの二輪車の対応として正しいのはどれか。,0:駐車場の車は動かないと決めつけてよい / 1:自分が優先なので速度を変えず通過する / 2:クラクションを鳴らせば注意する必要はない / 3:その車が急に道路に出てくる可能性を考え速度を落として備える,3:その車が急に道路に出てくる可能性を考え速度を落として備える,駐車場から出ようとする車の運転者が二輪車に気づいていないことがあるため、速度を落とし、相手の動きに備えることが重要である。,keep,"obvious_longest,obvious_other",事実は妥当。正解が長く当てやすい,,交通の方法に関する教則 第5章,,,
kg045,kogata_gentsuki_nirin,hazard_prediction,5,雨上がりのマンホールや白線の上を走行する際の注意点はどれか。,0:これらは乾いた路面より滑りやすいので、なるべく避け急な操作をしない / 1:マンホールや白線は常に安全である / 2:雨上がりは特に注意する必要はない / 3:速度を上げて一気に通過すればよい,0:これらは乾いた路面より滑りやすいので、なるべく避け急な操作をしない,雨で濡れたマンホールや路面標示の上はタイヤが滑りやすいため、可能な限り避け、上を通過する際は急な加速・制動・ハンドル操作を控える。,keep,"obvious_longest,obvious_other",事実は妥当。正解が長く当てやすい,,交通の方法に関する教則 第5章,,,
kg046,kogata_gentsuki_nirin,hazard_prediction,1,右折待ちの対向車がいる交差点を直進する際の注意点として正しいのはどれか。,0:右折車の存在は無視してよい / 1:対向車の陰から二輪車や歩行者が現れる可能性を考え速度を落とす / 2:自分は直進なので速度を落とす必要はない / 3:対向車は必ず自分を待ってくれると考えてよい,1:対向車の陰から二輪車や歩行者が現れる可能性を考え速度を落とす,右折待ちの車の陰に隠れた二輪車や歩行者が見えにくくなることがあるため、速度を落として安全確認をしながら通過する必要がある。,keep,"obvious_longest,obvious_other",事実は妥当。正解が長く当てやすい,,交通の方法に関する教則 第5章,,,
kg048,kogata_gentsuki_nirin,hazard_prediction,3,住宅街で駐車車両の間から子供の姿が見えたときの対応として正しいのはどれか。,0:子供の横を高速で通過してよい / 1:クラクションを鳴らせば速度を落とす必要はない / 2:見えているなら特に危険はない / 3:子供が飛び出す危険を考え、あらかじめ速度を落として備える,3:子供が飛び出す危険を考え、あらかじめ速度を落として備える,子供の姿が見えている場合でも急に道路へ飛び出す可能性があるため、あらかじめ速度を落とし、すぐに止まれるように備えておく必要がある。,keep,"near_dup,obvious_other",kg029と同趣旨(子供の飛び出し),,交通の方法に関する教則 第5章,,,
kg049,kogata_gentsuki_nirin,hazard_prediction,4,夜間、対向車のライトが片方しか見えないときに考えられる危険はどれか。,0:対向車ではなく原付や自転車である可能性があるため注意が必要 / 1:特に注意する必要はない / 2:必ず大型トラックであると判断してよい / 3:片方しか見えないのは故障ではないので無視してよい,0:対向車ではなく原付や自転車である可能性があるため注意が必要,夜間に前照灯が一つしか見えない場合、原付や自転車、または片方のライトが故障した車両である可能性があり、幅の判断を誤らないよう注意が必要である。,keep,obvious_other,ライト片方は二輪車の可能性もあるが正解は妥当,,交通の方法に関する教則 第5章,要,,
kg050,kogata_gentsuki_nirin,hazard_prediction,1,対向車線を走る車が中央線をはみ出して走行しているのを発見した場合の対応はどれか。,0:気づかないふりをして通過する / 1:速度を落とし、左に寄るなどして安全な距離を確保する / 2:対向車に向かって加速する / 3:相手が戻ると信じてそのまま直進する,1:速度を落とし、左に寄るなどして安全な距離を確保する,対向車が中央線をはみ出している場合、衝突を避けるため速度を落とし、可能な範囲で左側に寄るなどして安全な距離を確保する必要がある。,keep,"obvious_longest,obvious_other",事実は妥当。正解が長く当てやすい,,交通の方法に関する教則 第5章,,,
kg051,kogata_gentsuki_nirin,operation,2,エンジンをかける前に行うべき日常点検として正しいのはどれか。,0:点検は特に必要ない / 1:点検は月に一度でよい / 2:タイヤの空気圧やブレーキの効き具合などを確認する / 3:エンジンをかけながら点検すればよい,2:タイヤの空気圧やブレーキの効き具合などを確認する,運転を始める前には、タイヤの空気圧、ブレーキの効き具合、灯火類など、安全に関わる部分を日常点検で確認することが望ましい。,keep,obvious_longest,事実は妥当。正解が長く当てやすい,,交通の方法に関する教則 第2章,,,
kg052,kogata_gentsuki_nirin,operation,3,MT(マニュアルトランスミッション)の125cc二輪車で発進するときの操作手順として正しいのはどれか。,0:クラッチをつないだ状態でギアを入れる / 1:ギアを入れずにアクセルだけで発進する / 2:クラッチレバーを握ったままアクセルだけを開ける / 3:クラッチレバーを握ってギアを1速に入れ、クラッチを徐々につなぎながらアクセルを開ける,3:クラッチレバーを握ってギアを1速に入れ、クラッチを徐々につなぎながらアクセルを開ける,MT車の発進では、クラッチレバーを握った状態で1速に入れ、アクセルを少し開けながらクラッチを徐々につないで滑らかに発進する。,keep,obvious_longest,事実は妥当。正解が長く当てやすい,,交通の方法に関する教則 第2章,要,,
kg053,kogata_gentsuki_nirin,operation,4,AT(オートマチック)の小型二輪車の特徴として正しいのはどれか。,0:クラッチ操作やギアチェンジの操作が不要である / 1:常に手動でギアを変速しなければならない / 2:MT車よりも操作できる速度域が狭い / 3:クラッチ操作が必須である,0:クラッチ操作やギアチェンジの操作が不要である,AT車はクラッチ操作やギアチェンジを運転者が行う必要がなく、アクセルとブレーキ操作を中心に運転できる点が特徴である。,keep,,事実は妥当,,交通の方法に関する教則 第2章,,,
kg054,kogata_gentsuki_nirin,operation,1,二輪車のブレーキ操作の基本として正しいのはどれか。,0:前輪ブレーキのみを使用する / 1:前輪と後輪のブレーキを状況に応じてバランスよく使う / 2:後輪ブレーキのみを使用する / 3:急ブレーキを基本操作とする,1:前輪と後輪のブレーキを状況に応じてバランスよく使う,二輪車の制動は前輪ブレーキと後輪ブレーキを状況に応じて適切な配分で使うことが基本であり、片方だけに頼るとスリップや転倒の危険が高まる。,keep,obvious_longest,事実は妥当。正解が長く当てやすい,,交通の方法に関する教則 第2章,,,
kg055,kogata_gentsuki_nirin,operation,2,カーブを曲がるときの二輪車の基本姿勢として正しいのはどれか。,0:車体を傾けずハンドルだけで曲がる / 1:カーブの中でアクセルを大きく開けて加速しながら曲がる / 2:カーブの手前で十分減速し、車体を適度に傾けて旋回する / 3:ブレーキをかけながら車体を大きく傾ける,2:カーブの手前で十分減速し、車体を適度に傾けて旋回する,カーブは手前で十分に減速したうえで、車体を適度に傾けながら一定の速度で旋回するのが基本である。カーブの途中での急な加減速は転倒の危険を高める。,keep,,事実は妥当,,交通の方法に関する教則 第2章,,,
kg057,kogata_gentsuki_nirin,operation,1,低速でのバランスを保つための運転操作として適切なのはどれか。,0:視線をやや先の進行方向に向け、半クラッチとアクセルを微調整する / 1:アクセルを大きく開閉して調整する / 2:ハンドルを強く固定して動かさない / 3:視線を近くの一点に固定する,0:視線をやや先の進行方向に向け、半クラッチとアクセルを微調整する,低速走行時は視線を先の進行方向に向けてバランスを保ちながら、半クラッチとアクセルの微調整で速度をコントロールすることが望ましい。,keep,obvious_longest,事実は妥当。正解が長く当てやすい,,交通の方法に関する教則 第2章,,,
kg058,kogata_gentsuki_nirin,operation,2,急な下り坂を走行する際の操作として正しいのはどれか。,0:できるだけ速く下り切る / 1:エンジンブレーキを併用しながら速度を制御する / 2:ブレーキを使わず惰性で下る / 3:常にクラッチを切ったまま下る,1:エンジンブレーキを併用しながら速度を制御する,急な下り坂ではフットブレーキやハンドブレーキだけに頼らず、エンジンブレーキも併用して速度を制御することが安全である。,keep,obvious_longest,事実は妥当。正解が長く当てやすい,,交通の方法に関する教則 第2章,,,
kg059,kogata_gentsuki_nirin,operation,3,発進前に行うべきミラーおよび目視の確認について正しいのはどれか。,0:ミラーだけ確認すれば十分である / 1:確認は発進後でよい / 2:ミラーで後方を確認したうえで、死角となる部分を目視でも確認する / 3:後方確認は不要である,2:ミラーで後方を確認したうえで、死角となる部分を目視でも確認する,発進時はミラーで後方の状況を確認したうえで、ミラーだけでは映らない死角部分を実際に目視して安全を確かめる必要がある。,keep,obvious_longest,事実は妥当。正解が長く当てやすい,,交通の方法に関する教則 第2章,,,
kg060,kogata_gentsuki_nirin,operation,1,低速でのUターン(転回)をする際の基本操作として正しいのはどれか。,0:できるだけ大きな半径で急いで回る / 1:アクセルを一気に開けて素早く回る / 2:視線をハンドルの先端に固定する / 3:視線を進行したい方向に向け、半クラッチとリアブレーキを使いながら小さく回る,3:視線を進行したい方向に向け、半クラッチとリアブレーキを使いながら小さく回る,低速でのUターンでは、視線を進みたい方向に向け、半クラッチと後輪ブレーキを併用しながら安定した速度で小さく回ることが基本である。,keep,obvious_longest,事実は妥当。正解が長く当てやすい,,交通の方法に関する教則 第2章,,,
kg061,kogata_gentsuki_nirin,operation,2,二輪車のスタンドについて正しいのはどれか。,0:発進前にサイドスタンドやセンタースタンドが格納されていることを確認する / 1:スタンドは駐車時以外使用しない / 2:走行中はサイドスタンドを出したままでもよい / 3:センタースタンドは走行中の安定に使う,0:発進前にサイドスタンドやセンタースタンドが格納されていることを確認する,サイドスタンドを出したまま発進すると、旋回時に接触して転倒する危険があるため、発進前にスタンドが確実に格納されていることを確認する必要がある。,keep,obvious_longest,事実は妥当。正解が長く当てやすい,,交通の方法に関する教則 第2章,,,
kg062,kogata_gentsuki_nirin,operation,1,急ブレーキが必要になった場合の基本操作として正しいのはどれか。,0:ハンドルを切りながら急ブレーキをかける / 1:車体を垂直に立てた状態で前後輪ブレーキを同時にしっかりかける / 2:後輪ブレーキだけを強くかける / 3:車体を大きく傾けたままブレーキをかける,1:車体を垂直に立てた状態で前後輪ブレーキを同時にしっかりかける,急ブレーキをかけるときは、車体をできるだけ垂直に保ち、前後輪のブレーキをバランスよく使って制動距離を短くすることが基本である。,keep,obvious_longest,事実は妥当。正解が長く当てやすい,,交通の方法に関する教則 第2章,,,
kg064,kogata_gentsuki_nirin,operation,1,二輪車のニーグリップ(膝でタンクを挟む動作)の目的として正しいのはどれか。,0:アクセル操作をしやすくするため / 1:エンジンを冷却するため / 2:ブレーキの効きをよくするため / 3:車体と一体になり安定した姿勢を保つため,3:車体と一体になり安定した姿勢を保つため,ニーグリップは膝でタンク(車体)を挟み、上半身の力を抜いて車体と一体になった安定した運転姿勢を保つための基本動作である。,keep,,事実は妥当,,交通の方法に関する教則 第2章,,,
kg066,kogata_gentsuki_nirin,operation,1,雨天時のブレーキ操作について正しいのはどれか。,0:後輪ブレーキだけを強くかければよい / 1:路面が滑りやすいため、通常よりも早めに、弱い力から徐々にブレーキをかける / 2:晴天時と同じ力加減で急ブレーキをかけてよい / 3:雨天時はブレーキを使わない方がよい,1:路面が滑りやすいため、通常よりも早めに、弱い力から徐々にブレーキをかける,雨天時は路面が滑りやすくタイヤのグリップが低下するため、通常よりも早めのタイミングで、弱い力から徐々にブレーキをかけて制動距離の増加に備える必要がある。,keep,obvious_longest,事実は妥当。正解が長く当てやすい,,交通の方法に関する教則 第2章,,,
kg068,kogata_gentsuki_nirin,operation,1,坂道発進(上り坂)での操作として正しいのはどれか。,0:ブレーキを使わずクラッチだけで発進する / 1:アクセルを大きく開けて一気に発進する / 2:サイドスタンドを出したまま発進する / 3:後輪ブレーキやリアブレーキを使いながら、クラッチをつなぎつつアクセルを開けて後退を防ぐ,3:後輪ブレーキやリアブレーキを使いながら、クラッチをつなぎつつアクセルを開けて後退を防ぐ,上り坂での発進では、後輪ブレーキを使って車体の後退を防ぎながら、クラッチをつなぎアクセルを調整して滑らかに発進することが望ましい。,keep,obvious_longest,事実は妥当。正解が長く当てやすい,,交通の方法に関する教則 第2章,,,
kg069,kogata_gentsuki_nirin,operation,2,二輪車のギアチェンジ(シフトダウン)を行う適切な場面はどれか。,0:速度を落とすときやエンジンブレーキを効かせたいとき / 1:停止直前にのみ行う / 2:常に高いギアを維持すればシフトダウンは不要 / 3:速度を上げているとき,0:速度を落とすときやエンジンブレーキを効かせたいとき,速度を落とすときやエンジンブレーキを積極的に活用したいときには、適切なタイミングでシフトダウンを行い、エンジン回転数を合わせることが必要である。,keep,,事実は妥当,,交通の方法に関する教則 第2章,,,
kg071,kogata_gentsuki_nirin,operation,2,二輪車のチェーン駆動車における日常の取り扱いとして正しいのはどれか。,0:チェーンはできるだけ張りをなくす方がよい / 1:注油はしない方がよい / 2:チェーンのたるみや注油の状態を定期的に確認する / 3:チェーンは一度取り付ければ点検不要である,2:チェーンのたるみや注油の状態を定期的に確認する,チェーン駆動の二輪車は、チェーンのたるみ具合や注油状態を定期的に点検し、適切に整備しておく必要がある。,keep,"topic_mismatch,near_dup,obvious_other",topicTagはmaintenanceが適切。kg097と重複,,交通の方法に関する教則 第2章,,,
kg072,kogata_gentsuki_nirin,operation,1,二輪車のUターン禁止場所での運転として正しいのはどれか。,0:空いていればUターン禁止の場所でも転回してよい / 1:二輪車はUターン禁止の対象外である / 2:対向車がいなければ問題ない / 3:Uターン禁止の標識がある場所では転回してはならない,3:Uターン禁止の標識がある場所では転回してはならない,転回禁止(Uターン禁止)の標識がある場所では、車両の種類を問わず転回することが禁止されている。,keep,topic_mismatch,事実は正確。topicTagはrules/signsが適切,,交通の方法に関する教則 第2章,,,
kg073,kogata_gentsuki_nirin,parking,2,小型限定普通二輪車(側車付きを除く)の最大積載量について正しいのはどれか。,0:60kgまで / 1:90kgまで / 2:30kgまで / 3:制限はない,0:60kgまで,側車付きでない自動二輪車の最大積載量は60kgと定められており、これを超える荷物を積載すると違反となる。,keep,"topic_mismatch,near_dup",60kgは正確。topicTagはrules。kg135と重複,,道路交通法 第44条・第45条 / 教則 第3章,要,,
kg074,kogata_gentsuki_nirin,parking,1,駐車禁止標識のある区間に自動二輪車を止めることについて正しいのはどれか。,0:運転者がすぐ近くにいれば駐車禁止の規制対象外になる / 1:運転者の有無にかかわらず、駐車禁止の規制が適用される / 2:二輪車は駐車禁止規制の対象外である / 3:5分以内なら駐車禁止区間でも止めてよい,1:運転者の有無にかかわらず、駐車禁止の規制が適用される,駐車禁止の規制は、運転者がその場を離れているかどうかにかかわらず適用され、指定区間に自動二輪車を止めることはできない。,keep,near_dup,事実は妥当。kg018と重複,,道路交通法 第44条・第45条 / 教則 第3章,,,
kg075,kogata_gentsuki_nirin,parking,2,「駐車」と「停車」の違いとして正しいのはどれか。,0:駐車と停車に違いはない / 1:駐車は違法だが停車は常に合法である / 2:駐車は継続的に車両を止めておく状態、停車は人の乗り降りなど短時間の停止 / 3:停車の方が駐車より長時間の停止を指す,2:駐車は継続的に車両を止めておく状態、停車は人の乗り降りなど短時間の停止,駐車は継続的な停止状態(荷物の積み下ろしで5分を超える場合や運転者がすぐに運転できない状態など)を指し、停車は人の乗り降りなど短時間の停止を指す。,keep,obvious_longest,事実は妥当。正解が長く当てやすい,,道路交通法 第44条・第45条 / 教則 第3章,要,,
kg076,kogata_gentsuki_nirin,parking,1,駐停車禁止場所として正しいものはどれか。,0:住宅の車庫前ではない一般の道路脇 / 1:駐車場の中 / 2:交差点から50メートル以上離れた直線道路 / 3:交差点の側端または道路の曲がり角から5メートル以内,3:交差点の側端または道路の曲がり角から5メートル以内,交差点の側端または道路の曲がり角から5メートル以内の場所は、見通しの確保のため駐停車が禁止されている。,keep,,事実は妥当,,道路交通法 第44条・第45条 / 教則 第3章,要,,
kg078,kogata_gentsuki_nirin,parking,1,自動二輪車を歩道上に駐車することについて正しいのはどれか。,0:短時間であれば歩道に駐車してよい / 1:歩道は原則として車両の駐車場所ではなく、指定された場所以外は駐車できない / 2:二輪車は軽量なので歩道への駐車が認められている / 3:歩行者の通行を妨げなければ自由に駐車できる,1:歩道は原則として車両の駐車場所ではなく、指定された場所以外は駐車できない,歩道は歩行者のための道路であり、標識などで特に認められた場所を除き、自動二輪車を含む車両を駐車することはできない。,keep,obvious_longest,事実は妥当。正解が長く当てやすい,,道路交通法 第44条・第45条 / 教則 第3章,,,
kg079,kogata_gentsuki_nirin,parking,2,坂道に自動二輪車を駐車する際の注意点として正しいのはどれか。,0:駐車後の措置は特に必要ない / 1:ギアをニュートラルに入れたままにする / 2:スタンドをしっかり立て、車輪止めをするなど動き出しを防ぐ措置をとる / 3:できるだけ急な坂道に止める,2:スタンドをしっかり立て、車輪止めをするなど動き出しを防ぐ措置をとる,坂道に駐車する場合、車両が動き出さないようスタンドを確実に立て、必要に応じて輪止めをするなどの措置をとることが望ましい。,keep,obvious_longest,事実は妥当。正解が長く当てやすい,,道路交通法 第44条・第45条 / 教則 第3章,,,
kg080,kogata_gentsuki_nirin,parking,1,時間制限駐車区間(パーキング・メーター等)における自動二輪車の駐車について正しいのはどれか。,0:夜間は時間制限が適用されない / 1:自動二輪車は対象外なので自由に駐車できる / 2:制限時間を超えても料金を払えば問題ない / 3:表示された制限時間内であれば所定の方法により駐車できる,3:表示された制限時間内であれば所定の方法により駐車できる,時間制限駐車区間では、標示された制限時間の範囲内で、所定の表示方法に従って駐車することが認められている。,keep,obvious_longest,事実は妥当。正解が長く当てやすい,,道路交通法 第44条・第45条 / 教則 第3章,,,
kg084,kogata_gentsuki_nirin,parking,1,無余地駐車の禁止(車両の右側に3.5メートル以上の余地がない場所での駐車禁止)について正しいのはどれか。,0:自動二輪車は車体が小さいため対象外である / 1:夜間のみ適用される / 2:余地の有無にかかわらず自由に駐車できる / 3:他の車両の通行のため必要な余地がない場所での駐車は禁止されている,3:他の車両の通行のため必要な余地がない場所での駐車は禁止されている,駐車した車両の右側に、他の車両が通行するために必要な余地(道路の状況に応じた基準)がない場所での駐車は、車両の種類を問わず禁止されている。,keep,"obvious_longest,vague_prompt",3.5mは正確。正解選択肢が曖昧で長い,,道路交通法 第44条・第45条 / 教則 第3章,要,,
kg085,kogata_gentsuki_nirin,license_system,2,小型限定普通二輪免許で運転できない車両はどれか。,0:総排気量400ccの自動二輪車 / 1:125cc以下の自動二輪車(MT) / 2:50ccの原動機付自転車 / 3:125cc以下の自動二輪車(AT),0:総排気量400ccの自動二輪車,小型限定普通二輪免許は125cc以下の自動二輪車に限られるため、それを超える排気量の車両(例:400cc)を運転することはできない。,keep,,事実は妥当,,道路交通法 第84条・施行規則 / 運転免許関係,要,,
kg086,kogata_gentsuki_nirin,license_system,1,小型限定普通二輪免許から限定条件のない普通二輪免許へ移行する場合について正しいのはどれか。,0:自動的に限定は解除される / 1:限定条件の解除には技能審査や教習等、所定の手続きが必要である / 2:限定解除という制度は存在しない / 3:年齢が20歳になれば自動的に解除される,1:限定条件の解除には技能審査や教習等、所定の手続きが必要である,小型限定の条件を解除して400cc以下の普通二輪免許とするには、教習所での限定解除審査や運転免許試験場での技能試験など所定の手続きを経る必要がある。,keep,obvious_longest,事実は妥当。正解が長く当てやすい,,道路交通法 第84条・施行規則 / 運転免許関係,要,,
kg087,kogata_gentsuki_nirin,license_system,2,小型限定普通二輪免許を取得できる年齢について正しいのはどれか。,0:満20歳以上 / 1:満14歳以上 / 2:満16歳以上 / 3:満18歳以上,2:満16歳以上,普通二輪免許(小型限定を含む)は満16歳以上から取得することができる。,keep,,事実は妥当,,道路交通法 第84条・施行規則 / 運転免許関係,要,,
kg089,kogata_gentsuki_nirin,license_system,2,運転免許証の有効期間中に住所が変わった場合の対応として正しいのはどれか。,0:警察署等で記載事項の変更の手続きを行う / 1:特に届け出をする必要はない / 2:免許証を返納しなければならない / 3:次回更新時にまとめて申告すればよい,0:警察署等で記載事項の変更の手続きを行う,運転免許証に記載された住所などが変わった場合は、速やかに警察署等で記載事項変更の手続きを行う必要がある。,keep,,事実は妥当,,道路交通法 第84条・施行規則 / 運転免許関係,,,
kg091,kogata_gentsuki_nirin,license_system,2,初心運転者標識(初心者マーク)の表示義務について、二輪免許での扱いとして正しいのはどれか。,0:初心者マークは任意ではなく罰則付きで義務化されている / 1:二輪車にも自動車と同じ形の初心者マークを貼る義務がある / 2:普通二輪免許・小型限定普通二輪免許には初心者マークの表示義務はない / 3:取得後1年間は必ず表示しなければならない,2:普通二輪免許・小型限定普通二輪免許には初心者マークの表示義務はない,初心運転者標識の表示義務は普通自動車免許に関するものであり、普通二輪免許・小型限定普通二輪免許を受けた者に表示義務はない。,keep,,二輪免許は初心運転者標識の表示義務なしで妥当,,道路交通法 第84条・施行規則 / 運転免許関係,要,,
kg092,kogata_gentsuki_nirin,license_system,1,運転免許の点数制度において、小型限定普通二輪免許の違反点数の扱いについて正しいのはどれか。,0:点数は免許の種類ごとに完全に別に計算される / 1:二輪車は違反しても罰則のみで点数はつかない / 2:二輪車の違反には点数制度が適用されない / 3:自動車と同様に違反行為の種別・内容に応じて点数が付され、累積により処分の対象となる,3:自動車と同様に違反行為の種別・内容に応じて点数が付され、累積により処分の対象となる,小型限定普通二輪免許であっても、違反行為の内容に応じて点数が付され、累積点数に応じて免許の停止・取消しなどの行政処分の対象となる。,keep,obvious_longest,事実は妥当。正解が長く当てやすい,,道路交通法 第84条・施行規則 / 運転免許関係,,,
kg093,kogata_gentsuki_nirin,maintenance,2,タイヤの空気圧点検について正しいのはどれか。,0:指定された空気圧を保つことで安定した走行やグリップが確保できる / 1:空気圧は低いほど安全である / 2:空気圧の点検は不要である / 3:空気圧はタイヤの寿命が近づくまで気にしなくてよい,0:指定された空気圧を保つことで安定した走行やグリップが確保できる,タイヤの空気圧が適正でないと、操縦安定性の低下や偏摩耗、パンクのリスクが高まるため、指定空気圧を保つよう定期的に点検する必要がある。,keep,,事実は妥当,,交通の方法に関する教則 第2章 / 道路運送車両の保安基準,,,
kg094,kogata_gentsuki_nirin,maintenance,2,エンジンオイルの点検・交換について正しいのはどれか。,0:一度入れれば交換の必要はない / 1:走行距離や期間に応じて定期的に点検・交換し、量や汚れを確認する / 2:オイル交換はエンジンが冷えている必要はない / 3:オイルの量は多ければ多いほどよい,1:走行距離や期間に応じて定期的に点検・交換し、量や汚れを確認する,エンジンオイルは走行距離や使用期間に応じて劣化するため、定期的に点検・交換し、規定量や汚れの状態を確認することが必要である。,keep,obvious_longest,事実は妥当。正解が長く当てやすい,,交通の方法に関する教則 第2章 / 道路運送車両の保安基準,,,
kg095,kogata_gentsuki_nirin,maintenance,2,ブレーキパッド(ブレーキシュー)の点検について正しいのはどれか。,0:摩耗していても走行には影響しない / 1:点検は車検のときだけでよい / 2:摩耗の限度を超えるとブレーキの効きが悪化するため定期的に点検する / 3:ブレーキパッドは交換不要な部品である,2:摩耗の限度を超えるとブレーキの効きが悪化するため定期的に点検する,ブレーキパッドやブレーキシューは使用とともに摩耗するため、摩耗限度を超えて使用すると制動性能が低下する。定期的な点検・交換が必要である。,keep,obvious_longest,事実は妥当。正解が長く当てやすい,,交通の方法に関する教則 第2章 / 道路運送車両の保安基準,,,
kg096,kogata_gentsuki_nirin,maintenance,2,灯火類(前照灯・尾灯・方向指示器等)の日常点検について正しいのはどれか。,0:灯火の球切れは走行に影響しない / 1:昼間は灯火の点検をしなくてよい / 2:灯火類は車検のときだけ確認すればよい / 3:点灯・点滅するかどうかを日常的に確認することが望ましい,3:点灯・点滅するかどうかを日常的に確認することが望ましい,前照灯、尾灯、方向指示器などの灯火類は、周囲への意思表示や視認性確保に重要なため、日常点検で点灯・点滅を確認することが望ましい。,keep,obvious_longest,事実は妥当。正解が長く当てやすい,,交通の方法に関する教則 第2章 / 道路運送車両の保安基準,,,
kg097,kogata_gentsuki_nirin,maintenance,2,チェーンやベルトなど駆動系のたるみ点検について正しいのはどれか。,0:たるみが適正範囲にないと、走行中の脱落や異音、駆動効率の低下につながる / 1:たるみは多いほど良い / 2:駆動系の点検は不要である / 3:たるみが全くない状態が最も安全である,0:たるみが適正範囲にないと、走行中の脱落や異音、駆動効率の低下につながる,駆動用チェーンやベルトのたるみが適正範囲から外れると、走行中の脱落や異音、駆動効率の低下、部品の早期摩耗につながるため定期点検が必要である。,keep,near_dup,kg071と重複(チェーン点検),,交通の方法に関する教則 第2章 / 道路運送車両の保安基準,,,
kg098,kogata_gentsuki_nirin,signs,2,「二輪車通行止め」の標識がある道路について正しいのはどれか。,0:自動二輪車だけが通行できる / 1:原動機付自転車と自動二輪車の通行が禁止されている / 2:125cc以下の二輪車のみ通行できる / 3:夜間のみ通行が禁止される,1:原動機付自転車と自動二輪車の通行が禁止されている,「二輪車通行止め」の標識がある道路は、原動機付自転車と自動二輪車の両方の通行が禁止されている区間であることを示す。,keep,weak_explanation,標識名は「二輪の自動車・原動機付自転車通行止め」。解説が簡素,,道路標識、区画線及び道路標示に関する命令 / 教則 第1章,要,,
kg099,kogata_gentsuki_nirin,signs,2,「最高速度」の標識に表示されている数値の意味として正しいのはどれか。,0:駐車できる時間を示す / 1:追い越しができる速度を示す / 2:その道路で出すことができる最高速度を示す / 3:その道路で出してよい速度の下限を示す,2:その道路で出すことができる最高速度を示す,「最高速度」の標識は、その道路区間で車両が出すことのできる最高速度を示すものであり、これを超えて走行することはできない。,keep,,事実は妥当,,道路標識、区画線及び道路標示に関する命令 / 教則 第1章,,,
kg100,kogata_gentsuki_nirin,emergency,2,走行中にエンジンから異音がし、白煙が上がり始めた場合の対応として正しいのはどれか。,0:そのまま走行を続けて様子を見る / 1:エンジンをかけたまま放置する / 2:速度を上げて目的地まで急ぐ / 3:安全な場所に速やかに停止し、エンジンを止めて状況を確認する,3:安全な場所に速やかに停止し、エンジンを止めて状況を確認する,走行中に異音や白煙など異常を感じた場合は、安全な場所に速やかに停止してエンジンを止め、状況を確認することが火災など重大な事故を防ぐために重要である。,keep,obvious_longest,事実は妥当。正解が長く当てやすい,,交通の方法に関する教則 第5章・第6章,,,
kg101,kogata_gentsuki_nirin,license_system,3,小型限定普通二輪免許を受けている人が運転できる車の組み合わせとして正しいのはどれか。,0:総排気量125cc以下の普通自動二輪車、小型特殊自動車、原動機付自転車 / 1:総排気量125cc以下の普通自動二輪車と総排気量250cc以下の側車付き二輪車 / 2:総排気量125cc以下の普通自動二輪車のみ / 3:総排気量125cc以下の普通自動二輪車と普通自動車,0:総排気量125cc以下の普通自動二輪車、小型特殊自動車、原動機付自転車,普通二輪免許(小型限定を含む)では、限定の範囲内の普通自動二輪車のほか、小型特殊自動車と原動機付自転車も運転できる。普通自動車は運転できない。,keep,,事実は妥当,,道路交通法 第84条・施行規則 / 運転免許関係,要,,
kg103,kogata_gentsuki_nirin,license_system,4,総排気量125cc以下で最高出力を4.0kW以下に制御した、いわゆる「新基準原付」について正しいのはどれか。,0:小型限定普通二輪免許がなければ運転できない / 1:原付免許で運転でき、二段階右折の必要はない / 2:原付免許でも運転でき、法定速度や二段階右折などのルールは原動機付自転車と同じ扱いになる / 3:原付免許で運転できるが、法定速度は60km/hとなる,2:原付免許でも運転でき、法定速度や二段階右折などのルールは原動機付自転車と同じ扱いになる,令和7年4月から、総排気量125cc以下で最高出力4.0kW以下の二輪車は原動機付自転車として扱われる。そのため法定速度30km/h、二段階右折などのルールも原付と同じである。,keep,outdated,新基準原付の説明は正確。出力基準は要確認,,道路交通法 第84条・施行規則 / 運転免許関係,要,,
kg105,kogata_gentsuki_nirin,license_system,3,初めて二輪免許(小型限定普通二輪免許)を取得した人の「初心運転者期間」として正しいのはどれか。,0:免許を取得した日から1年間 / 1:二輪免許には初心運転者期間の制度はない / 2:免許を取得した日から6か月間 / 3:免許を取得した日から3年間,0:免許を取得した日から1年間,初心運転者期間制度は二輪免許にも適用され、取得日から1年間が初心運転者期間となる。初心者マークの表示義務がないことと混同しないようにする。,keep,obvious_longest,1年は正しい(初心運転者期間),,道路交通法 第84条・施行規則 / 運転免許関係,要,,
kg106,kogata_gentsuki_nirin,license_system,4,初心運転者期間中に一定の基準以上の違反点数に達した場合について正しいのはどれか。,0:直ちに免許が取り消される / 1:初心運転者講習の対象となり、受講しなかったりその後さらに違反したりすると再試験を受けることになる / 2:反則金を二倍支払えば処分を受けない / 3:原付免許に格下げされる,1:初心運転者講習の対象となり、受講しなかったりその後さらに違反したりすると再試験を受けることになる,初心運転者期間中に基準以上の違反をすると初心運転者講習の通知が来る。講習を受けない場合や受講後に再び基準に達した場合は再試験となり、不合格なら免許が取り消される。,keep,,初心運転者講習・再試験の流れの正確性は要確認,,道路交通法 第84条・施行規則 / 運転免許関係,要,,
kg107,kogata_gentsuki_nirin,license_system,1,近所の店まで数分だけ125ccバイクで出かける場合の免許証の扱いとして正しいのはどれか。,0:自宅から1km以内であれば携帯しなくてよい / 1:近所であれば免許証を持たなくてもよい / 2:距離や時間にかかわらず、運転するときは免許証を携帯しなければならない / 3:車体に免許証のコピーを備えておけばよい,2:距離や時間にかかわらず、運転するときは免許証を携帯しなければならない,運転するときは、距離や時間の長短に関係なく免許証を携帯しなければならない。携帯していないと免許証不携帯となる。,keep,obvious_longest,事実は妥当。正解が長く当てやすい,,道路交通法 第84条・施行規則 / 運転免許関係,要,,
kg108,kogata_gentsuki_nirin,license_system,2,運転免許証の更新手続きができる期間として正しいのはどれか。,0:誕生日の3か月前から誕生日当日まで / 1:有効期間が満了する日の前後1週間 / 2:有効期間が満了した後であればいつでもよい / 3:有効期間が満了する年の誕生日の1か月前から誕生日の1か月後まで,3:有効期間が満了する年の誕生日の1か月前から誕生日の1か月後まで,免許の更新期間は、有効期間満了の年の誕生日の前後1か月間(誕生日の1か月前から1か月後まで)である。,keep,obvious_longest,事実は妥当。正解が長く当てやすい,,道路交通法 第84条・施行規則 / 運転免許関係,要,,
kg110,kogata_gentsuki_nirin,license_system,2,二輪免許の仮運転免許について正しいのはどれか。,0:仮運転免許を受ければ練習のため公道を運転できる / 1:二輪免許には仮運転免許の制度はない / 2:仮運転免許の有効期間は1年である / 3:仮運転免許は16歳から取得できる,1:二輪免許には仮運転免許の制度はない,仮運転免許は普通・準中型・中型・大型自動車の練習用であり、二輪免許や原付免許には仮免許の制度がない。,keep,,事実は妥当,,道路交通法 第84条・施行規則 / 運転免許関係,要,,
kg111,kogata_gentsuki_nirin,license_system,3,小型限定普通二輪免許を持つ17歳の人が大型二輪免許を取得することについて正しいのはどれか。,0:16歳以上であれば誰でも受けられる / 1:二輪免許の経験が1年以上あれば17歳でも受けられる / 2:大型二輪免許は18歳以上でなければ受けることができない / 3:20歳以上でなければ受けられない,2:大型二輪免許は18歳以上でなければ受けることができない,大型二輪免許を受けられるのは18歳以上である。小型限定普通二輪免許や普通二輪免許は16歳以上で受けられる。,keep,category_mismatch,大型二輪の話でogata_nirin区分向き。事実は正確,,道路交通法 第84条・施行規則 / 運転免許関係,,,
kg112,kogata_gentsuki_nirin,license_system,1,大型二輪免許を受けている人が総排気量125ccの二輪車を運転することについて正しいのはどれか。,0:MT車であれば運転できるがAT車は運転できない / 1:小型限定普通二輪免許を別に取らなければ運転できない / 2:排気量が小さすぎるため運転できない / 3:大型二輪免許で運転できる,3:大型二輪免許で運転できる,大型二輪免許では排気量にかかわらずすべての自動二輪車を運転でき、普通自動二輪車(小型を含む)、小型特殊自動車、原付も運転できる。,keep,category_mismatch,ogata_nirin区分向き。事実は正確,,道路交通法 第84条・施行規則 / 運転免許関係,,,
kg113,kogata_gentsuki_nirin,license_system,2,総排気量125cc以下の二輪車の自動車損害賠償責任保険(自賠責保険)について正しいのはどれか。,0:加入が義務付けられており、証明書を備え付けて運転しなければならない / 1:任意保険に入っていれば自賠責保険には入らなくてよい / 2:250cc以上の二輪車だけが加入義務の対象である / 3:車検がないので加入は任意である,0:加入が義務付けられており、証明書を備え付けて運転しなければならない,自賠責保険はすべての自動車・原付に加入が義務付けられている強制保険である。車検のない二輪車でも加入が必要で、証明書を備え付ける。,keep,obvious_longest,事実は妥当。正解が長く当てやすい,,道路交通法 第84条・施行規則 / 運転免許関係,要,,
kg115,kogata_gentsuki_nirin,license_system,2,運転免許証をなくしてしまった場合について正しいのはどれか。,0:次の更新までは届出をしなくてよい / 1:免許を受けていることに変わりはないので、そのまま運転してよい / 2:再交付の申請をし、再交付を受けるまでは運転しない / 3:警察に届ければ再交付を受けなくても運転できる,2:再交付の申請をし、再交付を受けるまでは運転しない,免許証を紛失したら公安委員会(運転免許センター等)で再交付を受ける。免許証を持たずに運転すれば免許証不携帯になる。,keep,,事実は妥当,,道路交通法 第84条・施行規則 / 運転免許関係,,,
kg116,kogata_gentsuki_nirin,license_system,4,小型限定普通二輪免許の免許証の表示について正しいのはどれか。,0:専用の「小型二輪」という免許の種類の欄に記載される / 1:原付免許の欄に125ccまでと記載される / 2:大型二輪免許の欄に小型に限る旨が記載される / 3:普通二輪免許の欄に記載され、条件等の欄に小型に限る旨が記載される,3:普通二輪免許の欄に記載され、条件等の欄に小型に限る旨が記載される,小型限定普通二輪免許は、普通二輪免許に「小型に限る」という条件が付いたものである。独立した免許の種類ではない。,keep,,事実は妥当,,道路交通法 第84条・施行規則 / 運転免許関係,要,,
kg117,kogata_gentsuki_nirin,license_system,5,前歴がない人の違反点数が累積して免許停止処分の対象となる点数として正しいのはどれか。,0:6点以上 / 1:3点以上 / 2:15点以上 / 3:10点以上,0:6点以上,前歴がない場合、累積点数が6点以上になると免許停止処分の対象となり、15点以上で免許取消しの対象となる。,keep,obvious_longest,6点・15点は正確,,道路交通法 第84条・施行規則 / 運転免許関係,,,
kg118,kogata_gentsuki_nirin,license_system,5,指定自動車教習所を卒業せず、運転免許試験場で直接技能試験に合格して小型限定普通二輪免許を受ける場合について正しいのはどれか。,0:講習は免許取得後1年以内に受ければよい / 1:免許の交付前に、二輪車の取得時講習と応急救護処置講習を受ける必要がある / 2:試験に合格すればそのまま免許が交付され、講習は一切不要である / 3:学科試験に満点で合格した人は講習が免除される,1:免許の交付前に、二輪車の取得時講習と応急救護処置講習を受ける必要がある,教習所を卒業していない人が試験場で合格した場合、免許交付前に取得時講習(二輪車講習・応急救護処置講習)を受けなければならない。,keep,,事実は妥当,,道路交通法 第84条・施行規則 / 運転免許関係,要,,
kg119,kogata_gentsuki_nirin,signs,2,「自動車専用」の標識がある道路の通行について、総排気量125ccの二輪車の場合として正しいのはどれか。,0:法定速度を守れば通行できる / 1:昼間に限り通行できる / 2:総排気量125cc以下の二輪車は通行できない / 3:二輪車であれば排気量にかかわらず通行できる,2:総排気量125cc以下の二輪車は通行できない,自動車専用道路は、総排気量125cc以下の普通自動二輪車や原付は通行できない。高速自動車国道と同様の扱いである。,keep,,事実は妥当,,道路標識、区画線及び道路標示に関する命令 / 教則 第1章,要,,
kg120,kogata_gentsuki_nirin,signs,4,「大型自動二輪車及び普通自動二輪車二人乗り通行禁止」の標識がある道路で、125ccの二輪車に同乗者を乗せて走行することについて正しいのはどれか。,0:免許取得後1年以上であれば通行できる / 1:125cc以下は小型二輪なので規制の対象外である / 2:同乗者がヘルメットをかぶっていれば通行できる / 3:125ccの二輪車も普通自動二輪車にあたるため、二人乗りで通行することはできない,3:125ccの二輪車も普通自動二輪車にあたるため、二人乗りで通行することはできない,小型限定免許で運転できる二輪車も区分上は普通自動二輪車であるため、この標識の規制を受ける。一人乗りであれば通行できる。,keep,obvious_longest,事実は妥当。正解が長く当てやすい,,道路標識、区画線及び道路標示に関する命令 / 教則 第1章,要,,
kg122,kogata_gentsuki_nirin,signs,5,「二輪の自動車以外の自動車通行止め」の標識がある道路について正しいのはどれか。,0:自動二輪車と原付だけが通行できない / 1:自動二輪車は通行でき、四輪の自動車などは通行できない / 2:二輪の自動車は通行できるが、125cc以下は通行できない / 3:自動二輪車も含めてすべての自動車が通行できない,1:自動二輪車は通行でき、四輪の自動車などは通行できない,この標識は二輪の自動車(自動二輪車)以外の自動車の通行を禁止するものである。二輪の自動車は通行でき、原付もこの規制の対象外である。,keep,,事実は妥当,,道路標識、区画線及び道路標示に関する命令 / 教則 第1章,要,,
kg123,kogata_gentsuki_nirin,emergency,2,交通事故を起こし、相手にけが人がいる場合に運転者がとるべき行動として正しいのはどれか。,0:まず保険会社に連絡し、指示があるまでその場を離れる / 1:けがが軽そうであれば連絡先を交換して立ち去る / 2:続発事故を防ぐ措置をとり、負傷者を救護したうえで警察官に事故の状況を報告する / 3:相手と示談がまとまれば警察に届ける必要はない,2:続発事故を防ぐ措置をとり、負傷者を救護したうえで警察官に事故の状況を報告する,事故を起こしたら、直ちに運転を停止し、負傷者の救護と道路上の危険防止の措置をとり、警察官に報告しなければならない。示談の有無は関係ない。,keep,,事故時の措置は妥当,,交通の方法に関する教則 第5章・第6章,,,
kg124,kogata_gentsuki_nirin,emergency,3,反応がなく普段どおりの呼吸がない負傷者に胸骨圧迫を行う場合のテンポとして正しいのはどれか。,0:1分間に60回程度で、胸が約1cm沈む程度に軽く押す / 1:1分間に200回以上の速さでできるだけ速く押す / 2:1分間に30〜40回のテンポでゆっくり押す / 3:1分間に100〜120回のテンポで、胸が約5cm沈むように強く押す,3:1分間に100〜120回のテンポで、胸が約5cm沈むように強く押す,胸骨圧迫は、胸の真ん中を1分間に100〜120回のテンポで、約5cm沈む強さで絶え間なく行う。,keep,,事実は妥当,,交通の方法に関する教則 第5章・第6章,要,,
kg125,kogata_gentsuki_nirin,maintenance,3,二輪車のタイヤの溝の深さについて、使用限度として正しいのはどれか。,0:0.8mm以上の深さが必要で、スリップサインが現れたら交換する / 1:1.6mm以上の深さが必要である / 2:3.0mm以上の深さが必要である / 3:溝が見えていれば深さは問わない,0:0.8mm以上の深さが必要で、スリップサインが現れたら交換する,二輪車のタイヤの溝は0.8mm以上必要である(四輪自動車は1.6mm)。スリップサインが出たタイヤは交換する。,keep,,二輪0.8mmは保安基準に合致,,交通の方法に関する教則 第2章 / 道路運送車両の保安基準,要,,
kg126,kogata_gentsuki_nirin,maintenance,1,ブレーキレバーの点検について正しいのはどれか。,0:遊びは全くない状態が最も安全である / 1:適度な遊びがあり、握ったときにグリップとの間に適当なすき間が残るか確認する / 2:握ってグリップに当たるくらいがよく効く状態である / 3:ブレーキレバーは走行後に点検すればよい,1:適度な遊びがあり、握ったときにグリップとの間に適当なすき間が残るか確認する,ブレーキレバーは遊びが適正で、いっぱいに握ったときにグリップとの間に適当なすき間があることを確認する。遊びが大きすぎると効きが悪い。,keep,obvious_longest,事実は妥当。正解が長く当てやすい,,交通の方法に関する教則 第2章 / 道路運送車両の保安基準,,,
kg127,kogata_gentsuki_nirin,maintenance,2,液補充式のバッテリーの点検について正しいのはどれか。,0:バッテリー液は点検する必要がない / 1:液は多ければ多いほどよいので上限を超えて補充する / 2:液量が上限(UPPER)と下限(LOWER)の間にあるか確認する / 3:液量が下限を下回っても走行には影響しない,2:液量が上限(UPPER)と下限(LOWER)の間にあるか確認する,液補充式のバッテリーは液量が上限と下限の間にあることを確認し、不足していれば補充する。,keep,obvious_longest,事実は妥当。正解が長く当てやすい,,交通の方法に関する教則 第2章 / 道路運送車両の保安基準,,,
kg128,kogata_gentsuki_nirin,maintenance,1,日常点検でハンドルについて確認することとして正しいのはどれか。,0:ハンドルグリップの色があせていないか / 1:ハンドルが左右どちらかに傾いて固定されているか / 2:ハンドルが軽く勝手に動くほど緩んでいるか / 3:ハンドルが重くないか、がたつきや取られる感じがないか,3:ハンドルが重くないか、がたつきや取られる感じがないか,ハンドルは重さや、がた・取られがないかを点検する。異常があると操縦が不安定になり危険である。,keep,,事実は妥当,,交通の方法に関する教則 第2章 / 道路運送車両の保安基準,,,
kg129,kogata_gentsuki_nirin,maintenance,1,水冷エンジンの二輪車の冷却水の点検について正しいのはどれか。,0:エンジンが冷えているときにリザーバタンクの液量が規定の範囲内にあるか確認する / 1:冷却水が不足したら、ガソリンを補充すればよい / 2:冷却水は減らないので点検は必要ない / 3:走行直後のエンジンが熱いうちにラジエータのキャップを開けて確認する,0:エンジンが冷えているときにリザーバタンクの液量が規定の範囲内にあるか確認する,冷却水はエンジンが冷えている状態でリザーバタンクの液量を確認する。熱いときにキャップを開けると熱湯が噴き出して危険である。,keep,,事実は妥当,,交通の方法に関する教則 第2章 / 道路運送車両の保安基準,,,
kg130,kogata_gentsuki_nirin,maintenance,2,ディスクブレーキのブレーキ液(ブレーキフルード)について正しいのはどれか。,0:液量はブレーキの効きに関係しない / 1:液量が規定の範囲にあるか点検し、少なくなっている場合はパッドの摩耗や液漏れも疑う / 2:液が減っていたら水を足せばよい / 3:ブレーキ液は一度入れれば交換する必要はない,1:液量が規定の範囲にあるか点検し、少なくなっている場合はパッドの摩耗や液漏れも疑う,ブレーキ液の減少はパッドの摩耗や液漏れのサインである。規定の液を使い、定期的に交換する必要がある。,keep,obvious_longest,事実は妥当。正解が長く当てやすい,,交通の方法に関する教則 第2章 / 道路運送車両の保安基準,,,
kg131,kogata_gentsuki_nirin,maintenance,1,タイヤの空気圧が不足した状態で走行した場合について正しいのはどれか。,0:タイヤの接地面が増えるので安全性が高まる / 1:二輪車のタイヤでは影響がない / 2:ハンドル操作が重くなり、偏った摩耗や発熱による損傷の原因になる / 3:燃費が良くなり経済的である,2:ハンドル操作が重くなり、偏った摩耗や発熱による損傷の原因になる,空気圧不足は操縦性の悪化や偏摩耗、発熱による損傷などの原因となる。指定の空気圧に保つことが大切である。,keep,obvious_longest,事実は妥当。正解が長く当てやすい,,交通の方法に関する教則 第2章 / 道路運送車両の保安基準,,,
kg132,kogata_gentsuki_nirin,maintenance,2,エアクリーナー(エアフィルター)が汚れて詰まった場合に起こりやすいこととして正しいのはどれか。,0:タイヤの空気圧が下がる / 1:ブレーキの効きが悪くなる / 2:前照灯が暗くなる / 3:エンジンの出力が低下したり燃費が悪くなったりする,3:エンジンの出力が低下したり燃費が悪くなったりする,エアクリーナーが詰まるとエンジンに十分な空気が入らず、出力低下や燃費の悪化につながる。定期的に清掃・交換する。,keep,obvious_longest,事実は妥当。正解が長く当てやすい,,交通の方法に関する教則 第2章 / 道路運送車両の保安基準,,,
kg133,kogata_gentsuki_nirin,maintenance,1,日常点検を行う責任について正しいのはどれか。,0:二輪車の使用者(運転者)が、使用状況に応じて自ら点検する / 1:点検は年に一度だけ行えばよい / 2:販売店が定期的に行うので、運転者が行う必要はない / 3:車検のない二輪車は点検の必要がない,0:二輪車の使用者(運転者)が、使用状況に応じて自ら点検する,日常点検は車の使用者が自らの責任で行うものである。走行距離や運行時の状態などから判断して適切な時期に行う。,keep,,事実は妥当,,交通の方法に関する教則 第2章 / 道路運送車両の保安基準,,,
kg134,kogata_gentsuki_nirin,maintenance,1,制動灯(ブレーキランプ)の点検方法として正しいのはどれか。,0:方向指示器を出して点灯するか確認する / 1:前輪ブレーキと後輪ブレーキをそれぞれ操作し、どちらでも点灯するか確認する / 2:エンジンを止めた状態でアクセルを回して確認する / 3:前照灯をつけて一緒に点灯するか確認する,1:前輪ブレーキと後輪ブレーキをそれぞれ操作し、どちらでも点灯するか確認する,制動灯は前輪・後輪それぞれのブレーキ操作で点灯するかを確認する。後続車への合図となる重要な灯火である。,keep,obvious_longest,事実は妥当。正解が長く当てやすい,,交通の方法に関する教則 第2章 / 道路運送車両の保安基準,,,
kg135,kogata_gentsuki_nirin,parking,4,原動機付自転車(一種)と総排気量125cc以下の普通自動二輪車の積載重量の制限を比べた場合として正しいのはどれか。,0:どちらも30kgまでである / 1:原付は60kgまで、普通自動二輪車は90kgまでである / 2:原付は30kgまで、普通自動二輪車は60kgまでである / 3:どちらも60kgまでである,2:原付は30kgまで、普通自動二輪車は60kgまでである,積載物の重量の制限は、原動機付自転車が30kg、自動二輪車が60kgである。排気量が125cc以下でも自動二輪車は60kgとなる。,keep,"topic_mismatch,near_dup",積載重量は正確。topicはrules。kg073と重複,,道路交通法 第44条・第45条 / 教則 第3章,要,,
kg136,kogata_gentsuki_nirin,parking,4,125ccの二輪車の荷台に長い荷物を積む場合、積載物の長さの制限として正しいのはどれか。,0:荷台の長さに1mを加えた長さまで / 1:地上から2mの長さまで / 2:車体の全長の1.5倍まで / 3:積載装置(荷台)の長さに30cmを加えた長さまで,3:積載装置(荷台)の長さに30cmを加えた長さまで,自動二輪車の積載物の長さは、積載装置の長さに30cmを加えたものを超えてはならない。,keep,topic_mismatch,積載長さ+0.3mは正確。topicはrules,,道路交通法 第44条・第45条 / 教則 第3章,要,,
kg137,kogata_gentsuki_nirin,parking,5,125ccの二輪車の荷台に幅の広い荷物を積む場合の制限として正しいのはどれか。,0:積載装置(荷台)の幅から左右それぞれ15cmを超えてはみ出してはならない / 1:幅についての制限はない / 2:左右それぞれ50cmまではみ出してよい / 3:ハンドルの幅までであればはみ出してもよい,0:積載装置(荷台)の幅から左右それぞれ15cmを超えてはみ出してはならない,自動二輪車の積載物の幅は、積載装置の幅に30cm(左右それぞれ15cm)を加えた範囲までとされている。,keep,topic_mismatch,積載幅+各15cmは正確。topicはrules,,道路交通法 第44条・第45条 / 教則 第3章,要,,
kg138,kogata_gentsuki_nirin,parking,2,消火栓や指定消防水利の標識がある場所の付近での駐車について正しいのはどれか。,0:消火栓から1m以内でなければ駐車できる / 1:消火栓などから5m以内の場所には駐車してはならない / 2:消火栓の付近は停車も駐車も自由である / 3:二輪車であれば消火栓の前でも駐車できる,1:消火栓などから5m以内の場所には駐車してはならない,消火栓、指定消防水利の標識がある位置、消防用防火水槽の取入口から5m以内は駐車禁止である。火災報知機の1mと混同しないようにする。,keep,obvious_longest,事実は妥当。正解が長く当てやすい,,道路交通法 第44条・第45条 / 教則 第3章,要,,
kg139,kogata_gentsuki_nirin,parking,2,自動車用の出入口がある駐車場や車庫の前での駐車について正しいのはどれか。,0:出入口の正面でなければ出入口から1m離れていれば駐車できる / 1:出入口から10m以内の場所には停車もしてはならない / 2:駐車場や車庫などの自動車用の出入口から3m以内の場所には駐車してはならない / 3:二輪車は小さいので出入口の前でも駐車できる,2:駐車場や車庫などの自動車用の出入口から3m以内の場所には駐車してはならない,駐車場、車庫などの自動車用の出入口から3m以内は駐車禁止の場所である。,keep,,事実は妥当,,道路交通法 第44条・第45条 / 教則 第3章,要,,
kg140,kogata_gentsuki_nirin,parking,2,踏切付近での駐停車について正しいのはどれか。,0:踏切の遮断機が上がっていれば踏切の前後で駐停車できる / 1:踏切付近は駐車禁止だが停車はできる / 2:踏切の手前5m以内だけが駐停車禁止である / 3:踏切とその端から前後10m以内の場所は駐停車禁止である,3:踏切とその端から前後10m以内の場所は駐停車禁止である,踏切とその端から前後10m以内の場所は駐停車禁止である。,keep,,事実は妥当,,道路交通法 第44条・第45条 / 教則 第3章,要,,
kg141,kogata_gentsuki_nirin,parking,5,安全地帯がある場所での駐停車について正しいのはどれか。,0:安全地帯の左側とその前後10m以内の場所は駐停車禁止である / 1:安全地帯の前後5m以内だけが駐車禁止で停車はできる / 2:安全地帯の付近には特に規制はない / 3:安全地帯の右側だけが駐停車禁止である,0:安全地帯の左側とその前後10m以内の場所は駐停車禁止である,安全地帯の左側と、その前後10m以内の場所は駐停車禁止である。,keep,,事実は妥当,,道路交通法 第44条・第45条 / 教則 第3章,要,,
kg142,kogata_gentsuki_nirin,parking,1,横断歩道や自転車横断帯の付近での駐停車について正しいのはどれか。,0:歩行者がいないときは横断歩道の上に停車してもよい / 1:横断歩道・自転車横断帯とその端から前後5m以内の場所は駐停車禁止である / 2:横断歩道の前後1m以内だけが駐停車禁止である / 3:横断歩道の上でなければ、すぐ手前に止めてもよい,1:横断歩道・自転車横断帯とその端から前後5m以内の場所は駐停車禁止である,横断歩道・自転車横断帯とその端から前後5m以内は駐停車禁止である。止まった車が歩行者の姿を隠す危険があるためである。,keep,obvious_longest,事実は妥当。正解が長く当てやすい,,道路交通法 第44条・第45条 / 教則 第3章,要,,
kg143,kogata_gentsuki_nirin,parking,4,坂道での駐停車について正しいのはどれか。,0:二輪車は坂道のどこでも駐停車できる / 1:勾配の急な下り坂だけが駐停車禁止で、上り坂では駐停車できる / 2:坂の頂上付近と勾配の急な坂は、上り・下りを問わず駐停車禁止である / 3:坂道では停車はできないが駐車はできる,2:坂の頂上付近と勾配の急な坂は、上り・下りを問わず駐停車禁止である,坂の頂上付近と勾配の急な坂は、上り坂・下り坂を問わず駐停車禁止である。追越し禁止の「急な下り坂」と混同しないようにする。,keep,,事実は妥当,,道路交通法 第44条・第45条 / 教則 第3章,,,
kg144,kogata_gentsuki_nirin,parking,2,トンネル内での駐停車について正しいのはどれか。,0:照明のあるトンネルでは駐停車できる / 1:二輪車は幅が狭いのでトンネル内で駐車できる / 2:車両通行帯のあるトンネルでは駐停車できる / 3:車両通行帯の有無にかかわらず、トンネル内は駐停車禁止である,3:車両通行帯の有無にかかわらず、トンネル内は駐停車禁止である,トンネル内は車両通行帯の有無に関係なく駐停車禁止である。車両通行帯がある場合に限り認められる追越しのルールと混同しないようにする。,keep,obvious_longest,事実は妥当。正解が長く当てやすい,,道路交通法 第44条・第45条 / 教則 第3章,,,
kg145,kogata_gentsuki_nirin,parking,1,125ccの二輪車で二人乗りをする場合の車体の条件として正しいのはどれか。,0:同乗者用の座席(乗車装置)と足かけ(ステップ)が備えられていること / 1:荷台に座布団を固定すれば二人乗りできる / 2:同乗者用のステップがなくても座席があればよい / 3:車体の条件はなく、免許の条件を満たせばよい,0:同乗者用の座席(乗車装置)と足かけ(ステップ)が備えられていること,二人乗りは、同乗者用の乗車装置(座席)とステップなど、二人乗りのための装置がある二輪車でなければできない。,keep,topic_mismatch,二人乗り条件は妥当。topicはrules,,道路交通法 第44条・第45条 / 教則 第3章,,,
kg146,kogata_gentsuki_nirin,parking,5,原付免許を2年間持っていた人が、小型限定普通二輪免許を取得して半年後に一般道路で二人乗りをすることについて正しいのはどれか。,0:125cc以下であれば免許取得直後から二人乗りができる / 1:二輪免許を受けていた期間が通算1年に満たないので、二人乗りはできない / 2:同乗者が二輪免許を持っていれば二人乗りができる / 3:原付免許の期間と合わせて1年以上なので二人乗りができる,1:二輪免許を受けていた期間が通算1年に満たないので、二人乗りはできない,一般道路での二人乗りは、大型二輪免許または普通二輪免許(小型限定を含む)を受けていた期間が通算1年以上必要である。原付免許の期間は含まれない。,keep,"topic_mismatch,near_dup",1年要件は妥当。topicはrules。kg003と重複,,道路交通法 第44条・第45条 / 教則 第3章,要,,
kg147,kogata_gentsuki_nirin,parking,1,二人乗りのときに同乗者の乗り方として正しいのはどれか。,0:横向きに座り、片手で荷台をつかむ / 1:運転の邪魔にならないよう、手はどこにもつかまらない / 2:またがって乗り、ステップに足をのせて運転者の腰などをしっかりつかむ / 3:同乗者は運転者と逆方向に体を傾ける,2:またがって乗り、ステップに足をのせて運転者の腰などをしっかりつかむ,同乗者は正しくまたがり、ステップに足をのせ、運転者の腰やベルト・グリップなどにしっかりつかまるようにする。横乗りは危険である。,keep,topic_mismatch,事実は妥当。topicはoperation,,道路交通法 第44条・第45条 / 教則 第3章,,,
kg148,kogata_gentsuki_nirin,parking,2,二人乗りで走行するときの運転の変化について正しいのはどれか。,0:重さで車体が安定するため、一人乗りより制動距離が短くなる / 1:二人乗りでも一人乗りと運転の感覚は全く変わらない / 2:同乗者がいる分、加速が鋭くなる / 3:車体が重くなるため制動距離が長くなり、早めのブレーキ操作が必要になる,3:車体が重くなるため制動距離が長くなり、早めのブレーキ操作が必要になる,二人乗りでは重量が増えて制動距離が長くなり、カーブでの操作感覚も変わる。一人のときより慎重な運転が必要である。,keep,topic_mismatch,事実は妥当。topicはoperation,,道路交通法 第44条・第45条 / 教則 第3章,,,
kg149,kogata_gentsuki_nirin,parking,4,夜間、道路に二輪車を駐車する場合の灯火について正しいのはどれか。,0:非常点滅表示灯、駐車灯または尾灯をつける。ただし50m後方から見える照明がある場所では不要である / 1:どのような場所でも灯火をつけなくてよいのは二輪車だけである / 2:夜間でも道路に止めるときは灯火をつける必要はない / 3:前照灯を上向きにしてつけておかなければならない,0:非常点滅表示灯、駐車灯または尾灯をつける。ただし50m後方から見える照明がある場所では不要である,夜間、道路に駐停車するときは非常点滅表示灯・駐車灯・尾灯のいずれかをつける。後方50mから見える明るい場所では不要である。,keep,obvious_longest,事実は妥当。正解が長く当てやすい,,道路交通法 第44条・第45条 / 教則 第3章,要,,
kg150,kogata_gentsuki_nirin,parking,4,白の実線1本で区画された幅1mの路側帯がある道路で駐停車する場合の方法として正しいのはどれか。,0:路側帯の幅に関係なく、路側帯の外側の歩道に止める / 1:路側帯に入り、車の左側に0.75m以上の余地をあけて止める / 2:路側帯の左端いっぱいに寄せて止める / 3:路側帯には入らず、車道の左端に沿って止める,1:路側帯に入り、車の左側に0.75m以上の余地をあけて止める,幅が0.75mを超える白の実線1本の路側帯では、路側帯に入って左側に0.75m以上の余地を残して駐停車する。,keep,,事実は妥当,,道路交通法 第44条・第45条 / 教則 第3章,要,,
kg151,kogata_gentsuki_nirin,parking,5,白の実線と破線で区画された路側帯がある道路で駐停車する場合の方法として正しいのはどれか。,0:この路側帯のある道路では一切停車してはならない / 1:路側帯の中であれば短時間の駐車はできる / 2:駐停車禁止路側帯なので、路側帯に入らずに車道の左端に沿って駐停車する / 3:路側帯に入り、左側に0.75m以上の余地をあけて駐停車する,2:駐停車禁止路側帯なので、路側帯に入らずに車道の左端に沿って駐停車する,実線と破線の路側帯は駐停車禁止路側帯であり、中に入って駐停車してはならない。車道の左端に沿って止める。,keep,,事実は妥当,,道路交通法 第44条・第45条 / 教則 第3章,要,,
kg152,kogata_gentsuki_nirin,parking,2,白の実線2本で区画された路側帯について正しいのはどれか。,0:幅が広ければ中に入って駐車できる / 1:白線2本は駐車可能な場所を示している / 2:二輪車に限り中に入って駐車できる / 3:歩行者用路側帯なので、中に入って駐停車してはならない,3:歩行者用路側帯なので、中に入って駐停車してはならない,実線2本の路側帯は歩行者用路側帯であり、車両は中に入って駐停車できない。車道の左端に沿って止める。,keep,obvious_longest,事実は妥当。正解が長く当てやすい,,道路交通法 第44条・第45条 / 教則 第3章,要,,
kg153,kogata_gentsuki_nirin,parking,2,荷物の積みおろしのために、運転者がそばにいる状態で7分間車を止めることの扱いとして正しいのはどれか。,0:5分を超える荷物の積みおろしのための停止なので駐車にあたる / 1:運転者がそばにいるので停車にあたる / 2:荷物の積みおろしであれば時間にかかわらず停車にあたる / 3:10分以内の停止はすべて停車にあたる,0:5分を超える荷物の積みおろしのための停止なので駐車にあたる,荷物の積みおろしのための停止は5分を超えると駐車になる。人の乗り降りのための停止は時間にかかわらず停車である。,keep,,荷物積卸し5分超は駐車で正確,,道路交通法 第44条・第45条 / 教則 第3章,要,,
kg154,kogata_gentsuki_nirin,parking,1,運転者が二輪車から離れてすぐに運転できない状態で止めておくことの扱いとして正しいのはどれか。,0:5分以内であれば停車にあたる / 1:短時間であっても駐車にあたる / 2:二輪車の場合は駐車にも停車にもあたらない / 3:エンジンをかけたままであれば停車にあたる,1:短時間であっても駐車にあたる,運転者が車から離れていてすぐに運転できない状態は、時間の長短にかかわらず駐車である。,keep,,事実は妥当,,道路交通法 第44条・第45条 / 教則 第3章,要,,
kg156,kogata_gentsuki_nirin,parking,1,二輪車を止めて運転者が離れる場合の措置として正しいのはどれか。,0:すぐ戻るならエンジンはかけたままでよい / 1:キーは付けたままにしておけば移動されたときに便利である / 2:盗難防止の措置は駐車場の管理者が行うものである / 3:エンジンを止め、キーを抜き、ハンドルロックなど盗難防止の措置をとる,3:エンジンを止め、キーを抜き、ハンドルロックなど盗難防止の措置をとる,車から離れるときは、エンジンを止め、ブレーキをかけ、キーを抜いてハンドルロックをかけるなどの盗難防止措置をとる。,keep,,事実は妥当,,道路交通法 第44条・第45条 / 教則 第3章,,,
kg157,kogata_gentsuki_nirin,parking,1,二輪車に荷物を積む方法として正しいのはどれか。,0:重い物はなるべく低く車体の中心近くに積み、確実に固定する / 1:軽い物であればロープで固定しなくてもよい / 2:重い荷物はハンドルに掛けて運ぶとよい / 3:重い物ほど高い位置に積むと安定する,0:重い物はなるべく低く車体の中心近くに積み、確実に固定する,荷物は重心が低く車体中心に近くなるよう積み、確実に固定する。ハンドルに荷物を掛けるとハンドル操作を妨げ危険である。,keep,topic_mismatch,事実は妥当。topicはoperation,,道路交通法 第44条・第45条 / 教則 第3章,,,
kg158,kogata_gentsuki_nirin,parking,2,「駐車禁止」の標識がある場所で、同乗者を降ろすために短時間止まることについて正しいのはどれか。,0:駐車禁止の場所では停車もできない / 1:人の乗り降りのための停止は停車にあたるので、止めることができる / 2:二輪車の場合は駐車禁止の標識は関係がない / 3:同乗者を降ろす場合でも5分を超えなければ駐車である,1:人の乗り降りのための停止は停車にあたるので、止めることができる,駐車禁止の場所でも、駐停車禁止でなければ停車はできる。人の乗り降りのための停止は時間に関係なく停車である。,keep,,事実は妥当,,道路交通法 第44条・第45条 / 教則 第3章,要,,
kg160,kogata_gentsuki_nirin,rules,2,最高速度50km/hの標識がある道路で、原付(一種)と125ccの二輪車がそれぞれ出せる最高速度の組み合わせとして正しいのはどれか。,0:どちらも30km/h / 1:原付は50km/h、125ccの二輪車は60km/h / 2:どちらも50km/h / 3:原付は30km/h、125ccの二輪車は50km/h,3:原付は30km/h、125ccの二輪車は50km/h,原付(一種)は標識の数値が30km/hを超えていても30km/hが上限である。125ccの二輪車は標識の50km/hに従う。,keep,,事実は妥当,,交通の方法に関する教則 / 道路交通法,要,,
kg162,kogata_gentsuki_nirin,rules,3,対面する信号が赤色の灯火で、同時に右向きの青色の矢印が表示されている場合、125ccの二輪車の右折について正しいのはどれか。,0:直進してから右折しなければならない / 1:矢印に従って右折することができる / 2:赤色の灯火が優先するので停止しなければならない / 3:二段階右折が必要な原付と同様に右折できない,1:矢印に従って右折することができる,右向きの青色矢印では、自動車は右折できる。ただし二段階右折の方法で右折する原付(一種)は進行できない。125ccの二輪車は自動車なので右折できる。,keep,outdated,新基準原付との区別を一言付すとよい,,交通の方法に関する教則 / 道路交通法,要,,
kg163,kogata_gentsuki_nirin,rules,2,黄色の灯火の点滅信号に対面した場合の進み方として正しいのはどれか。,0:徐行しなければ進行できない / 1:直進はできるが右左折はできない / 2:他の交通に注意して進行することができる / 3:必ず停止位置で一時停止しなければならない,2:他の交通に注意して進行することができる,黄色の点滅は、他の交通に注意して進むことができるという意味である。停止位置での一時停止が必要なのは赤色の点滅である。,keep,,事実は妥当,,交通の方法に関する教則 / 道路交通法,,,
kg164,kogata_gentsuki_nirin,rules,2,赤色の灯火の点滅信号に対面した場合の進み方として正しいのはどれか。,0:他の交通に注意すれば停止せずに進行できる / 1:赤色の灯火と同じなので青になるまで進めない / 2:徐行すれば停止せずに進行できる / 3:停止位置で一時停止し、安全を確認してから進行できる,3:停止位置で一時停止し、安全を確認してから進行できる,赤色の点滅は、停止位置で一時停止し、安全を確かめてから進行できるという意味である。,keep,,事実は妥当,,交通の方法に関する教則 / 道路交通法,,,
kg165,kogata_gentsuki_nirin,rules,3,交差点で警察官が両腕を水平に上げている場合、警察官の身体の正面に対面する交通の意味として正しいのはどれか。,0:赤色の灯火と同じ意味 / 1:黄色の点滅と同じ意味 / 2:青色の灯火と同じ意味 / 3:黄色の灯火と同じ意味,0:赤色の灯火と同じ意味,警察官が腕を水平に上げているとき、身体の正面に対面する交通は赤色、身体の正面に平行する交通は青色の灯火と同じ意味である。,keep,,事実は妥当,,交通の方法に関する教則 / 道路交通法,,,
kg166,kogata_gentsuki_nirin,rules,5,夜間、警察官が灯火を頭上に上げている場合、警察官の身体の正面に平行する交通の意味として正しいのはどれか。,0:赤色の点滅と同じ意味 / 1:黄色の灯火と同じ意味 / 2:青色の灯火と同じ意味 / 3:赤色の灯火と同じ意味,1:黄色の灯火と同じ意味,腕や灯火を頭上に上げているとき、身体の正面に平行する交通は黄色、対面する交通は赤色の灯火と同じ意味である。,keep,,事実は妥当,,交通の方法に関する教則 / 道路交通法,,,
kg167,kogata_gentsuki_nirin,rules,1,交差点の信号機は青色を示しているが、警察官が手信号で停止を指示している場合の対応として正しいのはどれか。,0:信号機と手信号のどちらに従ってもよい / 1:信号機が青なので進行してよい / 2:警察官の手信号に従って停止する / 3:徐行すれば進行できる,2:警察官の手信号に従って停止する,信号機の表示と警察官の手信号等が異なる場合は、警察官の手信号等に従わなければならない。,keep,,事実は妥当,,交通の方法に関する教則 / 道路交通法,,,
kg168,kogata_gentsuki_nirin,rules,2,交差点での追越しについて正しいのはどれか。,0:二輪車は幅が狭いので交差点でも追越しできる / 1:交差点の中でなければ手前でも追越しできる / 2:交差点の手前10m以内だけが追越し禁止である / 3:優先道路を通行している場合を除き、交差点とその手前30m以内の場所では追越しが禁止されている,3:優先道路を通行している場合を除き、交差点とその手前30m以内の場所では追越しが禁止されている,交差点とその手前から30m以内の場所では、優先道路を通行している場合を除いて追越しが禁止されている。,keep,obvious_longest,事実は妥当。正解が長く当てやすい,,交通の方法に関する教則 / 道路交通法,要,,
kg169,kogata_gentsuki_nirin,rules,5,見通しのよい勾配の急な上り坂の途中(頂上付近ではなく、標識などによる追越し禁止の指定もない)で、低速の車を追い越すことについて正しいのはどれか。,0:急な上り坂は法令上の追越し禁止場所ではないので、安全を確かめれば追い越すことができる / 1:急な上り坂は徐行すべき場所なので追い越すことはできない / 2:勾配の急な坂は上り・下りを問わず追越し禁止である / 3:上り坂では二輪車に限り追越しが禁止されている,0:急な上り坂は法令上の追越し禁止場所ではないので、安全を確かめれば追い越すことができる,法令上の追越し禁止場所は、道路の曲がり角付近、上り坂の頂上付近、勾配の急な下り坂などである。勾配の急な上り坂は駐停車禁止の場所だが、追越し禁止場所でも徐行場所でもない。,keep,ambiguous,上り急坂は追越し禁止外で正確だが紛らわしい,,交通の方法に関する教則 / 道路交通法,要,,
kg170,kogata_gentsuki_nirin,rules,3,前方の車の左側を通行して追越しをしてよい場合として正しいのはどれか。,0:前の車が遅いとき / 1:前の車が右折するため道路の中央(右端)に寄って通行しているとき / 2:前の車が左折の合図をしているとき / 3:二輪車で車列の左側に余地があるとき,1:前の車が右折するため道路の中央(右端)に寄って通行しているとき,追越しは右側から行うのが原則だが、前の車が右折のため道路の中央や右端に寄っているときは左側から追い越す。,keep,near_dup,kg017と重複,,交通の方法に関する教則 / 道路交通法,,,
kg171,kogata_gentsuki_nirin,rules,4,二重追越しについて正しいのはどれか。,0:二輪車は二重追越しの規制を受けない / 1:前の車が原付を追い越そうとしているときも追越しは禁止されている / 2:前の車が自動車を追い越そうとしているときに、その車を追い越してはならない / 3:前の車が追越しを始めたら、続いて一緒に追い越してもよい,2:前の車が自動車を追い越そうとしているときに、その車を追い越してはならない,前の車が自動車を追い越そうとしているときに、さらにその車を追い越す二重追越しは禁止されている。前の車が原付や自転車を追い越そうとしている場合は二重追越しにはあたらない。,keep,,事実は妥当,,交通の方法に関する教則 / 道路交通法,,,
kg172,kogata_gentsuki_nirin,rules,1,他の車に追い越されようとしているときの運転として正しいのはどれか。,0:追い越されないよう速度を上げる / 1:道路の中央に寄って追越しを防ぐ / 2:急ブレーキをかけて相手に注意を促す / 3:追越しが終わるまで速度を上げてはならない,3:追越しが終わるまで速度を上げてはならない,追い越されるときは、追越しが終わるまで速度を上げてはならない。十分な余地がない場合はできるだけ左に寄って進路を譲る。,keep,,事実は妥当,,交通の方法に関する教則 / 道路交通法,,,
kg173,kogata_gentsuki_nirin,rules,5,横断歩道や自転車横断帯の手前30m以内の場所で前の車を追い越したり追い抜いたりすることについて正しいのはどれか。,0:追越しだけでなく、進路を変えない追抜きも禁止されている / 1:二輪車であれば追抜きはできる / 2:進路を変えて前に出る追越しは禁止されているが、追抜きはできる / 3:歩行者がいなければ追越しも追抜きもできる,0:追越しだけでなく、進路を変えない追抜きも禁止されている,横断歩道・自転車横断帯とその手前30m以内の場所では、追越しに加え、前の車の側方を通過して前に出る追抜きも禁止されている。,keep,,事実は妥当,,交通の方法に関する教則 / 道路交通法,要,,
kg174,kogata_gentsuki_nirin,rules,5,横断歩道の手前で車が停止している場合、その車の側方を通過して前方に出るときの方法として正しいのはどれか。,0:徐行すれば停止しなくてよい / 1:その車の前方に出る前に一時停止しなければならない / 2:警音器を鳴らして通過する / 3:歩行者が見えなければそのまま通過してよい,1:その車の前方に出る前に一時停止しなければならない,横断歩道等の手前で停止している車の側方を通過してその前方に出るときは、見えない歩行者がいるおそれがあるため、一時停止しなければならない。,keep,,事実は妥当,,交通の方法に関する教則 / 道路交通法,,,
kg175,kogata_gentsuki_nirin,rules,2,横断歩道に近づいたとき、付近に歩行者がいるが横断するかどうか明らかでない場合の運転として正しいのはどれか。,0:歩行者の手前で速度を上げて早めに通過する / 1:警音器を鳴らして歩行者に注意を促す / 2:横断歩道の手前で停止できるような速度で進行する / 3:歩行者が横断を始めていないので速度を落とさずに通過する,2:横断歩道の手前で停止できるような速度で進行する,横断歩道に近づいたときは、横断する人がいないことが明らかな場合を除き、手前で停止できる速度で進む。,keep,near_dup,kg026と近い。事実は正確,,交通の方法に関する教則 / 道路交通法,,,
kg176,kogata_gentsuki_nirin,rules,1,白いつえを持った人や盲導犬を連れた人が歩いているときの運転として正しいのはどれか。,0:特に配慮する必要はない / 1:警音器を鳴らして自分の存在を知らせる / 2:速度を上げて早く通り過ぎる / 3:一時停止か徐行をして、安全に通行できるようにする,3:一時停止か徐行をして、安全に通行できるようにする,白や黄色のつえを持った人、盲導犬を連れた人が通行しているときは、一時停止か徐行をしてその人が安全に通れるようにする。,keep,obvious_other,事実正確で問いも明確,,道路交通法 / 交通の方法に関する教則 第3章,,,
kg177,kogata_gentsuki_nirin,rules,1,停止中の通学通園バスのそばを通るときの運転として正しいのはどれか。,0:徐行して安全を確かめなければならない / 1:速やかに追い越して通過する / 2:警音器を鳴らして通過する / 3:バスの右側であれば通常の速度で通過してよい,0:徐行して安全を確かめなければならない,児童や幼児の乗り降りのため停止している通学通園バスのそばを通るときは、徐行して安全を確かめなければならない。,keep,obvious_other,事実正確で問いも明確,,道路交通法 / 交通の方法に関する教則 第3章,,,
kg178,kogata_gentsuki_nirin,rules,5,安全地帯のない停留所に路面電車が停止し、乗り降りする人がいる場合の運転として正しいのはどれか。,0:警音器を鳴らして乗客に注意させてから通過する / 1:乗り降りする人がいなくなるまで、路面電車の後方で停止して待つ / 2:路面電車の右側を追い越して通過する / 3:徐行すれば路面電車の側方を通過してよい,1:乗り降りする人がいなくなるまで、路面電車の後方で停止して待つ,安全地帯のない停留所で乗降客がいる場合は、路面電車の後方で停止して待つ。乗降客がなく1.5m以上の間隔がとれる場合は徐行して通過できる。,keep,,路面電車の後方停止・1.5mは正確。数値は要確認,,道路交通法 / 交通の方法に関する教則 第3章,要,,
kg179,kogata_gentsuki_nirin,rules,3,安全地帯のある停留所に路面電車が停止し、乗り降りする人がいる場合の運転として正しいのはどれか。,0:速度を落とさずに通過してよい / 1:警音器を鳴らしながら進行する / 2:徐行して進むことができる / 3:必ず路面電車の後方で停止しなければならない,2:徐行して進むことができる,安全地帯がある場合は、乗降客がいても徐行して進むことができる。安全地帯がない場合の「後方で停止」と区別して覚える。,keep,,事実正確で問いも明確,,道路交通法 / 交通の方法に関する教則 第3章,,,
kg180,kogata_gentsuki_nirin,rules,5,徐行しなければならない場所として誤っているものはどれか。,0:道路の曲がり角付近 / 1:上り坂の頂上付近 / 2:勾配の急な下り坂 / 3:勾配の急な上り坂,3:勾配の急な上り坂,徐行すべき場所は、左右の見通しがきかない交差点(一定の場合を除く)、道路の曲がり角付近、上り坂の頂上付近、勾配の急な下り坂などである。勾配の急な上り坂は含まれない。,keep,,事実正確で問いも明確,,道路交通法 / 交通の方法に関する教則 第3章,,,
kg182,kogata_gentsuki_nirin,rules,1,環状交差点を通行する方法として正しいのはどれか。,0:右折するときは中央の島の手前で右に曲がる / 1:右回り(時計回り)に通行し、環状交差点内を通行する車の進行を妨げない / 2:左回り(反時計回り)に通行する / 3:環状交差点に入る車が優先する,1:右回り(時計回り)に通行し、環状交差点内を通行する車の進行を妨げない,環状交差点は右回りに通行する。環状交差点内を通行している車が優先であり、入るときは徐行してその進行を妨げないようにする。,keep,,事実正確で問いも明確,,道路交通法 / 交通の方法に関する教則 第3章,,,
kg183,kogata_gentsuki_nirin,rules,1,交差点を右折・左折するときの合図を出す時期として正しいのはどれか。,0:右左折しようとする地点の10m手前 / 1:右左折しようとする約3秒前 / 2:右左折しようとする地点(交差点の側端)から30m手前に達したとき / 3:交差点に入ってから,2:右左折しようとする地点(交差点の側端)から30m手前に達したとき,右左折や転回の合図は、その行為をしようとする地点から30m手前で出す。約3秒前は進路変更の合図の時期である。,keep,obvious_longest,30m手前は正確。正解がやや詳しい,,道路交通法 / 交通の方法に関する教則 第3章,要,,
kg184,kogata_gentsuki_nirin,rules,1,方向指示器による合図をやめる時期として正しいのはどれか。,0:合図を出してから3秒経過したとき / 1:交差点に入ったとき / 2:後続車が減速したことを確認したとき / 3:右左折や進路変更などの行為が終わったとき,3:右左折や進路変更などの行為が終わったとき,合図は、右左折・転回・進路変更などの行為が終わるまで続け、終わったら速やかにやめる。,keep,,事実正確で問いも明確,,道路交通法 / 交通の方法に関する教則 第3章,,,
kg185,kogata_gentsuki_nirin,rules,1,交差点で左折するときの方法として正しいのはどれか。,0:あらかじめできるだけ道路の左端に寄り、交差点の側端に沿って徐行しながら通行する / 1:左側に自転車がいる場合はその左側を通って左折する / 2:道路の中央寄りから大きく回って左折する / 3:速度を落とさず素早く左折する,0:あらかじめできるだけ道路の左端に寄り、交差点の側端に沿って徐行しながら通行する,左折するときは、あらかじめできるだけ道路の左端に寄り、交差点の側端に沿って徐行しながら通行する。,keep,obvious_longest,内容は正確。正解が最も詳しい,,道路交通法 / 交通の方法に関する教則 第3章,,,
kg186,kogata_gentsuki_nirin,rules,4,一方通行の道路から交差点を右折する場合の方法として正しいのはどれか。,0:道路の左端から右折する / 1:あらかじめできるだけ道路の右端に寄り、交差点の中心の内側を徐行して右折する / 2:一方通行路では右折することはできない / 3:一方通行路でもあらかじめ道路の中央に寄って右折する,1:あらかじめできるだけ道路の右端に寄り、交差点の中心の内側を徐行して右折する,一方通行の道路で右折するときは、あらかじめできるだけ道路の右端に寄り、交差点の中心の内側を徐行して通行する。,keep,obvious_longest,内容は正確。正解が最も詳しい,,道路交通法 / 交通の方法に関する教則 第3章,,,
kg187,kogata_gentsuki_nirin,rules,2,信号機のない、交通整理の行われていない交差点で、同程度の幅の道路が交わっている場合の優先関係として正しいのはどれか。,0:右方から進行してくる車の進行を妨げてはならない / 1:先に交差点に着いた車が常に優先する / 2:左方から進行してくる車の進行を妨げてはならない / 3:排気量の大きい車が優先する,2:左方から進行してくる車の進行を妨げてはならない,交通整理の行われていない交差点で道幅が同じくらいの場合は、左方から来る車の進行を妨げてはならない(左方優先)。,keep,,事実正確で問いも明確,,道路交通法 / 交通の方法に関する教則 第3章,,,
kg188,kogata_gentsuki_nirin,rules,3,交通整理の行われていない交差点で、交差する道路が優先道路である場合の運転として正しいのはどれか。,0:警音器を鳴らして先に進む / 1:左方から来る車だけに注意すればよい / 2:自分の方が先に交差点に近づいていれば先に進んでよい / 3:徐行をして、優先道路を通行する車の進行を妨げない,3:徐行をして、優先道路を通行する車の進行を妨げない,優先道路と交わる交差点に入ろうとするときは、徐行をして優先道路を通行する車などの進行を妨げてはならない。,keep,,事実正確で問いも明確,,道路交通法 / 交通の方法に関する教則 第3章,,,
kg189,kogata_gentsuki_nirin,rules,1,交差点で右折しようとするとき、対向車が直進してくる場合の対応として正しいのはどれか。,0:直進してくる対向車の進行を妨げないよう、通過を待ってから右折する / 1:二輪車は小さいので対向車の前を素早く横切ってよい / 2:先に交差点に入っていれば右折車が優先する / 3:警音器を鳴らして対向車を止める,0:直進してくる対向車の進行を妨げないよう、通過を待ってから右折する,交差点で右折するときは、直進車や左折車の進行を妨げてはならない。先に交差点に入っていても同じである。,keep,,事実正確で問いも明確,,道路交通法 / 交通の方法に関する教則 第3章,,,
kg190,kogata_gentsuki_nirin,rules,5,一方通行の道路を走行中、後方から緊急自動車が近づいてきたが、左側に寄るとかえって緊急自動車の妨げとなる場合の対応として正しいのはどれか。,0:左側に寄らなければならないので、そのまま左側に寄る / 1:道路の右側に寄って進路を譲る / 2:その場で道路の中央に停止する / 3:速度を上げて緊急自動車の前を走り続ける,1:道路の右側に寄って進路を譲る,緊急自動車には道路の左側に寄って進路を譲るのが原則だが、一方通行の道路で左に寄るとかえって妨げになる場合は右側に寄って譲る。,keep,,一方通行での右寄せは道交法40条のとおり,,道路交通法 第40条,,,
kg192,kogata_gentsuki_nirin,rules,2,路側帯の通行について、125ccの二輪車の扱いとして正しいのはどれか。,0:白の実線1本の路側帯であれば通行できる / 1:渋滞しているときは路側帯を通行してよい / 2:二輪車は路側帯を通行できる / 3:路側帯を通行することはできない(駐停車の場合などを除く),3:路側帯を通行することはできない(駐停車の場合などを除く),路側帯を通行できるのは歩行者と軽車両(歩行者用路側帯を除く)である。自動二輪車は路側帯を通行してはならない。,keep,,事実正確で問いも明確,,道路交通法 / 交通の方法に関する教則 第3章,,,
kg194,kogata_gentsuki_nirin,rules,1,片側2車線の道路(車両通行帯のある道路)を通行するときの原則として正しいのはどれか。,0:速度の速い二輪車は右側の通行帯を通行する / 1:右折や追越しなどの場合を除き、左側の車両通行帯を通行する / 2:空いている方の通行帯を自由に選んで通行する / 3:二つの通行帯にまたがって通行する,1:右折や追越しなどの場合を除き、左側の車両通行帯を通行する,片側2車線の道路では、右側の通行帯は追越しなどのためにあけておき、原則として左側の通行帯を通行する。,keep,,事実正確で問いも明確,,道路交通法 / 交通の方法に関する教則 第3章,,,
kg195,kogata_gentsuki_nirin,rules,2,道路の中央線が黄色の実線で引かれている場合について正しいのはどれか。,0:二輪車であれば黄色の実線をはみ出して追い越せる / 1:中央線が黄色でも、白の破線と同じ扱いである / 2:追越しのために道路の右側部分にはみ出して通行してはならない / 3:黄色の実線は中央線の目安であり、はみ出して追い越してよい,2:追越しのために道路の右側部分にはみ出して通行してはならない,黄色の実線の中央線は、追越しのための右側部分はみ出し通行禁止を示す。,keep,,事実正確で問いも明確,,道路交通法 / 交通の方法に関する教則 第3章,,,
kg196,kogata_gentsuki_nirin,rules,2,一方通行となっている道路の通行について正しいのはどれか。,0:一方通行でも道路の中央から右側部分にはみ出すことはできない / 1:一方通行路では左端を徐行しなければならない / 2:二輪車は一方通行の規制を受けない / 3:道路の中央から右側部分を通行することができる,3:道路の中央から右側部分を通行することができる,一方通行の道路では、道路の中央から右側部分にはみ出して通行することができる。,keep,,事実正確で問いも明確,,道路交通法 / 交通の方法に関する教則 第3章,,,
kg197,kogata_gentsuki_nirin,rules,3,片側に余地がない狭い坂道で対向車と行き違う場合の原則として正しいのはどれか。,0:下りの車が、発進の難しい上りの車に道を譲る / 1:上りの車が、速度の出ている下りの車に道を譲る / 2:先に坂道に入った車が優先する / 3:車体の小さい二輪車が必ず道を譲る,0:下りの車が、発進の難しい上りの車に道を譲る,坂道で行き違うときは、近くに待避所がある場合を除き、下りの車が上りの車に道を譲る。上り坂での発進は難しいためである。,keep,,下りが譲る原則。kg198と対の関係で重複ではない,,道路交通法 / 交通の方法に関する教則 第3章,,,
kg198,kogata_gentsuki_nirin,rules,5,狭い坂道で行き違うとき、上りの車の側に待避所がある場合について正しいのはどれか。,0:下りの車が待避所まで後退する / 1:上りの車であっても待避所に入って道を譲る / 2:上りの車が常に優先なので、下りの車が道を譲る / 3:どちらも譲らずにすれ違う,1:上りの車であっても待避所に入って道を譲る,坂道の行き違いは下りが譲るのが原則だが、待避所がある場合は上り・下りに関係なく待避所のある側の車がそこに入って道を譲る。,keep,,事実正確で問いも明確,,道路交通法 / 交通の方法に関する教則 第3章,,,
kg199,kogata_gentsuki_nirin,rules,2,昼間でも前照灯などの灯火をつけなければならない場合として正しいのはどれか。,0:空が曇っているとき / 1:市街地を通行するとき / 2:トンネルの中や濃い霧などで50m先が見えないような暗い場所を通行するとき / 3:交通量の多い道路を通行するとき,2:トンネルの中や濃い霧などで50m先が見えないような暗い場所を通行するとき,昼間でもトンネルの中や、霧などで視界が50m以下になるような場所では灯火をつけなければならない。,keep,obvious_longest,50m先が見えない場所で灯火。数値要確認,,道路交通法 第52条 / 同施行令 第19条,要,,
kg200,kogata_gentsuki_nirin,rules,1,夜間、他の車のすぐ後ろを続いて走行するときの前照灯の操作として正しいのはどれか。,0:前照灯を消して尾灯だけにする / 1:前照灯を上向きにして前の車に存在を知らせる / 2:前照灯を点滅させながら走行する / 3:前照灯を下向きに切り替える,3:前照灯を下向きに切り替える,夜間、他の車の直後を通行するときは、前の車の運転者がまぶしくないよう前照灯を下向きに切り替える。,keep,,事実正確で問いも明確,,道路交通法 / 交通の方法に関する教則 第3章,,,
kg201,kogata_gentsuki_nirin,rules,2,酒を飲んだ友人に125ccの二輪車を貸して運転させた場合について正しいのはどれか。,0:車を貸した人も処罰の対象となる / 1:運転した人だけが処罰される / 2:自分が運転していないので責任はない / 3:少量の飲酒であれば貸してもよい,0:車を貸した人も処罰の対象となる,酒気を帯びている人に車両を提供することは禁止されており、提供した人も処罰の対象となる。酒類の提供や同乗も禁止されている。,keep,,事実正確で問いも明確,,道路交通法 / 交通の方法に関する教則 第3章,,,
kg202,kogata_gentsuki_nirin,rules,1,かぜ薬を飲んで眠気がある場合の運転について正しいのはどれか。,0:二輪車は風に当たるので眠気は気にしなくてよい / 1:正常な運転ができないおそれがあるときは運転してはならない / 2:速度を落とせば運転してよい / 3:短い距離であれば運転してよい,1:正常な運転ができないおそれがあるときは運転してはならない,過労、病気、薬の影響などで正常な運転ができないおそれがある状態で運転してはならない。,keep,,事実正確で問いも明確,,道路交通法 / 交通の方法に関する教則 第3章,,,
kg203,kogata_gentsuki_nirin,rules,1,乗車用ヘルメットのかぶり方として正しいのはどれか。,0:工事用の安全帽でもよい / 1:近距離であればかぶるだけであごひもは締めなくてよい / 2:自分の頭に合ったものを選び、あごひもを確実に締める / 3:あごひもは緩めておくと呼吸が楽で安全である,2:自分の頭に合ったものを選び、あごひもを確実に締める,ヘルメットはPS(C)マークやJISマークのある乗車用のものを選び、あごひもを確実に締める。工事用安全帽は乗車用ヘルメットではない。,keep,,事実正確で問いも明確,,道路交通法 / 交通の方法に関する教則 第3章,,,
kg204,kogata_gentsuki_nirin,rules,5,運転中の携帯電話の使用について、道路交通法の規定として正しいのはどれか。,0:ハンズフリーでなければ停止中でも通話はできない / 1:二輪車は規制の対象外である / 2:信号待ちで停止しているときも手に持って操作してはならない / 3:停止しているときを除き、手に持って通話したり画面を注視したりしてはならない,3:停止しているときを除き、手に持って通話したり画面を注視したりしてはならない,運転中に携帯電話を手に持って通話したり画像を注視したりすることは禁止されているが、この規定は車が停止しているときは除かれている。ただし発進に備え注意を怠らないこと。,keep,outdated,2024-11改正の罰則強化に未言及だが正誤は正しい,,道路交通法 第71条第5号の5,要,,
kg205,kogata_gentsuki_nirin,rules,2,道路に面した駐車場に入るため歩道を横切る場合の運転として正しいのはどれか。,0:歩行者の有無にかかわらず、歩道の直前で一時停止する / 1:警音器を鳴らして歩行者に知らせてから横切る / 2:二輪車は歩道を横切ることができない / 3:歩行者がいなければ徐行して横切ればよい,0:歩行者の有無にかかわらず、歩道の直前で一時停止する,道路外の施設に出入りするために歩道等を横切るときは、歩行者がいてもいなくても歩道の直前で一時停止しなければならない。,keep,,事実正確で問いも明確,,道路交通法 / 交通の方法に関する教則 第3章,,,
kg206,kogata_gentsuki_nirin,rules,1,踏切の警報機が鳴り始めた場合の運転として正しいのはどれか。,0:列車が見えなければ渡ってよい / 1:踏切に入ってはならない / 2:二輪車は短時間で渡れるので進入してよい / 3:遮断機が下りきる前であれば急いで渡る,1:踏切に入ってはならない,警報機が鳴っているときや遮断機が下り始めているときは、踏切に入ってはならない。,keep,,事実正確で問いも明確,,道路交通法 / 交通の方法に関する教則 第3章,,,
kg207,kogata_gentsuki_nirin,rules,3,信号機のある踏切で、信号が青色の灯火を示しているときの通過方法として正しいのはどれか。,0:一時停止はしないが徐行しなければならない / 1:警音器を鳴らして通過しなければならない / 2:信号に従って、一時停止しないで通過することができる / 3:青色であっても必ず一時停止しなければならない,2:信号に従って、一時停止しないで通過することができる,踏切に信号機がある場合は、その信号に従えばよく、青色の灯火のときは一時停止せずに安全を確かめて通過できる。,keep,,事実正確で問いも明確,,道路交通法 / 交通の方法に関する教則 第3章,,,
kg208,kogata_gentsuki_nirin,rules,1,踏切を通過するときの走行位置として正しいのはどれか。,0:踏切内では変速操作をしながら加速して通過する / 1:反対方向の車に配慮し、できるだけ左端を通過する / 2:レールの上を走るように通過する / 3:落輪を避けるため、左端に寄りすぎないようやや中央寄りを通過する,3:落輪を避けるため、左端に寄りすぎないようやや中央寄りを通過する,踏切では左端に寄りすぎると落輪のおそれがあるため、やや中央寄りを通過する。また踏切内では変速せず、エンストを防ぐ。,keep,,事実正確で問いも明確,,道路交通法 / 交通の方法に関する教則 第3章,,,
kg209,kogata_gentsuki_nirin,rules,1,前の車に続いて走行するときの車間距離として正しいのはどれか。,0:前の車が急に止まっても追突しないように必要な距離をとる / 1:二輪車は制動力が高いので車間距離は短くてよい / 2:前の車との距離は常に5mあれば十分である / 3:前の車の後輪が見えなくなる程度まで近づく,0:前の車が急に止まっても追突しないように必要な距離をとる,前の車に続いて走るときは、前の車が急停止しても追突を避けられる安全な車間距離をとる。,keep,"obvious_other,obvious_longest",他の選択肢が不自然で消去法で解ける,,道路交通法 / 交通の方法に関する教則 第3章,,,
kg210,kogata_gentsuki_nirin,rules,3,初心者マークや高齢者マークを付けた普通自動車に対する二輪車の運転について正しいのはどれか。,0:追い越すときは警音器で知らせなければならない / 1:危険を避けるためやむを得ない場合を除き、その車に幅寄せや割込みをしてはならない / 2:初心者マークの車は必ず追い越さなければならない / 3:二輪車の運転者には保護義務はない,1:危険を避けるためやむを得ない場合を除き、その車に幅寄せや割込みをしてはならない,初心者マーク、高齢者マーク、身体障害者マーク、聴覚障害者マーク、仮免許練習標識を付けた車への幅寄せや割込みは、二輪車の運転者にも禁止されている。,keep,,幅寄せ・割込み禁止は正確。高齢者マークの範囲は要確認,,道路交通法 第71条の5,要,,
kg211,kogata_gentsuki_nirin,rules,1,急ブレーキについて道路交通法の考え方として正しいのはどれか。,0:急ブレーキはいつでも自由にかけてよい / 1:二輪車は急ブレーキをかけても追突されない / 2:危険を防止するためやむを得ない場合を除き、急ブレーキをかけてはならない / 3:後続車に注意を促すため、ときどき急ブレーキをかけるとよい,2:危険を防止するためやむを得ない場合を除き、急ブレーキをかけてはならない,危険を防止するためやむを得ない場合を除き、急停止や急な減速をしてはならない。後続車の追突を招くおそれがある。,keep,,事実正確で問いも明確,,道路交通法 / 交通の方法に関する教則 第3章,,,
kg212,kogata_gentsuki_nirin,rules,4,最高速度が高い車に追いつかれ、道路の中央との間に追越しに十分な余地がない場合の対応として正しいのはどれか。,0:速度を上げて追いつかれないようにする / 1:停止して先に行かせなければならない / 2:道路の中央に寄って追越しをさせないようにする / 3:できるだけ道路の左側に寄って進路を譲る,3:できるだけ道路の左側に寄って進路を譲る,最高速度が高い車に追いつかれ、中央との間に十分な余地がないときは、できるだけ左側に寄って進路を譲らなければならない。,keep,,事実正確で問いも明確,,道路交通法 / 交通の方法に関する教則 第3章,,,
kg213,kogata_gentsuki_nirin,operation,1,二輪車に乗るときの腕の姿勢として正しいのはどれか。,0:ひじをわずかに曲げ、肩の力を抜いてハンドルを軽く握る / 1:ひじをまっすぐ伸ばしてハンドルを強く押す / 2:ひじを大きく外側に張り出す / 3:ハンドルに体重をかけて前かがみになる,0:ひじをわずかに曲げ、肩の力を抜いてハンドルを軽く握る,ひじを軽く曲げて肩の力を抜くと、路面からの衝撃を吸収でき、ハンドル操作もしやすくなる。,keep,obvious_other,事実正確で問いも明確,,交通の方法に関する教則 第2章・二輪車の運転,,,
kg214,kogata_gentsuki_nirin,operation,1,二輪車に乗るときの足の位置として正しいのはどれか。,0:足はステップにのせずに浮かせておく / 1:ステップに土踏まずをのせ、足先をまっすぐ前方に向ける / 2:つま先だけをステップにのせ、外側に向ける / 3:かかとをステップにのせ、つま先を上に向ける,1:ステップに土踏まずをのせ、足先をまっすぐ前方に向ける,ステップには土踏まずをのせ、足先はまっすぐ前に向ける。つま先が外を向くと思わぬ接触の原因となる。,keep,,事実正確で問いも明確,,交通の方法に関する教則 第2章・二輪車の運転,,,
kg215,kogata_gentsuki_nirin,operation,1,二輪車の運転中の視線として正しいのはどれか。,0:すぐ前の路面だけを見る / 1:メーターを常に見ながら走行する / 2:前方の遠くを見るようにし、周囲にも目を配る / 3:前の車の後輪を見続ける,2:前方の遠くを見るようにし、周囲にも目を配る,視線は前方の遠くに置き、周囲の状況にも気を配る。近くばかり見るとふらつきやすく、危険の発見も遅れる。,keep,obvious_other,事実正確で問いも明確,,交通の方法に関する教則 第2章・二輪車の運転,,,
kg216,kogata_gentsuki_nirin,operation,3,乾燥した舗装路面で二輪車のブレーキをかけるときの前後輪の使い分けとして正しいのはどれか。,0:後輪ブレーキだけを使う / 1:前輪ブレーキだけを使う / 2:後輪ブレーキを前輪より強くかける / 3:前輪ブレーキをやや強めにかける,3:前輪ブレーキをやや強めにかける,乾燥した路面では前輪ブレーキをやや強めにかけ、前後輪を同時に使う。前輪の制動力のほうが大きいためである。,keep,,事実正確で問いも明確,,交通の方法に関する教則 第2章・二輪車の運転,,,
kg217,kogata_gentsuki_nirin,operation,4,雨にぬれた路面など滑りやすい路面で二輪車のブレーキをかけるときの前後輪の使い分けとして正しいのはどれか。,0:後輪ブレーキをやや強めにかける / 1:前輪ブレーキだけを使う / 2:前輪ブレーキを強くかけて短く止まる / 3:乾燥路面と同じく前輪ブレーキをやや強めにかける,0:後輪ブレーキをやや強めにかける,滑りやすい路面では前輪がロックすると転倒しやすいため、後輪ブレーキをやや強めにかけ、全体として早めに弱くかける。,keep,obvious_longest,滑りやすい路面の前後輪配分の記述を要確認,,交通の方法に関する教則 第2章・二輪車の運転,要,,
kg218,kogata_gentsuki_nirin,operation,1,ブレーキを数回に分けてかける方法の効果として正しいのはどれか。,0:ブレーキの摩耗が大きくなる / 1:制動灯が点滅し、後続車に減速を知らせることができる / 2:停止距離が必ず短くなる / 3:エンジンブレーキが効かなくなる,1:制動灯が点滅し、後続車に減速を知らせることができる,ブレーキを数回に分けてかけると制動灯が点滅し、後続車に減速を知らせることができ、追突防止に役立つ。,keep,,事実正確で問いも明確,,交通の方法に関する教則 第2章・二輪車の運転,,,
kg219,kogata_gentsuki_nirin,operation,2,停止距離について正しいのはどれか。,0:ブレーキが効き始めてから止まるまでの距離である / 1:危険を感じてからブレーキが効き始めるまでの距離である / 2:空走距離と制動距離を合わせた距離である / 3:ブレーキをかけてから止まるまでに走る距離の半分である,2:空走距離と制動距離を合わせた距離である,停止距離は、危険を感じてからブレーキが効き始めるまでの空走距離と、効き始めてから止まるまでの制動距離を合わせたものである。,keep,,事実正確で問いも明確,,交通の方法に関する教則 第2章・二輪車の運転,,,
kg220,kogata_gentsuki_nirin,operation,3,速度が2倍になった場合の制動距離の変化として正しいのはどれか。,0:約2倍になる / 1:変わらない / 2:約3倍になる / 3:約4倍になる,3:約4倍になる,制動距離は速度の二乗に比例するため、速度が2倍になれば制動距離は約4倍になる。,keep,,速度2倍で制動距離約4倍は正確,,交通の方法に関する教則 第2章・二輪車の運転,,,
kg221,kogata_gentsuki_nirin,operation,3,空走距離が長くなる原因として正しいのはどれか。,0:運転者が疲れているときや、飲酒しているときなど / 1:タイヤの溝が十分にあるとき / 2:路面が乾燥しているとき / 3:荷物を積んでいないとき,0:運転者が疲れているときや、飲酒しているときなど,空走距離は反応の遅れで長くなる。疲労や飲酒、考えごとなどで判断が遅れると空走距離は長くなる。,keep,obvious_other,事実正確で問いも明確,,交通の方法に関する教則 第2章・二輪車の運転,,,
kg222,kogata_gentsuki_nirin,operation,2,雨でぬれた路面を走行する場合の制動距離について正しいのはどれか。,0:タイヤが冷えるため乾燥路面より短くなる / 1:乾燥した路面より長くなり、タイヤがすり減っていればさらに長くなる / 2:乾燥路面と変わらない / 3:雨の日は空走距離だけが長くなる,1:乾燥した路面より長くなり、タイヤがすり減っていればさらに長くなる,ぬれた路面ではタイヤと路面の摩擦が小さくなり制動距離が長くなる。タイヤがすり減っていればさらに長くなる。,keep,,事実正確で問いも明確,,交通の方法に関する教則 第2章・二輪車の運転,,,
kg223,kogata_gentsuki_nirin,operation,4,カーブを曲がるときに働く遠心力について正しいのはどれか。,0:速度には関係なく、カーブの長さに比例する / 1:速度が上がると小さくなる / 2:速度の二乗に比例して大きくなる / 3:速度に比例して大きくなる,2:速度の二乗に比例して大きくなる,遠心力は速度の二乗に比例する。速度が2倍になれば遠心力は約4倍になるため、カーブの手前で十分に減速する。,keep,,遠心力は速度の二乗に比例。正確,,交通の方法に関する教則 第2章・二輪車の運転,,,
kg224,kogata_gentsuki_nirin,operation,2,カーブの半径と遠心力の関係について正しいのはどれか。,0:カーブの半径が大きい(ゆるやかな)ほど遠心力は大きくなる / 1:二輪車には遠心力は働かない / 2:カーブの半径は遠心力に関係しない / 3:カーブの半径が小さい(急な)ほど遠心力は大きくなる,3:カーブの半径が小さい(急な)ほど遠心力は大きくなる,遠心力はカーブの半径が小さいほど大きくなる。急なカーブほど手前で十分に速度を落とす必要がある。,keep,,事実正確で問いも明確,,交通の方法に関する教則 第2章・二輪車の運転,,,
kg225,kogata_gentsuki_nirin,operation,1,カーブを走行中のアクセル操作として正しいのはどれか。,0:手前で減速しておき、カーブの中ではアクセルで速度を一定に保つか少しずつ加速する / 1:カーブの中ではクラッチを切って惰性で走る / 2:カーブの中で強く加速する / 3:カーブの中でアクセルを完全に戻して減速する,0:手前で減速しておき、カーブの中ではアクセルで速度を一定に保つか少しずつ加速する,カーブの手前の直線部分で十分に速度を落とし、カーブの中ではアクセルで一定の速度を保つか、少しずつ加速すると安定する。,keep,,事実正確で問いも明確,,交通の方法に関する教則 第2章・二輪車の運転,,,
kg226,kogata_gentsuki_nirin,operation,2,カーブの途中で急ブレーキをかけることについて正しいのはどれか。,0:前輪ブレーキだけであれば強くかけても安全である / 1:タイヤがスリップして転倒するおそれがあるため避ける / 2:カーブ中は急ブレーキをかけたほうが遠心力が弱まり安全である / 3:カーブの中でブレーキをかけると車体が安定する,1:タイヤがスリップして転倒するおそれがあるため避ける,車体を傾けている状態で急ブレーキをかけると、タイヤが横滑りして転倒するおそれがある。ブレーキはカーブの手前で済ませる。,keep,,事実正確で問いも明確,,交通の方法に関する教則 第2章・二輪車の運転,,,
kg227,kogata_gentsuki_nirin,operation,2,カーブで車体と体を同じ角度に傾けて曲がる乗り方(リーンウィズ)について正しいのはどれか。,0:車体だけを傾けて体は反対側に傾ける乗り方である / 1:高速のカーブでは使ってはならない / 2:車体と体を一体にして傾ける基本の乗り方である / 3:体だけを傾けて車体はまっすぐに保つ乗り方である,2:車体と体を一体にして傾ける基本の乗り方である,リーンウィズは車体と体を同じ角度で傾けて曲がる基本の乗り方で、車体の安定を保ちやすい。,keep,,事実正確で問いも明確,,交通の方法に関する教則 第2章・二輪車の運転,,,
kg228,kogata_gentsuki_nirin,operation,2,MT車でギアを上げる(シフトアップ)ときの操作として正しいのはどれか。,0:クラッチを切らずにギアペダルを蹴り上げる / 1:アクセルを全開にしたままギアを上げる / 2:速度が上がらないうちに早めにギアを上げる / 3:速度が十分に上がってから、アクセルを戻しクラッチを切ってギアを上げ、クラッチをつなぐ,3:速度が十分に上がってから、アクセルを戻しクラッチを切ってギアを上げ、クラッチをつなぐ,シフトアップは速度に応じて行い、アクセルを戻してクラッチを切ってからギアを変え、クラッチを滑らかにつなぐ。,keep,obvious_longest,内容は正確。正解が最も詳しい,,交通の方法に関する教則 第2章・二輪車の運転,,,
kg229,kogata_gentsuki_nirin,operation,4,長い下り坂でブレーキを使い続けた場合に起こるおそれのある現象として正しいのはどれか。,0:ブレーキが過熱して効きが悪くなるフェード現象やベーパーロック現象 / 1:エンジンの回転が上がり続ける現象 / 2:前照灯が暗くなる現象 / 3:タイヤの空気圧が急激に上がって浮き上がるハイドロプレーニング現象,0:ブレーキが過熱して効きが悪くなるフェード現象やベーパーロック現象,ブレーキを使い続けると過熱して効きが悪くなる(フェード現象、ベーパーロック現象)。下り坂では低速ギアのエンジンブレーキを活用する。,keep,obvious_longest,フェード・ベーパーロックは正確。正解が詳しい,,交通の方法に関する教則 第2章・二輪車の運転,,,
kg230,kogata_gentsuki_nirin,operation,2,砂利道を走行するときの運転方法として正しいのはどれか。,0:急ブレーキや急なハンドル操作で砂利をよける / 1:低速ギアを使い、ハンドルをしっかり握って一定の速度で走行する / 2:両足を地面につけながら走行する / 3:高速ギアで速度を上げて一気に走り抜ける,1:低速ギアを使い、ハンドルをしっかり握って一定の速度で走行する,砂利道ではハンドルを取られやすいため、低速ギアでハンドルをしっかり保持し、急な操作を避けて一定の速度で走る。,keep,obvious_other,事実正確で問いも明確,,交通の方法に関する教則 第2章・二輪車の運転,,,
kg231,kogata_gentsuki_nirin,operation,2,ぬかるみのある道を走行するときの運転方法として正しいのはどれか。,0:ぬかるみの中で頻繁にギアを変える / 1:高速ギアでアクセルを大きく開けて通過する / 2:低速ギアを使い、急発進や急加速を避けて一定の速度で走行する / 3:ぬかるみでは後輪ブレーキを強くかけながら進む,2:低速ギアを使い、急発進や急加速を避けて一定の速度で走行する,ぬかるみでは車輪が空転しやすいため、低速ギアを使い、アクセルを一定に保って通過する。,keep,,事実正確で問いも明確,,交通の方法に関する教則 第2章・二輪車の運転,,,
kg232,kogata_gentsuki_nirin,operation,3,雨の日に高速で水のたまった路面を走行したときに起こるハイドロプレーニング現象について正しいのはどれか。,0:エンジンが水を吸い込んで止まる / 1:ブレーキが過熱して効かなくなる / 2:タイヤの溝が深いほど起こりやすい / 3:タイヤと路面の間に水の膜ができ、ハンドルやブレーキが効かなくなる,3:タイヤと路面の間に水の膜ができ、ハンドルやブレーキが効かなくなる,ハイドロプレーニング現象は、水の膜によってタイヤが浮き、操作が効かなくなる現象である。速度を落とすことやタイヤの溝の点検が予防になる。,keep,,事実正確で問いも明確,,交通の方法に関する教則 第2章・二輪車の運転,,,
kg233,kogata_gentsuki_nirin,operation,2,深い水たまりを通過した直後の二輪車の運転として正しいのはどれか。,0:ブレーキが効かなくなることがあるため、安全を確かめてブレーキを数回軽くかけて効き具合を確かめる / 1:そのまま速度を上げて水を振り切る / 2:水でブレーキが冷えるので、よく効くようになる / 3:ブレーキは使わずエンジンブレーキだけで走行する,0:ブレーキが効かなくなることがあるため、安全を確かめてブレーキを数回軽くかけて効き具合を確かめる,水たまりを通過するとブレーキ装置がぬれて効きが悪くなることがある。後方の安全を確かめ、ブレーキを軽く数回かけて乾かす。,keep,,事実正確で問いも明確,,交通の方法に関する教則 第2章・二輪車の運転,,,
kg234,kogata_gentsuki_nirin,operation,3,エンジンブレーキの効き方について正しいのはどれか。,0:ニュートラルで最も強く効く / 1:低いギアになるほど強く効く / 2:高いギアになるほど強く効く / 3:ギアの位置に関係なく一定である,1:低いギアになるほど強く効く,エンジンブレーキは低速ギアほど強く効く。下り坂などでは低いギアを使って速度を抑える。,keep,,事実正確で問いも明確,,交通の方法に関する教則 第2章・二輪車の運転,,,
kg237,kogata_gentsuki_nirin,operation,1,二輪車を押して歩くときの方法として正しいのはどれか。,0:車体の左側に立ち、両手でハンドルをしっかり持って押す / 1:車体にまたがって足で地面をけって進む / 2:車体の右側に立ち、片手でシートを押す / 3:後ろから荷台を押す,0:車体の左側に立ち、両手でハンドルをしっかり持って押す,二輪車を押して歩くときは、車体の左側に立ち、両手でハンドルグリップを持ち、車体をやや自分側に傾けて押す。,keep,,事実正確で問いも明確,,交通の方法に関する教則 第2章・二輪車の運転,,,
kg238,kogata_gentsuki_nirin,operation,2,センタースタンドを立てる方法として正しいのはどれか。,0:車体の右側に立ち、両手でシートを持ち上げる / 1:車体の左側に立ち、右足でスタンドを踏み込みながら車体を後方へ引き上げる / 2:スタンドを手で下ろしてから車体を前に押し出す / 3:車体にまたがったまま後ろに体重をかけて立てる,1:車体の左側に立ち、右足でスタンドを踏み込みながら車体を後方へ引き上げる,センタースタンドは車体の左側に立ち、左手でハンドル、右手で車体をつかみ、右足でスタンドを踏みながら後方に引き上げる。,keep,obvious_longest,センタースタンドの手順は正確。正解が詳しい,,交通の方法に関する教則 第2章・二輪車の運転,,,
kg239,kogata_gentsuki_nirin,operation,1,倒れた二輪車を引き起こすときの方法として正しいのはどれか。,0:タイヤをつかんで引き上げる / 1:腕の力だけで一気に持ち上げる / 2:腰を落として車体に体を近づけ、足の力を使って起こす / 3:ひざを伸ばしたまま上半身だけで持ち上げる,2:腰を落として車体に体を近づけ、足の力を使って起こす,倒れた二輪車は、腰を低くして車体に体を近づけ、足腰の力で起こす。腕の力だけでは腰を痛めるおそれがある。,keep,,事実正確で問いも明確,,交通の方法に関する教則 第2章・二輪車の運転,,,
kg240,kogata_gentsuki_nirin,operation,1,二輪車を運転するときの服装として正しいのはどれか。,0:夏は涼しい半袖・半ズボンがよい / 1:周囲に目立たない暗い色の服がよい / 2:足元はサンダルでも差し支えない / 3:体の露出が少ない長袖・長ズボンで、目につきやすい色のものを着る,3:体の露出が少ない長袖・長ズボンで、目につきやすい色のものを着る,転倒時のけがを軽くするため、露出の少ない服装とし、他の交通から見やすい明るい色のものを選ぶ。靴は運転しやすいものにする。,keep,,事実正確で問いも明確,,交通の方法に関する教則 第2章・二輪車の運転,,,
kg241,kogata_gentsuki_nirin,operation,1,胸部プロテクターなどのプロテクターを着用することについて正しいのはどれか。,0:事故のときの傷害を軽くする効果があり、着用することが望ましい / 1:ヘルメットをかぶっていればプロテクターの効果はない / 2:運転の妨げになるので着用すべきではない / 3:高速道路を走るときだけ着用すればよい,0:事故のときの傷害を軽くする効果があり、着用することが望ましい,二輪車の事故では胸部や腹部の傷害が多い。胸部プロテクターなどを着用すると傷害を軽くする効果がある。,keep,,事実正確で問いも明確,,交通の方法に関する教則 第2章・二輪車の運転,,,
kg242,kogata_gentsuki_nirin,operation,1,夜間に二輪車を運転するときの服装などの工夫として正しいのはどれか。,0:ヘルメットのシールドに色の濃いものを使う / 1:反射材の付いたものなどを身に着け、他の車から見えやすくする / 2:暗い色の服装にして目立たないようにする / 3:前照灯をつけていれば服装は関係ない,1:反射材の付いたものなどを身に着け、他の車から見えやすくする,夜間は他の車から二輪車が見えにくいため、反射材を身に着けるなどして自分の存在を知らせる工夫をする。,keep,,事実正確で問いも明確,,交通の方法に関する教則 第2章・二輪車の運転,,,
kg243,kogata_gentsuki_nirin,operation,2,雨の日に二輪車を運転するときの準備として正しいのはどれか。,0:黒っぽい雨具を着て視界が悪くならないようにする / 1:雨具は動きにくいので着用しない / 2:視界を確保し、他の車から見えやすい明るい色の雨具を着用する / 3:傘をさして片手で運転する,2:視界を確保し、他の車から見えやすい明るい色の雨具を着用する,雨の日は視界が悪くなるため、他の交通から見えやすい明るい色の雨具を着用する。傘をさしての運転は危険である。,keep,,事実正確で問いも明確,,交通の方法に関する教則 第2章・二輪車の運転,,,
kg244,kogata_gentsuki_nirin,operation,4,ブレーキをかけたときに後輪がロックして滑り始めた場合の対処として正しいのはどれか。,0:ハンドルを大きく切って向きを立て直す / 1:クラッチを急につなぐ / 2:後輪ブレーキをさらに強くかける / 3:後輪ブレーキを緩めてタイヤの回転を回復させる,3:後輪ブレーキを緩めてタイヤの回転を回復させる,後輪がロックしたら、ブレーキをゆるめてタイヤの回転を回復させ、車体を立て直す。さらに強くかけると滑りが大きくなる。,keep,,後輪ロック時の対処は教則の記述を要確認,,交通の方法に関する教則 第2章・二輪車の運転,要,,
kg245,kogata_gentsuki_nirin,operation,4,ABS(アンチロック・ブレーキ・システム)が付いた二輪車の運転について正しいのはどれか。,0:車輪のロックを防ぐ装置であり、制動距離が必ず短くなるわけではないので過信しない / 1:ABSが付いていれば車間距離は短くてよい / 2:ABS付きの車は前輪ブレーキだけを使えばよい / 3:ABS付きの車はカーブの中で急ブレーキをかけても必ず安全である,0:車輪のロックを防ぐ装置であり、制動距離が必ず短くなるわけではないので過信しない,ABSは急ブレーキ時の車輪のロックを防ぐ装置だが、路面状況によっては制動距離が短くならない場合もある。安全な速度と車間距離を保つことが大切である。,keep,obvious_longest,ABSの説明は正確。正解が最も詳しい,,交通の方法に関する教則 第2章・二輪車の運転,,,
kg246,kogata_gentsuki_nirin,operation,2,半クラッチを長時間使い続けることについて正しいのはどれか。,0:半クラッチは走行中ずっと使うのが基本である / 1:クラッチの摩耗や過熱の原因となるため、必要なときに限って使う / 2:燃費がよくなる / 3:クラッチの寿命を延ばす効果がある,1:クラッチの摩耗や過熱の原因となるため、必要なときに限って使う,半クラッチは発進や低速走行で必要だが、長時間使い続けるとクラッチの摩耗や過熱の原因になる。,keep,,事実正確で問いも明確,,交通の方法に関する教則 第2章・二輪車の運転,,,
kg247,kogata_gentsuki_nirin,operation,2,狭い道の曲がり角(クランク状の道)を通行するときの操作として正しいのはどれか。,0:視線を足元に向けて車輪の位置を確認しながら曲がる / 1:速度を上げて勢いで曲がる / 2:低速ギアで速度を落とし、半クラッチや後輪ブレーキで速度を調整しながら視線を先に向けて曲がる / 3:前輪ブレーキを強くかけながら曲がる,2:低速ギアで速度を落とし、半クラッチや後輪ブレーキで速度を調整しながら視線を先に向けて曲がる,狭い曲がり角では低速を保ち、半クラッチや後輪ブレーキで速度を調整する。視線を進む方向の先に向けるとバランスがとりやすい。,keep,obvious_longest,内容は正確。正解が最も詳しい,,交通の方法に関する教則 第2章・二輪車の運転,,,
kg248,kogata_gentsuki_nirin,operation,2,凹凸が連続する道路(波状路)を通過するときの運転姿勢として正しいのはどれか。,0:シートに深く座り、腕をまっすぐ伸ばして通過する / 1:ハンドルを左右に振りながら通過する / 2:速度を上げて凹凸の頂点を飛び越える / 3:腰を少し浮かせてステップに立ち、ひざで衝撃を吸収しながら一定の速度で通過する,3:腰を少し浮かせてステップに立ち、ひざで衝撃を吸収しながら一定の速度で通過する,凹凸の続く道では、ステップに立ってひざや腕で路面からの衝撃を吸収し、アクセルを一定にして通過する。,keep,,事実正確で問いも明確,,交通の方法に関する教則 第2章・二輪車の運転,,,
kg249,kogata_gentsuki_nirin,operation,1,道路の左端から発進するときの合図として正しいのはどれか。,0:右側の方向指示器を出し、後方の安全を確認して発進する / 1:合図をせずに素早く発進する / 2:警音器を鳴らして発進する / 3:左側の方向指示器を出して発進する,0:右側の方向指示器を出し、後方の安全を確認して発進する,道路の左端から発進するときは、右の合図を出し、ミラーと目視で後方の安全を確認してから発進する。,keep,,事実正確で問いも明確,,交通の方法に関する教則 第2章・二輪車の運転,,,
kg250,kogata_gentsuki_nirin,operation,3,MT二輪車で停止するときの足の着き方として正しいのはどれか。,0:足は着かずにバランスをとる / 1:左足を地面に着き、右足は後輪ブレーキペダルに置いたままにする / 2:右足を地面に着き、左足でギアを操作する / 3:両足を同時に地面に着いてブレーキを離す,1:左足を地面に着き、右足は後輪ブレーキペダルに置いたままにする,MT車で停止するときは左足を地面に着き、右足で後輪ブレーキをかけた状態を保つ。左足はすぐにギア操作ができる。,keep,,事実正確で問いも明確,,交通の方法に関する教則 第2章・二輪車の運転,,,
kg251,kogata_gentsuki_nirin,operation,2,二輪車の制動操作の基本的な手順として正しいのはどれか。,0:はじめから一気に強くかける / 1:ブレーキは止まる直前に一度だけかける / 2:はじめは軽くかけ、車体の沈み込みを確かめながら徐々に強くかける / 3:最初に強くかけてから徐々に弱める,2:はじめは軽くかけ、車体の沈み込みを確かめながら徐々に強くかける,ブレーキははじめ軽くかけ、徐々に強めていくと、タイヤのグリップを保ちながら安定して止まれる。,keep,,事実正確で問いも明確,,交通の方法に関する教則 第2章・二輪車の運転,,,
kg252,kogata_gentsuki_nirin,operation,2,夜間に二輪車で走行するときの速度について正しいのはどれか。,0:昼間と同じ速度で走行してよい / 1:交通量が少ないので昼間より速い速度で走行できる / 2:前照灯を上向きにすれば速度を上げてよい / 3:前照灯で照らせる範囲内で安全に止まれる速度で走行する,3:前照灯で照らせる範囲内で安全に止まれる速度で走行する,夜間は視界が限られるため、前照灯で照らされる範囲内で止まれるように速度を落として走行する。,keep,,事実正確で問いも明確,,交通の方法に関する教則 第2章・二輪車の運転,,,
kg253,kogata_gentsuki_nirin,operation,1,長時間二輪車を運転するときの注意として正しいのはどれか。,0:疲れを感じる前に、定期的に(2時間に1回程度)休憩をとる / 1:目的地まで休まずに走るほうが安全である / 2:眠気を感じたら速度を上げて早く着くようにする / 3:休憩は疲れが限界になってからとればよい,0:疲れを感じる前に、定期的に(2時間に1回程度)休憩をとる,長時間の運転は疲労によって判断や操作が遅れるため、少なくとも2時間に1回程度は休憩をとるようにする。,keep,,2時間に1回の休憩は数値要確認,,交通の方法に関する教則 第2章・二輪車の運転,要,,
kg254,kogata_gentsuki_nirin,operation,2,下り坂でギアをニュートラルにしたり、クラッチを切ったりしたまま惰性で走行することについて正しいのはどれか。,0:ブレーキの摩耗を防げるので安全である / 1:エンジンブレーキが効かず速度が出すぎるため、してはならない / 2:速度が出なければ問題はない / 3:燃費がよくなるので積極的に行う,1:エンジンブレーキが効かず速度が出すぎるため、してはならない,下り坂でニュートラルやクラッチを切った状態で走るとエンジンブレーキが効かず危険である。低速ギアでエンジンブレーキを使う。,keep,,事実正確で問いも明確,,交通の方法に関する教則 第2章・二輪車の運転,,,
kg255,kogata_gentsuki_nirin,operation,2,雪が積もった道や凍結した道路での二輪車の運転について正しいのはどれか。,0:速度を上げて勢いで走るほうが安定する / 1:前輪ブレーキを強くかけて止まるのがよい / 2:非常に滑りやすく転倒の危険が高いため、できるだけ運転を控える / 3:タイヤが細い二輪車は雪道でも滑りにくい,2:非常に滑りやすく転倒の危険が高いため、できるだけ運転を控える,二輪車は雪道や凍結路では極めて転倒しやすい。できるだけ運転を控え、やむを得ない場合はごく低速で急な操作を避ける。,keep,,事実正確で問いも明確,,交通の方法に関する教則 第2章・二輪車の運転,,,
kg256,kogata_gentsuki_nirin,operation,2,MT二輪車で停止するまで減速するとき、クラッチを切る時期として正しいのはどれか。,0:クラッチは切らずに停止する / 1:停止してから数秒後にクラッチを切る / 2:減速を始めたらすぐにクラッチを切る / 3:停止する直前にクラッチを切り、エンストを防ぐ,3:停止する直前にクラッチを切り、エンストを防ぐ,減速中はエンジンブレーキを活用し、停止直前にクラッチを切るとエンストを防ぎながらスムーズに停止できる。,keep,,事実正確で問いも明確,,交通の方法に関する教則 第2章・二輪車の運転,,,
kg257,kogata_gentsuki_nirin,hazard_prediction,3,交差点を直進しようとする二輪車にとって、対向車線の右折待ちの車について注意すべきこととして正しいのはどれか。,0:二輪車は車体が小さいため、右折車から実際より遠く・遅く見られ、前を横切られるおそれがある / 1:二輪車は目立つので、右折車は必ず待ってくれる / 2:右折車は必ず停止しているので注意する必要はない / 3:速度を上げて早く交差点を通過すれば安全である,0:二輪車は車体が小さいため、右折車から実際より遠く・遅く見られ、前を横切られるおそれがある,二輪車は車体が小さく、右折車の運転者から距離や速度を誤って判断されやすい。右折車が曲がってくる可能性を考えて速度を落とす。,keep,,事実正確で問いも明確,,交通の方法に関する教則 第5章(危険の予測),,,
kg258,kogata_gentsuki_nirin,hazard_prediction,2,渋滞している車列の横を二輪車で通行するときに予測すべき危険として正しいのはどれか。,0:車列の車はドアを開けることはない / 1:車列の間から歩行者が出てきたり、右折車が横切ってきたりするおそれがある / 2:渋滞中の車は動かないので危険はない / 3:車列の横は二輪車の専用通路なので安全である,1:車列の間から歩行者が出てきたり、右折車が横切ってきたりするおそれがある,渋滞車列のすき間からは歩行者や対向の右折車が出てくることがある。車列の横を速い速度で通過するのは危険である。,keep,,事実正確で問いも明確,,交通の方法に関する教則 第5章(危険の予測),,,
kg259,kogata_gentsuki_nirin,hazard_prediction,2,大型トラックが交差点を左折しようとしているときの注意として正しいのはどれか。,0:内輪差は小さいので気にする必要はない / 1:トラックは左折時に速度を落とさないので急いで追い越す / 2:内輪差によって後輪が大きく内側を通るため、トラックの左側に入り込まない / 3:トラックの左側のすき間から先に進む,2:内輪差によって後輪が大きく内側を通るため、トラックの左側に入り込まない,大型車は内輪差が大きく、左折時に後輪が大きく内側を通る。左側に入り込むと巻き込まれるおそれがある。,keep,,事実正確で問いも明確,,交通の方法に関する教則 第5章(危険の予測),,,
kg260,kogata_gentsuki_nirin,hazard_prediction,1,大型車の近くを走行するときの注意として正しいのはどれか。,0:大型車の直後につけば風よけになり安全である / 1:大型車の運転席は高いので、周囲の二輪車は必ず見えている / 2:大型車とは車間距離をつめて走行する / 3:大型車は死角が大きいため、その真後ろや左側方などを長く走り続けない,3:大型車は死角が大きいため、その真後ろや左側方などを長く走り続けない,大型車は死角が大きく、運転者から二輪車が見えないことがある。死角に長くとどまらないようにする。,keep,,事実正確で問いも明確,,交通の方法に関する教則 第5章(危険の予測),,,
kg261,kogata_gentsuki_nirin,hazard_prediction,2,前を走るトラックで前方の様子が見えない場合の運転として正しいのはどれか。,0:車間距離を多めにとり、前方の見通しをよくする / 1:トラックとの車間をつめて前方の状況をのぞき込む / 2:すぐに左側から追い抜く / 3:トラックの右後方ぎりぎりを走る,0:車間距離を多めにとり、前方の見通しをよくする,大きな車の後ろでは前方の状況が見えにくい。車間距離を十分にとることで視野が広がり、急な停止にも対応できる。,keep,,事実正確で問いも明確,,交通の方法に関する教則 第5章(危険の予測),,,
kg262,kogata_gentsuki_nirin,hazard_prediction,3,交差点で左折しようとする車の左側を二輪車で直進しようとする場合に予測すべき危険として正しいのはどれか。,0:左折車より先に交差点に入れば問題ない / 1:左折車に巻き込まれるおそれがあるため、無理に左側を進まない / 2:左折車は二輪車に気付いているので安全に通過できる / 3:左折車の左側を速い速度で通過すれば安全である,1:左折車に巻き込まれるおそれがあるため、無理に左側を進まない,左折車の左側を進むと左折車に巻き込まれるおそれがある。左折車の動きに注意し、無理に左側から前に出ない。,keep,near_dup,kg259と同じ巻き込みの事実(kg259参照),,交通の方法に関する教則 第5章(危険の予測),,,
kg263,kogata_gentsuki_nirin,hazard_prediction,1,前方を空車表示のタクシーが走行しているときに予測すべきこととして正しいのはどれか。,0:空車のタクシーは速度を上げるので離れていく / 1:タクシーは運転が上手なので予測する必要はない / 2:客を見つけて急に左に寄ったり停止したりするおそれがある / 3:タクシーは必ず右側車線を走る,2:客を見つけて急に左に寄ったり停止したりするおそれがある,空車のタクシーは、歩道の客を見つけて急に進路変更や停止をすることがある。車間距離をとって備える。,keep,,事実正確で問いも明確,,交通の方法に関する教則 第5章(危険の予測),,,
kg264,kogata_gentsuki_nirin,hazard_prediction,2,横断中の高齢者に接近したときの対応として正しいのはどれか。,0:高齢者は歩くのが遅いので、前を素早く通過する / 1:警音器を鳴らして急いで渡ってもらう / 2:高齢者の後ろ側をすり抜ける / 3:途中で立ち止まったり引き返したりすることがあるので、速度を落として十分に注意する,3:途中で立ち止まったり引き返したりすることがあるので、速度を落として十分に注意する,高齢者は横断に時間がかかり、途中で立ち止まったり引き返したりすることがある。速度を落とし、安全を確認する。,keep,,事実正確で問いも明確,,交通の方法に関する教則 第5章(危険の予測),,,
kg265,kogata_gentsuki_nirin,hazard_prediction,2,前方に並んで走行している中学生の自転車がいるときの運転として正しいのはどれか。,0:会話などに気を取られてふらつくことがあるので、速度を落とし十分な間隔をとる / 1:警音器を鳴らして一列にさせる / 2:自転車は左側を走るので気にせず通過する / 3:間を通り抜ける,0:会話などに気を取られてふらつくことがあるので、速度を落とし十分な間隔をとる,並進する自転車はふらついたり急に進路を変えたりすることがある。速度を落とし、十分な間隔をとって通過する。,keep,,事実正確で問いも明確,,交通の方法に関する教則 第5章(危険の予測),,,
kg266,kogata_gentsuki_nirin,hazard_prediction,1,住宅街を走行中、前方の道路にボールが転がってきた場合に予測すべきこととして正しいのはどれか。,0:ボールが道路の外に出るまで速度を上げて待つ / 1:ボールを追って子どもが飛び出してくるおそれがある / 2:ボールを踏めば問題ない / 3:ボールをよければ危険はない,1:ボールを追って子どもが飛び出してくるおそれがある,ボールが転がってきた場合は、その後を追って子どもが道路に飛び出してくることを予測し、速度を落として停止に備える。,keep,,事実正確で問いも明確,,交通の方法に関する教則 第5章(危険の予測),,,
kg267,kogata_gentsuki_nirin,hazard_prediction,2,雨の日に傘をさして歩いている歩行者の近くを通過するときの注意として正しいのはどれか。,0:雨の日は歩行者が少ないので注意は不要である / 1:傘をさしている歩行者はゆっくり歩くので危険はない / 2:傘で視界がさえぎられ、二輪車に気付かずに車道に出てくるおそれがある / 3:警音器を連続して鳴らしながら通過する,2:傘で視界がさえぎられ、二輪車に気付かずに車道に出てくるおそれがある,雨の日は歩行者が傘で周囲が見えにくくなっており、急いで横断することもある。速度を落として注意する。,keep,,事実正確で問いも明確,,交通の方法に関する教則 第5章(危険の予測),,,
kg268,kogata_gentsuki_nirin,hazard_prediction,4,夜間、対向車の前照灯と自分の前照灯が交差するあたりで起こりやすい危険として正しいのはどれか。,0:路面が急に凍結する現象 / 1:信号機の色が変わって見える現象 / 2:自分のエンジンが停止する現象 / 3:道路の中央付近にいる歩行者が見えなくなる蒸発現象,3:道路の中央付近にいる歩行者が見えなくなる蒸発現象,対向車と自車の前照灯の光が重なる付近では、歩行者などが見えなくなる蒸発現象が起こりやすい。速度を落として注意する。,keep,obvious_other,事実正確で問いも明確,,交通の方法に関する教則 第5章(危険の予測),,,
kg269,kogata_gentsuki_nirin,hazard_prediction,2,明るい日中にトンネルに入るときに注意すべきこととして正しいのはどれか。,0:目が暗さに慣れるまで見えにくくなるため、手前で速度を落とす / 1:トンネル内では前照灯をつける必要はない / 2:トンネル内は路面が乾いているので急ブレーキでも安全である / 3:トンネル内は明るいので速度を上げてよい,0:目が暗さに慣れるまで見えにくくなるため、手前で速度を落とす,明るい所から暗い所に入ると、目が慣れるまで一時的に見えにくくなる。トンネルの手前で速度を落とし、前照灯をつける。,keep,obvious_other,事実正確で問いも明確,,交通の方法に関する教則 第5章(危険の予測),,,
kg270,kogata_gentsuki_nirin,hazard_prediction,2,雨の降り始めの路面について正しいのはどれか。,0:降り始めは路面がまだ乾いているので滑りにくい / 1:路面のほこりや油が浮いて滑りやすくなるため特に注意する / 2:降り始めは摩擦が大きくなり止まりやすい / 3:雨が強くなってからでないと路面は滑らない,1:路面のほこりや油が浮いて滑りやすくなるため特に注意する,雨の降り始めは路面の土ぼこりや油が雨水と混ざって浮き上がり、非常に滑りやすくなる。,keep,,事実正確で問いも明確,,交通の方法に関する教則 第5章(危険の予測),,,
kg271,kogata_gentsuki_nirin,hazard_prediction,2,霧が発生している道路を走行するときの運転として正しいのはどれか。,0:霧の中は他の車がいないので速度を上げる / 1:前照灯を上向きにして遠くまで照らす / 2:前照灯をつけ(下向き)、速度を落として中央線やガードレールなどを目安に走行する / 3:前の車のテールランプをできるだけ近くで追う,2:前照灯をつけ(下向き)、速度を落として中央線やガードレールなどを目安に走行する,霧の中では前照灯を下向きにつけ、速度を落として走行する。上向きにすると光が霧に反射してかえって見えにくくなる。,keep,,事実正確で問いも明確,,交通の方法に関する教則 第5章(危険の予測),,,
kg272,kogata_gentsuki_nirin,hazard_prediction,1,道路の路肩付近に砂が浮いている場所を走行するときの注意として正しいのはどれか。,0:砂の上を加速して一気に通過する / 1:砂は二輪車の走行に影響しない / 2:砂の上はタイヤがよく止まるので、そこでブレーキをかける / 3:タイヤが滑りやすいため、砂の上では急ブレーキや急なハンドル操作を避ける,3:タイヤが滑りやすいため、砂の上では急ブレーキや急なハンドル操作を避ける,路肩の砂や土の上はタイヤが滑りやすく、急な操作で転倒するおそれがある。避けて通るか、慎重に通過する。,keep,,事実正確で問いも明確,,交通の方法に関する教則 第5章(危険の予測),,,
kg273,kogata_gentsuki_nirin,hazard_prediction,2,秋の山道でカーブの路面にぬれた落ち葉がたまっているのを見つけたときの対応として正しいのはどれか。,0:滑りやすいため、手前で速度を落として急な操作を避ける / 1:落ち葉の上でブレーキをかけて止まる / 2:落ち葉を避けるため中央線をはみ出して走行する / 3:落ち葉はクッションになるので速度を落とす必要はない,0:滑りやすいため、手前で速度を落として急な操作を避ける,ぬれた落ち葉の上は非常に滑りやすい。カーブの手前で十分に減速し、落ち葉の上では急ブレーキや急なハンドル操作をしない。,keep,,事実正確で問いも明確,,交通の方法に関する教則 第5章(危険の予測),,,
kg274,kogata_gentsuki_nirin,hazard_prediction,4,路面電車のレールや道路のわだちを横切るときの運転として正しいのはどれか。,0:レールの上でブレーキをかけて安定させる / 1:できるだけ直角に近い角度で横切り、ハンドルを取られないようにする / 2:速度を上げてレールの上を走る / 3:レールと平行に近い浅い角度で横切る,1:できるだけ直角に近い角度で横切り、ハンドルを取られないようにする,レールなどを浅い角度で横切るとタイヤが取られて転倒するおそれがある。できるだけ直角に近い角度で横切る。,keep,,事実正確で問いも明確,,交通の方法に関する教則 第5章(危険の予測),,,
kg275,kogata_gentsuki_nirin,hazard_prediction,2,踏切の向こう側が渋滞している場合の対応として正しいのはどれか。,0:遮断機が上がっていれば踏切の中で待ってよい / 1:前の車に続いて踏切内に入って待つ / 2:踏切の先に自分の車が入れる余地があることを確かめてから踏切に入る / 3:二輪車は小さいので、渋滞していても踏切に入ってよい,2:踏切の先に自分の車が入れる余地があることを確かめてから踏切に入る,踏切の向こう側に入れる余地がないのに踏切に入ると、踏切内で停止してしまうおそれがある。余地を確かめてから入る。,keep,,事実正確で問いも明確,,交通の方法に関する教則 第5章(危険の予測),,,
kg276,kogata_gentsuki_nirin,hazard_prediction,1,道路沿いのコンビニエンスストアの前を通過するときに予測すべき危険として正しいのはどれか。,0:店の前は明るいので危険はない / 1:店の前では歩行者が道路に出てくることはない / 2:店に出入りする車は必ず合図を出すので安心できる / 3:駐車場から車が出てきたり、入ろうとする車が急に減速したりするおそれがある,3:駐車場から車が出てきたり、入ろうとする車が急に減速したりするおそれがある,店舗の出入口付近では、車の出入りや急な減速、歩行者の横断などが起こりやすい。速度を落として注意する。,keep,,事実正確で問いも明確,,交通の方法に関する教則 第5章(危険の予測),,,
kg277,kogata_gentsuki_nirin,hazard_prediction,1,交差点の手前で停止している車の横を通過して進もうとするときに予測すべき危険として正しいのはどれか。,0:停止車の前方を歩行者や自転車が横断しているおそれがある / 1:停止車の運転者が合図を出すので安心して通過できる / 2:停止車は故障しているだけなので危険はない / 3:停止車の横は安全地帯なので徐行の必要はない,0:停止車の前方を歩行者や自転車が横断しているおそれがある,前方で車が停止している場合は、その前を歩行者などが横断している可能性がある。停止車の陰から出てくる人に注意する。,keep,,事実正確で問いも明確,,交通の方法に関する教則 第5章(危険の予測),,,
kg278,kogata_gentsuki_nirin,hazard_prediction,2,道路の左側に駐車車両があり、その右側を通過しようとするときの注意として正しいのはどれか。,0:駐車車両がある側が優先なので、対向車に止まってもらう / 1:対向車の有無を確かめ、対向車がある場合は駐車車両の手前で一時停止か減速して対向車を先に通す / 2:駐車車両のすぐ横を速い速度で通過する / 3:対向車より先に通過できるよう速度を上げる,1:対向車の有無を確かめ、対向車がある場合は駐車車両の手前で一時停止か減速して対向車を先に通す,駐車車両の右側を通過するときは対向車の確認が必要である。障害物のある側の車が一時停止や減速をして対向車に道を譲る。,keep,,事実正確で問いも明確,,交通の方法に関する教則 第5章(危険の予測),,,
kg279,kogata_gentsuki_nirin,hazard_prediction,1,前方の車のブレーキランプが次々に点灯しているのが見えた場合に予測すべきこととして正しいのはどれか。,0:ブレーキランプの点灯は気にしなくてよい / 1:車列の横を急いで追い越す / 2:前方で渋滞や事故などが起きている可能性があり、早めに減速する / 3:前の車が止まってから減速すればよい,2:前方で渋滞や事故などが起きている可能性があり、早めに減速する,前方の車が次々にブレーキをかけるのは、渋滞や障害物などがある兆候である。早めに減速して追突を防ぐ。,keep,,事実正確で問いも明確,,交通の方法に関する教則 第5章(危険の予測),,,
kg280,kogata_gentsuki_nirin,hazard_prediction,1,後続車が車間距離をつめて接近してくる場合の対応として正しいのはどれか。,0:急ブレーキをかけて離れるよう注意する / 1:速度を上げて引き離す / 2:道路の中央寄りを走って追越しをさせない / 3:安全な場所で左に寄るなどして、先に行かせる,3:安全な場所で左に寄るなどして、先に行かせる,後続車が接近してくるときは、急ブレーキなどで対抗せず、安全な場所で進路を譲って先に行かせる。,keep,,事実正確で問いも明確,,交通の方法に関する教則 第5章(危険の予測),,,
kg281,kogata_gentsuki_nirin,hazard_prediction,3,狭い道で前方の左側に駐車車両があり、対向車も接近している場合について正しいのはどれか。,0:駐車車両のある側を走っている自分が、一時停止や減速をして対向車に道を譲る / 1:二輪車は幅が狭いので、そのまま駐車車両と対向車の間を通過してよい / 2:対向車が一時停止して道を譲らなければならない / 3:警音器を鳴らして自分が先に通過する,0:駐車車両のある側を走っている自分が、一時停止や減速をして対向車に道を譲る,進路の前方に障害物がある場合は、あらかじめ一時停止か減速をして、反対方向からの車に道を譲る。,keep,near_dup,kg278と同じ障害物側が譲る事実(kg278参照),,交通の方法に関する教則 第5章(危険の予測),,,
kg282,kogata_gentsuki_nirin,hazard_prediction,2,雨の夜に走行するときの注意として正しいのはどれか。,0:雨の夜は交通量が少ないので速度を上げてよい / 1:路面が光を反射して車線や歩行者が見えにくくなるため、速度を落とす / 2:前照灯を消したほうが反射が少なくなり見やすい / 3:路面の白線の上を走れば安全である,1:路面が光を反射して車線や歩行者が見えにくくなるため、速度を落とす,雨の夜は路面が光って車線や標示が見えにくく、歩行者も発見しにくい。速度を落とし、慎重に運転する。,keep,,事実正確で問いも明確,,交通の方法に関する教則 第5章(危険の予測),,,
kg283,kogata_gentsuki_nirin,hazard_prediction,2,下り坂のカーブに差しかかるときの注意として正しいのはどれか。,0:下り坂ではエンジンブレーキを使ってはならない / 1:カーブに入ってから強くブレーキをかける / 2:加速がつきやすいため、カーブの手前で十分に減速しておく / 3:下り坂のカーブは惰性で速度を保つとよい,2:加速がつきやすいため、カーブの手前で十分に減速しておく,下り坂では速度が出やすく、カーブで曲がりきれなくなるおそれがある。カーブの手前で低速ギアと前後のブレーキで十分に減速する。,keep,,事実正確で問いも明確,,交通の方法に関する教則 第5章(危険の予測),,,
kg284,kogata_gentsuki_nirin,hazard_prediction,2,見通しの悪い上り坂の頂上付近を走行するときの注意として正しいのはどれか。,0:頂上付近は加速して一気に越えるとよい / 1:頂上付近では道路の中央を走る / 2:頂上付近は追越しに適した場所である / 3:頂上の先の状況が見えないため、速度を落として対向車や障害物に備える,3:頂上の先の状況が見えないため、速度を落として対向車や障害物に備える,上り坂の頂上付近は先が見えず、対向車や停止車両などがいても発見が遅れる。徐行が必要な場所であり、追越しも禁止されている。,keep,,頂上付近の徐行・追越し禁止は正確,,交通の方法に関する教則 第5章(危険の予測),,,
kg285,kogata_gentsuki_nirin,hazard_prediction,1,四輪車の後方を走行する二輪車が注意すべきこととして正しいのはどれか。,0:四輪車のミラーに映りにくい位置(死角)に入らないようにする / 1:四輪車のすぐ後ろを走ると安全である / 2:四輪車の運転者はいつも二輪車を見ている / 3:四輪車の真横を並んで走ると見えやすい,0:四輪車のミラーに映りにくい位置(死角)に入らないようにする,四輪車には死角があり、斜め後方などを走る二輪車は見落とされやすい。死角に入らないよう、位置や車間距離に気を配る。,keep,near_dup,kg260と同じ大型車・四輪の死角(kg260参照),,交通の方法に関する教則 第5章(危険の予測),,,
kg286,kogata_gentsuki_nirin,hazard_prediction,4,停留所で停止していた路線バスが発進の合図を出した場合の対応として正しいのはどれか。,0:先に進めるよう速度を上げてバスの横を通過する / 1:急ブレーキなどを避けなければならない場合を除き、バスの発進を妨げてはならない / 2:警音器を鳴らしてバスを止める / 3:二輪車はバスの発進を待つ必要はない,1:急ブレーキなどを避けなければならない場合を除き、バスの発進を妨げてはならない,路線バスが停留所から発進しようと合図をしたときは、後方の車は急ブレーキなどが必要な場合を除き、その進路の変更を妨げてはならない。,keep,,路線バス発進の保護義務は正確,,道路交通法 第31条の2,,,
kg287,kogata_gentsuki_nirin,hazard_prediction,1,保護者と手をつないで歩道を歩いている幼児の近くを通過するときの注意として正しいのはどれか。,0:保護者がいるので安全である / 1:幼児は小さいので視界に入らなくても問題ない / 2:幼児は急に手を離して車道に飛び出すことがあるため、速度を落として注意する / 3:警音器を鳴らして注意を促す,2:幼児は急に手を離して車道に飛び出すことがあるため、速度を落として注意する,幼児は予測できない行動をとることがあり、保護者がいても急に車道に出てくることがある。速度を落として備える。,keep,,事実正確で問いも明確,,交通の方法に関する教則 第5章(危険の予測),,,
kg288,kogata_gentsuki_nirin,hazard_prediction,1,住宅街で車庫から車が後退して出ようとしているときの対応として正しいのはどれか。,0:車庫の前を加速して通過する / 1:警音器を鳴らして急いで通過する / 2:後退する車は必ず停止するので、そのまま通過する / 3:後退する車の運転者から二輪車が見えにくいので、止まるか速度を落として様子を見る,3:後退する車の運転者から二輪車が見えにくいので、止まるか速度を落として様子を見る,後退する車は後方の確認が不十分なことが多い。二輪車が見落とされる可能性を考え、停止や減速で安全を確保する。,keep,,事実正確で問いも明確,,交通の方法に関する教則 第5章(危険の予測),,,
kg289,kogata_gentsuki_nirin,hazard_prediction,1,日が沈んで周囲が薄暗くなってきたときの対応として正しいのはどれか。,0:早めに前照灯をつけ、自分の存在を他の交通に知らせる / 1:完全に暗くなるまで前照灯はつけなくてよい / 2:前照灯の代わりに方向指示器を点滅させる / 3:夕方は視界がよいので速度を上げてよい,0:早めに前照灯をつけ、自分の存在を他の交通に知らせる,夕暮れ時は周囲が見えにくく、事故が起こりやすい時間帯である。早めに前照灯をつけて他の交通に存在を知らせる。,keep,obvious_other,事実正確で問いも明確,,交通の方法に関する教則 第5章(危険の予測),,,
kg290,kogata_gentsuki_nirin,hazard_prediction,5,交差点で右折待ちをしているとき、対向車線に停止した車の列のすき間を抜けて右折しようとする場合に予測すべき危険として正しいのはどれか。,0:車列の運転者が合図してくれれば安全である / 1:車列の左側を直進してくる二輪車や自転車と衝突するおそれがある / 2:速く通過すれば危険はない / 3:車列が止まっているので対向から来るものはない,1:車列の左側を直進してくる二輪車や自転車と衝突するおそれがある,停止した対向車列の陰からは、左側を直進してくる二輪車や自転車が見えにくい。すき間から右折するときは、車列の陰を確認しながら少しずつ進む。,keep,,停止車列の陰の直進車。正確,,交通の方法に関する教則 第5章(危険の予測),,,
kg291,kogata_gentsuki_nirin,hazard_prediction,2,信号が青に変わった直後に交差点へ進入するときの注意として正しいのはどれか。,0:青信号では右折車は来ない / 1:青信号では左右の確認は必要ない / 2:信号の変わり目に無理に交差点を通過しようとする車や歩行者がいないか確認する / 3:青になったらすぐに加速して進入してよい,2:信号の変わり目に無理に交差点を通過しようとする車や歩行者がいないか確認する,信号が変わった直後は、黄や赤で無理に通過しようとする車や、横断を終えていない歩行者がいることがある。左右を確認してから進む。,keep,,事実正確で問いも明確,,交通の方法に関する教則 第5章(危険の予測),,,
kg292,kogata_gentsuki_nirin,hazard_prediction,3,前方の大型トラックが左側の交差点の手前で右側に寄り始めた場合に予測すべきこととして正しいのはどれか。,0:トラックの動きは二輪車には関係ない / 1:右折するので左側から追い抜いてよい / 2:車線変更をするので加速して左に並ぶ / 3:大回りして左折するため、いったん右に寄ってから左に曲がる可能性がある,3:大回りして左折するため、いったん右に寄ってから左に曲がる可能性がある,大型車は左折の際に、内輪差を避けるためいったん右に振ってから曲がることがある。左側から追い抜くと巻き込まれるおそれがある。,keep,,事実正確で問いも明確,,交通の方法に関する教則 第5章(危険の予測),,,
kg293,kogata_gentsuki_nirin,hazard_prediction,2,歩道のある道路で、歩道を走っている自転車の近くを通過するときに予測すべきこととして正しいのはどれか。,0:歩道の歩行者を避けるために車道に出てくるおそれがある / 1:自転車の横を加速して通過する / 2:歩道の自転車には注意を払う必要はない / 3:自転車は歩道から車道に出ることはない,0:歩道の歩行者を避けるために車道に出てくるおそれがある,歩道を走る自転車は、歩行者や障害物を避けて急に車道に出てくることがある。速度を落とし、間隔をとって通過する。,keep,,事実正確で問いも明確,,交通の方法に関する教則 第5章(危険の予測),,,
kg294,kogata_gentsuki_nirin,hazard_prediction,2,渋滞で停止している車列の先に横断歩道がある場合の注意として正しいのはどれか。,0:車列が止まっているので横断歩道の歩行者は渡らない / 1:車列の間から横断歩道を渡る歩行者が出てくるおそれがあり、車列の横を通過して前に出ないようにする / 2:車列の横を速い速度で通過して先に出る / 3:横断歩道の上で停止して待つ,1:車列の間から横断歩道を渡る歩行者が出てくるおそれがあり、車列の横を通過して前に出ないようにする,停止車列の陰からは横断歩道を渡る歩行者が見えにくい。車列の側方を通過して前に出るのは危険である。,keep,,事実正確で問いも明確,,交通の方法に関する教則 第5章(危険の予測),,,
kg295,kogata_gentsuki_nirin,hazard_prediction,3,冬の晴れた日の朝に、建物の日陰になっている道路を走行するときの注意として正しいのはどれか。,0:日陰の路面は日なたよりも滑りにくい / 1:晴れていれば路面は凍結しない / 2:日なたが乾いていても、日陰の部分は凍結していることがあるため速度を落とす / 3:凍結した路面では加速して通過する,2:日なたが乾いていても、日陰の部分は凍結していることがあるため速度を落とす,日陰になっている場所や橋の上などは凍結が残りやすい。晴れていても路面の状態に注意して速度を落とす。,keep,,事実正確で問いも明確,,交通の方法に関する教則 第5章(危険の予測),,,
kg296,kogata_gentsuki_nirin,hazard_prediction,2,雨で路面がぬれているときの車間距離について正しいのはどれか。,0:ぬれた路面ではブレーキがよく効くので短くてよい / 1:晴れの日と同じでよい / 2:前の車の水しぶきを避けるため車間をつめる / 3:晴れの日よりも長めに車間距離をとる,3:晴れの日よりも長めに車間距離をとる,ぬれた路面では制動距離が長くなるため、晴れの日よりも車間距離を長めにとる必要がある。,keep,,事実正確で問いも明確,,交通の方法に関する教則 第5章(危険の予測),,,
kg297,kogata_gentsuki_nirin,hazard_prediction,1,渋滞でのろのろ運転をしているときの注意として正しいのはどれか。,0:前の車が急に止まることもあるので、車間距離をつめすぎない / 1:前の車にぴったりついていけば割り込まれない / 2:ブレーキをかけずにクラッチ操作だけで調整する / 3:のろのろ運転では車間距離は必要ない,0:前の車が急に止まることもあるので、車間距離をつめすぎない,渋滞中でも前の車が急に止まることがある。車間距離をつめすぎると追突のおそれがあるので、適度な間隔を保つ。,keep,,事実正確で問いも明確,,交通の方法に関する教則 第5章(危険の予測),,,
kg298,kogata_gentsuki_nirin,hazard_prediction,2,前の車を追い越そうとしたとき、その車が右折の合図を出した場合の対応として正しいのはどれか。,0:前の車より先に右折する / 1:追越しを中止し、前の車の動きに合わせて速度を調整する / 2:警音器を鳴らして右折をやめさせる / 3:合図を無視してそのまま右側から追い越す,1:追越しを中止し、前の車の動きに合わせて速度を調整する,前の車が右折の合図を出しているときに右側から追い越すと衝突のおそれがある。追越しを中止し、安全を確保する。,keep,,事実正確で問いも明確,,交通の方法に関する教則 第5章(危険の予測),,,
kg299,kogata_gentsuki_nirin,hazard_prediction,1,道路の左側に止まっている車が右の方向指示器を出している場合に予測すべきこととして正しいのはどれか。,0:その車は止まったままでいる / 1:その車は後退しようとしている / 2:その車が発進して自分の進路に出てくるおそれがある / 3:方向指示器の故障なので気にしなくてよい,2:その車が発進して自分の進路に出てくるおそれがある,止まっている車が右の合図を出しているときは、発進して進路に出てくることが予測される。速度を落とし、間隔をあけて通過する。,keep,,事実正確で問いも明確,,交通の方法に関する教則 第5章(危険の予測),,,
kg300,kogata_gentsuki_nirin,hazard_prediction,2,緊急自動車のサイレンが聞こえるが、どこから来るのか分からない場合の対応として正しいのはどれか。,0:見えないので気にせずに走行を続ける / 1:サイレンが聞こえたら、その場ですぐに急停止する / 2:速度を上げて交差点を急いで通過する / 3:速度を落として周囲を確認し、緊急自動車の接近方向がわかったら進路を譲れるよう備える,3:速度を落として周囲を確認し、緊急自動車の接近方向がわかったら進路を譲れるよう備える,サイレンが聞こえたら、速度を落としてミラーや周囲を確認し、緊急自動車の接近方向に応じて進路を譲れるようにする。急停止は後続車の追突を招くおそれがある。,keep,,事実正確で問いも明確,,交通の方法に関する教則 第5章(危険の予測),,,
kg303,kogata_gentsuki_nirin,signs,3,「安全地帯」の標識の意味として正しいのはどれか。,0:大型乗用自動車（バス等）の通行を禁止する / 1:車両の駐車を禁止する（短時間の停車は可能） / 2:路面電車の停留所などで、歩行者が安全に待機するための場所であることを示す / 3:車両のUターン（転回）を禁止する,2:路面電車の停留所などで、歩行者が安全に待機するための場所であることを示す,「安全地帯」は指示標識（長方形・青地に白の絵）で、路面電車の停留所などで、歩行者が安全に待機するための場所であることを示すことを意味する。,keep,"obvious_other,weak_explanation",意味は正確。外見記述は要確認,,道路標識、区画線及び道路標示に関する命令,要,,
kg304,kogata_gentsuki_nirin,signs,1,「落石のおそれあり」の標識が意味するものとして正しいのはどれか。,0:道路の側端に対して平行に駐車すべきことを示す / 1:追越しのために道路の右側部分にはみ出して通行することを禁止する（右側部分にはみ出さない追越しは可能） / 2:歩行者の通行を禁止する / 3:前方の道路に落石のおそれがあることを予告する,3:前方の道路に落石のおそれがあることを予告する,「落石のおそれあり」は警戒標識（菱形・黄色地に黒の落石の絵）で、前方の道路に落石のおそれがあることを予告することを意味する。,keep,,事実正確で問いも明確,,道路標識、区画線及び道路標示に関する命令,,,
kg305,kogata_gentsuki_nirin,signs,2,円形で青地に白の矢印とバスの絵の「路線バス等優先通行帯」の標識について、正しい説明はどれか。,0:路線バス等が優先的に通行する車両通行帯であることを示す / 1:自転車が2台まで並んで通行できることを示す / 2:前方に十字路（交差点）があることを予告し、注意を促す / 3:自転車が道路を横断するための場所であることを示す,0:路線バス等が優先的に通行する車両通行帯であることを示す,「路線バス等優先通行帯」は規制標識（円形・青地に白の矢印とバスの絵）で、路線バス等が優先的に通行する車両通行帯であることを示すことを意味する。,keep,"obvious_other,weak_explanation",意味は正確。専用通行帯(kg309)との差が曖昧,,道路標識、区画線及び道路標示に関する命令,要,,
kg306,kogata_gentsuki_nirin,signs,3,「指定方向外進行禁止（直進のみ）」の標識の意味として正しいのはどれか。,0:車両のUターン（転回）を禁止する / 1:矢印で示された方向（直進）以外への進行を禁止する / 2:前方にT字路があることを予告し、注意を促す / 3:指定された複数の種類の車両の通行を禁止する,1:矢印で示された方向（直進）以外への進行を禁止する,「指定方向外進行禁止（直進のみ）」は規制標識（円形・青地に白の矢印）で、矢印で示された方向（直進）以外への進行を禁止することを意味する。,keep,"obvious_other,weak_explanation",意味は正確。定義の言い換え解説,,道路標識、区画線及び道路標示に関する命令,,,
kg309,kogata_gentsuki_nirin,signs,3,「専用通行帯」の標識の意味として正しいのはどれか。,0:バスなど特定の車両の専用通行帯であることを示し、それ以外の車両の通行を制限する / 1:示された方向以外への進行を禁止し、左折を禁止する / 2:路面電車の停留所などで、歩行者が安全に待機するための場所であることを示す / 3:前方にロータリー（環状交差点）があることを予告する,0:バスなど特定の車両の専用通行帯であることを示し、それ以外の車両の通行を制限する,「専用通行帯」は規制標識（円形・青地に白の矢印と専用車両の絵）で、バスなど特定の車両の専用通行帯であることを示し、それ以外の車両の通行を制限することを意味する。,keep,weak_explanation,専用通行帯の意味は正確。外見記述は要確認,,道路標識、区画線及び道路標示に関する命令,要,,
kg310,kogata_gentsuki_nirin,signs,1,「駐停車禁止」の標識が意味するものとして正しいのはどれか。,0:バスなど特定の車両の専用通行帯であることを示し、それ以外の車両の通行を制限する / 1:車両の駐車と停車の両方を禁止する / 2:大型貨物自動車や特定中型貨物自動車などの通行を禁止する / 3:自転車を除く軽車両（荷車など）の通行を禁止する,1:車両の駐車と停車の両方を禁止する,「駐停車禁止」は規制標識（円形・青地に赤の斜線）で、車両の駐車と停車の両方を禁止することを意味する。,keep,"obvious_other,weak_explanation",意味は正確。斜線は実際は×印,,道路標識、区画線及び道路標示に関する命令,要,,
kg311,kogata_gentsuki_nirin,signs,2,長方形で青地に白の矢印の「一方通行」の標識について、正しい説明はどれか。,0:歩行者・車両を問わず、すべての通行が禁止されていることを示す / 1:路線バス等が優先的に通行する車両通行帯であることを示す / 2:車両が矢印で示された方向にのみ進行できることを示す / 3:二輪の自動車と原動機付自転車の通行を禁止する,2:車両が矢印で示された方向にのみ進行できることを示す,「一方通行」は規制標識（長方形・青地に白の矢印）で、車両が矢印で示された方向にのみ進行できることを示すことを意味する。,keep,"obvious_other,weak_explanation",意味は正確,,道路標識、区画線及び道路標示に関する命令,,,
kg316,kogata_gentsuki_nirin,signs,1,「T字路あり」の標識が意味するものとして正しいのはどれか。,0:道路の側端に対して直角に駐車すべきことを示す / 1:車両のUターン（転回）を禁止する / 2:二輪の自動車と原動機付自転車の通行を禁止する / 3:前方にT字路があることを予告し、注意を促す,3:前方にT字路があることを予告し、注意を促す,「T字路あり」は警戒標識（菱形・黄色地に黒のT字の絵）で、前方にT字路があることを予告し、注意を促すことを意味する。,keep,"obvious_other,weak_explanation",意味は正確,,道路標識、区画線及び道路標示に関する命令,,,
kg319,kogata_gentsuki_nirin,signs,1,「車両進入禁止」の標識が意味するものとして正しいのはどれか。,0:示された方向以外への進行を禁止し、右折を禁止する / 1:バスなど特定の車両の専用通行帯であることを示し、それ以外の車両の通行を制限する / 2:一方通行路の出口などに設置され、車両がその方向へ進入することを禁止する / 3:矢印で示された方向（直進）以外への進行を禁止する,2:一方通行路の出口などに設置され、車両がその方向へ進入することを禁止する,「車両進入禁止」は規制標識（円形・赤地に白の横棒）で、一方通行路の出口などに設置され、車両がその方向へ進入することを禁止することを意味する。,keep,"obvious_other,weak_explanation",意味は正確,,道路標識、区画線及び道路標示に関する命令,,,
kg320,kogata_gentsuki_nirin,signs,2,円形で青地に白字で数字の「最低速度」の標識について、正しい説明はどれか。,0:その場所での駐車が認められていることを示す / 1:矢印で示された方向（直進）以外への進行を禁止する / 2:路面が滑りやすい状態にあることが多く、注意すべきことを示す / 3:その数字を下回る速度での走行を禁止する（高速道路等に設置）,3:その数字を下回る速度での走行を禁止する（高速道路等に設置）,「最低速度」は規制標識（円形・青地に白字で数字）で、その数字を下回る速度での走行を禁止する（高速道路等に設置）ことを意味する。,keep,"obvious_other,weak_explanation",意味は正確,,道路標識、区画線及び道路標示に関する命令,,,
kg321,kogata_gentsuki_nirin,signs,3,「最高速度」の標識の意味として正しいのはどれか。,0:その数字を超える速度での走行を禁止する / 1:前方の道路が右方向に大きく曲がっていることを予告する / 2:追越しのために道路の右側部分にはみ出して通行することを禁止する（右側部分にはみ出さない追越しは可能） / 3:路線バス等が優先的に通行する車両通行帯であることを示す,0:その数字を超える速度での走行を禁止する,「最高速度」は規制標識（円形・白地に赤枠、黒字で数字）で、その数字を超える速度での走行を禁止することを意味する。,keep,"obvious_other,weak_explanation",意味は正確,,道路標識、区画線及び道路標示に関する命令,,,
kg322,kogata_gentsuki_nirin,signs,1,「学校・幼稚園・保育所等あり」の標識が意味するものとして正しいのはどれか。,0:車両の種類ごとに通行すべき車両通行帯を指定する / 1:付近に学校・幼稚園・保育所等があり、児童・幼児の飛び出し等に注意すべきことを示す / 2:指定された区間で警音器（クラクション）を鳴らさなければならないことを示す / 3:二輪の自動車と原動機付自転車の通行を禁止する,1:付近に学校・幼稚園・保育所等があり、児童・幼児の飛び出し等に注意すべきことを示す,「学校・幼稚園・保育所等あり」は警戒標識（菱形・黄色地に黒の子どもの絵）で、付近に学校・幼稚園・保育所等があり、児童・幼児の飛び出し等に注意すべきことを示すことを意味する。,keep,"obvious_other,weak_explanation",意味は正確,,道路標識、区画線及び道路標示に関する命令,,,
kg324,kogata_gentsuki_nirin,signs,3,「すべりやすい」の標識の意味として正しいのはどれか。,0:前方に十字路（交差点）があることを予告し、注意を促す / 1:その数字を下回る速度での走行を禁止する（高速道路等に設置） / 2:示された方向以外への進行を禁止し、右折を禁止する / 3:路面が滑りやすい状態にあることが多く、注意すべきことを示す,3:路面が滑りやすい状態にあることが多く、注意すべきことを示す,「すべりやすい」は警戒標識（菱形・黄色地に黒の車両滑走の絵）で、路面が滑りやすい状態にあることが多く、注意すべきことを示すことを意味する。,keep,"obvious_other,weak_explanation",意味は正確,,道路標識、区画線及び道路標示に関する命令,,,
kg328,kogata_gentsuki_nirin,signs,1,「直角駐車」の標識が意味するものとして正しいのはどれか。,0:指定された複数の種類の車両の通行を禁止する / 1:歩行者の通行を禁止する / 2:歩行者が道路を横断するための場所であることを示す / 3:道路の側端に対して直角に駐車すべきことを示す,3:道路の側端に対して直角に駐車すべきことを示す,「直角駐車」は指示標識（長方形・青地に白の絵）で、道路の側端に対して直角に駐車すべきことを示すことを意味する。,keep,"obvious_other,weak_explanation",意味は正確,,道路標識、区画線及び道路標示に関する命令,,,
kg334,kogata_gentsuki_nirin,signs,1,「横断歩道」の標識が意味するものとして正しいのはどれか。,0:車両がただちに停止できるような速度まで速度を落として進行しなければならないことを示す / 1:歩行者が道路を横断するための場所であることを示す / 2:前方にT字路があることを予告し、注意を促す / 3:道路の側端に対して直角に駐車すべきことを示す,1:歩行者が道路を横断するための場所であることを示す,「横断歩道」は指示標識（長方形・青地に白の歩行者の絵）で、歩行者が道路を横断するための場所であることを示すことを意味する。,keep,"obvious_other,weak_explanation",意味は正確,,道路標識、区画線及び道路標示に関する命令,,,
kg335,kogata_gentsuki_nirin,signs,2,円形で黄色地に黒の追越し禁止マークの「追越しのための右側部分はみ出し通行禁止」の標識について、正しい説明はどれか。,0:前方の道路が右方向に大きく曲がっていることを予告する / 1:自動車・原動機付自転車以外（歩行者・軽車両等）の通行を禁止する / 2:追越しのために道路の右側部分にはみ出して通行することを禁止する（右側部分にはみ出さない追越しは可能） / 3:道路の側端に対して直角に駐車すべきことを示す,2:追越しのために道路の右側部分にはみ出して通行することを禁止する（右側部分にはみ出さない追越しは可能）,「追越しのための右側部分はみ出し通行禁止」は規制標識（円形・黄色地に黒の追越し禁止マーク）で、追越しのために道路の右側部分にはみ出して通行することを禁止する（右側部分にはみ出さない追越しは可能）ことを意味する。,keep,"obvious_other,weak_explanation",意味は正確。外見記述は要確認,,道路標識、区画線及び道路標示に関する命令,要,,
kg336,kogata_gentsuki_nirin,signs,3,「一時停止」の標識の意味として正しいのはどれか。,0:前方にT字路があることを予告し、注意を促す / 1:示された方向以外への進行を禁止し、右折を禁止する / 2:自動車・原動機付自転車以外（歩行者・軽車両等）の通行を禁止する / 3:車両が停止線の直前で一時停止しなければならないことを示す,3:車両が停止線の直前で一時停止しなければならないことを示す,「一時停止」は規制標識（逆三角形・白地に赤枠、赤字）で、車両が停止線の直前で一時停止しなければならないことを示すことを意味する。,keep,"obvious_other,weak_explanation",意味は正確,,道路標識、区画線及び道路標示に関する命令,,,
kg337,kogata_gentsuki_nirin,signs,1,「徐行」の標識が意味するものとして正しいのはどれか。,0:車両がただちに停止できるような速度まで速度を落として進行しなければならないことを示す / 1:道路の側端に対して直角に駐車すべきことを示す / 2:自転車が道路を横断するための場所であることを示す / 3:道路の中央の位置を示す線であることを示す,0:車両がただちに停止できるような速度まで速度を落として進行しなければならないことを示す,「徐行」は規制標識（逆三角形・白地に赤枠、青字）で、車両がただちに停止できるような速度まで速度を落として進行しなければならないことを示すことを意味する。,keep,"obvious_other,weak_explanation",意味は正確。文字色は要確認,,道路標識、区画線及び道路標示に関する命令,要,,
kg339,kogata_gentsuki_nirin,signs,3,「ロータリーあり」の標識の意味として正しいのはどれか。,0:前方にT字路があることを予告し、注意を促す / 1:歩行者の通行を禁止する / 2:前方にロータリー（環状交差点）があることを予告する / 3:車両が矢印で示された方向にのみ進行できることを示す,2:前方にロータリー（環状交差点）があることを予告する,「ロータリーあり」は警戒標識（菱形・黄色地に黒の環状矢印）で、前方にロータリー（環状交差点）があることを予告することを意味する。,keep,"obvious_other,weak_explanation",意味は正確,,道路標識、区画線及び道路標示に関する命令,,,
kg340,kogata_gentsuki_nirin,signs,1,「自転車横断帯」の標識が意味するものとして正しいのはどれか。,0:前方にT字路があることを予告し、注意を促す / 1:追越しのために道路の右側部分にはみ出して通行することを禁止する（右側部分にはみ出さない追越しは可能） / 2:路面が滑りやすい状態にあることが多く、注意すべきことを示す / 3:自転車が道路を横断するための場所であることを示す,3:自転車が道路を横断するための場所であることを示す,「自転車横断帯」は指示標識（長方形・青地に白の自転車の絵）で、自転車が道路を横断するための場所であることを示すことを意味する。,keep,"obvious_other,weak_explanation",意味は正確,,道路標識、区画線及び道路標示に関する命令,,,
kg341,kogata_gentsuki_nirin,signs,2,菱形で黄色地に黒の十字の絵の「十字路あり」の標識について、正しい説明はどれか。,0:前方に十字路（交差点）があることを予告し、注意を促す / 1:車両がただちに停止できるような速度まで速度を落として進行しなければならないことを示す / 2:前方にT字路があることを予告し、注意を促す / 3:自転車が道路を横断するための場所であることを示す,0:前方に十字路（交差点）があることを予告し、注意を促す,「十字路あり」は警戒標識（菱形・黄色地に黒の十字の絵）で、前方に十字路（交差点）があることを予告し、注意を促すことを意味する。,keep,"obvious_other,weak_explanation",意味は正確,,道路標識、区画線及び道路標示に関する命令,,,
kg342,kogata_gentsuki_nirin,signs,3,「斜め駐車」の標識の意味として正しいのはどれか。,0:自転車を除く軽車両（荷車など）の通行を禁止する / 1:道路の側端に対して斜めに駐車すべきことを示す / 2:前方の道路に落石のおそれがあることを予告する / 3:原動機付自転車や自転車など特定の車両が通行すべき車両通行帯を指定する,1:道路の側端に対して斜めに駐車すべきことを示す,「斜め駐車」は指示標識（長方形・青地に白の絵）で、道路の側端に対して斜めに駐車すべきことを示すことを意味する。,keep,"obvious_other,weak_explanation",意味は正確,,道路標識、区画線及び道路標示に関する命令,,,
kg343,kogata_gentsuki_nirin,signs,1,「右方屈曲あり」の標識が意味するものとして正しいのはどれか。,0:示された方向以外への進行を禁止し、右折を禁止する / 1:他の車両を追い越すために進路変更することを禁止する / 2:前方の道路が右方向に大きく曲がっていることを予告する / 3:車両の種類ごとに通行すべき車両通行帯を指定する,2:前方の道路が右方向に大きく曲がっていることを予告する,「右方屈曲あり」は警戒標識（菱形・黄色地に黒の屈曲矢印）で、前方の道路が右方向に大きく曲がっていることを予告することを意味する。,keep,"obvious_other,weak_explanation",意味は正確,,道路標識、区画線及び道路標示に関する命令,,,
kg346,kogata_gentsuki_nirin,signs,1,「大型・特定中型貨物自動車等通行止め」の標識が意味するものとして正しいのはどれか。,0:自動車・原動機付自転車以外（歩行者・軽車両等）の通行を禁止する / 1:大型貨物自動車や特定中型貨物自動車などの通行を禁止する / 2:バスなど特定の車両の専用通行帯であることを示し、それ以外の車両の通行を制限する / 3:車両がただちに停止できるような速度まで速度を落として進行しなければならないことを示す,1:大型貨物自動車や特定中型貨物自動車などの通行を禁止する,「大型・特定中型貨物自動車等通行止め」は規制標識（円形・赤地に白のバツ印とトラックの絵）で、大型貨物自動車や特定中型貨物自動車などの通行を禁止することを意味する。,keep,"obvious_other,weak_explanation",意味は正確。標識名称は要確認,,道路標識、区画線及び道路標示に関する命令,要,,
kg347,kogata_gentsuki_nirin,signs,2,円形で青地に白の矢印（左折方向を除く）の「指定方向外進行禁止（左折禁止）」の標識について、正しい説明はどれか。,0:指定された複数の種類の車両の通行を禁止する / 1:歩行者の通行を禁止する / 2:示された方向以外への進行を禁止し、左折を禁止する / 3:前方の道路に落石のおそれがあることを予告する,2:示された方向以外への進行を禁止し、左折を禁止する,「指定方向外進行禁止（左折禁止）」は規制標識（円形・青地に白の矢印（左折方向を除く））で、示された方向以外への進行を禁止し、左折を禁止することを意味する。,keep,"obvious_other,weak_explanation",意味は正確,,道路標識、区画線及び道路標示に関する命令,,,
kg348,kogata_gentsuki_nirin,signs,3,「平行駐車」の標識の意味として正しいのはどれか。,0:自転車が2台まで並んで通行できることを示す / 1:指定された区間で警音器（クラクション）を鳴らさなければならないことを示す / 2:前方の道路が右方向に大きく曲がっていることを予告する / 3:道路の側端に対して平行に駐車すべきことを示す,3:道路の側端に対して平行に駐車すべきことを示す,「平行駐車」は指示標識（長方形・青地に白の絵）で、道路の側端に対して平行に駐車すべきことを示すことを意味する。,keep,"obvious_other,weak_explanation",意味は正確,,道路標識、区画線及び道路標示に関する命令,,,
kg349,kogata_gentsuki_nirin,signs,1,「指定方向外進行禁止（右折禁止）」の標識が意味するものとして正しいのはどれか。,0:示された方向以外への進行を禁止し、右折を禁止する / 1:車両が道路を横断（右左折を除く進路変更）することを禁止する / 2:車両のUターン（転回）を禁止する / 3:指定された区間で警音器（クラクション）を鳴らさなければならないことを示す,0:示された方向以外への進行を禁止し、右折を禁止する,「指定方向外進行禁止（右折禁止）」は規制標識（円形・青地に白の矢印（右折方向を除く））で、示された方向以外への進行を禁止し、右折を禁止することを意味する。,keep,"obvious_other,weak_explanation",意味は正確,,道路標識、区画線及び道路標示に関する命令,,,
o005,ogata_nirin,license_system,1,大型二輪免許で運転できる最大排気量は。,0:制限なし / 1:400cc以下 / 2:250cc以下 / 3:650cc以下,0:制限なし,大型二輪免許では排気量の制限がなく、全ての二輪車を運転できる。,keep,,排気量制限なしは正しい,,道路交通法 第84条,,,
o201,ogata_nirin,operation,1,カーブに進入する前の操作として最も望ましいのはどれか。,0:カーブに入る前に十分減速しておく / 1:カーブの中で速度を落とす / 2:ブレーキは使わずアクセルだけで速度調整する / 3:カーブの途中で加速して一気に抜ける,0:カーブに入る前に十分減速しておく,カーブの中でブレーキをかけると車体が起き上がりやすく不安定になるため、進入前に減速を終えておくことが基本である。,keep,near_dup,"内容妥当 重複:o008,o060,o172",,交通の方法に関する教則 第3章（二輪車の運転）,,,
o204,ogata_nirin,operation,1,長い下り坂を走行する際の速度調整として適切なのはどれか。,0:ニュートラルにして惰性で下る / 1:フットブレーキのみを踏み続けて速度を一定に保つ / 2:クラッチを切ったままブレーキだけで下る / 3:低いギアに入れてエンジンブレーキを併用する,3:低いギアに入れてエンジンブレーキを併用する,ブレーキだけに頼ると熱によって効きが低下するおそれがあるため、エンジンブレーキを併用して速度を管理する。,keep,near_dup,内容妥当 重複:o036,,交通の方法に関する教則 第3章（二輪車の運転）,,,
o205,ogata_nirin,operation,1,高速道路の加速車線から本線に合流するときの操作として適切なのはどれか。,0:本線の流れに近い速度まで加速してから合流する / 1:合流地点でいったん停止して様子を見る / 2:加速車線に入った直後から車線変更する / 3:ウインカーは出さずに速やかに合流する,0:本線の流れに近い速度まで加速してから合流する,加速車線の間に本線の交通の流れに近い速度まで加速し、安全を確認したうえで合流するのが基本操作である。,keep,,内容妥当,,交通の方法に関する教則 第3章（二輪車の運転）,,,
o206,ogata_nirin,operation,1,カーブを曲がるときの視線の使い方として適切なのはどれか。,0:対向車線だけを注視する / 1:曲がっていく先の進行方向を見る / 2:メーターを見て速度確認を優先する / 3:前輪の少し先だけを見る,1:曲がっていく先の進行方向を見る,進みたい方向へ視線を向けることで自然に車体とハンドルがその方向へ導かれ、安定した旋回につながる。,keep,,内容妥当,,交通の方法に関する教則 第3章（二輪車の運転）,,,
o208,ogata_nirin,operation,1,雨の日にアクセルを開けるときの操作として適切なのはどれか。,0:いつも通り一気に開ける / 1:アクセルは使わず惰性のみで走る / 2:雨の日は普段より強めに開けてスリップを防ぐ / 3:タイヤの状態を意識しながら滑らかに開ける,3:タイヤの状態を意識しながら滑らかに開ける,濡れた路面はグリップが低下するため、急なスロットル操作を避け、滑らかに開けてタイヤの接地を保つことが大切である。,keep,,内容妥当,,交通の方法に関する教則 第3章（二輪車の運転）,,,
o211,ogata_nirin,operation,4,二段階右折の標識がある交差点に大型自動二輪車で進入し右折する場合の操作として適切なのはどれか。,0:そのつど運転者が二段階右折を行うか一回で曲がるかを自由に選んでよい / 1:その標識がある場所は大型自動二輪車の右折自体が禁止されている / 2:普通自動車と同じように、あらかじめ道路中央(右側)に寄って一回で右折する / 3:原付のように交差点の奥まで直進してから向きを変える二段階の操作を行う,2:普通自動車と同じように、あらかじめ道路中央(右側)に寄って一回で右折する,二段階右折の標識は原動機付自転車を対象としたものであり、大型自動二輪車は普通自動車と同様にあらかじめ道路中央に寄って一回で右折すればよい。,keep,,二段階右折は原付対象。大型は一回右折で正,,道路交通法 第34条第3項,要,,
o216,ogata_nirin,operation,4,大型自動二輪車が高速道路を走行する際の車間距離の考え方として正しいのはどれか。,0:車体が小さい二輪車は制動距離も短いため、普通自動車より車間距離を詰めてよい / 1:高速道路では前の車に追従してさえいれば車間距離を意識しなくてよい / 2:車間距離は天候にかかわらず一定でよい / 3:車両重量や制動特性を踏まえ、普通自動車と同様かそれ以上の余裕を持った車間距離を保つ,3:車両重量や制動特性を踏まえ、普通自動車と同様かそれ以上の余裕を持った車間距離を保つ,二輪車だから制動距離が短いとは限らず、大型自動二輪車は車両重量や制動特性を考慮し、普通自動車と同様かそれ以上の車間距離を保つ必要がある。,keep,,車間距離は妥当,,道路交通法 第26条,要,,
o220,ogata_nirin,operation,1,信号待ちなどごく低速で走行する際、ふらつきを防ぐ操作として適切なのはどれか。,0:できるだけ両足を地面につけたまま進む / 1:近くの路面ばかりを見る / 2:ハンドルを小刻みに動かし続ける / 3:ニーグリップを意識しつつ視線を遠くへ向ける,3:ニーグリップを意識しつつ視線を遠くへ向ける,ニーグリップで車体を安定させ、視線を遠くに向けることで自然にバランスが取りやすくなる。,keep,near_dup,内容妥当 重複:o202,,交通の方法に関する教則 第3章（二輪車の運転）,,,
o227,ogata_nirin,operation,2,路面の段差を乗り越えるときの操作として適切なのはどれか。,0:できるだけ速度を上げて一気に越える / 1:ハンドルを切りながら斜めに進入する / 2:速度を落とし、ステップに立ち気味になるなどして衝撃を吸収する / 3:段差の直前で強くブレーキをかける,2:速度を落とし、ステップに立ち気味になるなどして衝撃を吸収する,段差の手前で十分減速し、体を使って衝撃を吸収するように通過すると車体への負担と転倒の危険を減らせる。,keep,,事実は妥当で出題可,,交通の方法に関する教則 第4章,,,
o228,ogata_nirin,operation,4,複数台で連なって走行するときの車間の取り方として適切なのはどれか。,0:先頭車両だけが車間距離を意識すればよい / 1:集団走行のときは通常より車間距離を詰めるのが基本である / 2:隊列が乱れないよう、前の車両にできるだけ接近して走る / 3:前の車両との間に、自分が安全に止まれるだけの車間距離を保つ,3:前の車両との間に、自分が安全に止まれるだけの車間距離を保つ,集団で走行する場合も隊列の見た目を優先せず、前の車両が急に減速しても対応できるだけの車間距離を各自が保つ必要がある。,keep,obvious_longest,正解が最も詳しく消去法で当てやすい,,交通の方法に関する教則 第4章,,,
o229,ogata_nirin,operation,2,速度規制の標識がない一般道路(高速道路を除く)における大型自動二輪車の法定最高速度について正しいのはどれか。,0:普通自動車と同じ時速60キロメートルである / 1:原動機付自転車と同じ時速30キロメートルである / 2:法定最高速度の定めはなく無制限である / 3:二輪車であることを理由に時速40キロメートルに制限される,0:普通自動車と同じ時速60キロメートルである,大型自動二輪車は排気量にかかわらず普通自動車と同じ扱いを受け、標識のない一般道路での法定最高速度は時速60キロメートルである。,keep,,事実は妥当で出題可,,交通の方法に関する教則 第4章,,,
o230,ogata_nirin,operation,2,タンデム走行で発進する前の操作として適切なのはどれか。,0:同乗者の準備状況は運転者が確認する必要はない / 1:同乗者に発進の合図を伝え、準備ができたことを確認してから発進する / 2:同乗者に声をかけず、そのまま発進する / 3:同乗者が乗った瞬間にすぐ発進する,1:同乗者に発進の合図を伝え、準備ができたことを確認してから発進する,同乗者への合図なく発進すると同乗者がバランスを崩すおそれがあるため、準備を確認してから発進することが大切である。,keep,,事実は妥当で出題可,,交通の方法に関する教則 第4章,,,
o232,ogata_nirin,operation,4,原動機付自転車と連なって走行している大型自動二輪車が、二段階右折の指定がある交差点に差しかかったときの操作として正しいのはどれか。,0:前を走る原付が二段階右折を行うので、大型自動二輪車もそれに合わせて同じ経路をたどる / 1:原付より先に交差点の左端に寄って停止する / 2:二段階右折の標識がある間は右折自体を控えるべきである / 3:大型自動二輪車は普通自動車と同じ一回の右折方法をとり、原付とは異なる経路で右折する,3:大型自動二輪車は普通自動車と同じ一回の右折方法をとり、原付とは異なる経路で右折する,二段階右折の義務は原動機付自転車に限られるため、大型自動二輪車は前を走る原付の経路に合わせる必要はなく、普通自動車と同じ一回の右折を行う。,keep,near_dup,o283・o240と同事実。o283を残し統合可,,道路交通法 第34条,要,,
o233,ogata_nirin,operation,3,濡れたマンホールの上でやむを得ず旋回する必要があるときの操作として適切なのはどれか。,0:車体を倒す角度を抑え、できるだけ直立に近い状態で通過する / 1:ブレーキを強くかけながら旋回する / 2:普段通りの角度まで車体を倒し込む / 3:アクセルを開けてスピードを上げて通過する,0:車体を倒す角度を抑え、できるだけ直立に近い状態で通過する,濡れたマンホールはグリップが低下するため、バンク角を抑えて車体を起こし気味にして通過すると滑りにくくなる。,keep,,事実は妥当で出題可,,交通の方法に関する教則 第4章,,,
o234,ogata_nirin,operation,3,強い向かい風の中を走行する際の速度と姿勢の取り方として適切なのはどれか。,0:風に負けないよう常に高速で走る / 1:姿勢を低くして空気抵抗を減らし、無理に速度を上げない / 2:向かい風のときほどアクセルを大きく開ける / 3:風上に体を大きく傾けたまま高速走行する,1:姿勢を低くして空気抵抗を減らし、無理に速度を上げない,強い向かい風の中では姿勢を低くして空気抵抗を抑えつつ、無理な速度を出さないようにすることが安全である。,keep,,事実は妥当で出題可,,交通の方法に関する教則 第4章,,,
o235,ogata_nirin,operation,1,後続車が接近しているときに減速する場合の操作として適切なのはどれか。,0:できるだけ急に減速して距離を取る / 1:ブレーキランプが切れていても気にしなくてよい / 2:早めにブレーキランプを点灯させて減速の意思を伝える / 3:後続車には知らせず静かに減速する,2:早めにブレーキランプを点灯させて減速の意思を伝える,後続車に減速を伝えるため、早めにブレーキをかけてブレーキランプを点灯させ、追突を防ぐことが大切である。,keep,,事実は妥当で出題可,,交通の方法に関する教則 第4章,,,
o236,ogata_nirin,operation,4,大型二輪の慣性の大きさとブレーキ操作の関係について適切なのはどれか。,0:慣性が大きいほどブレーキは弱くかければよい / 1:慣性が大きいほど、同じ速度でも制動に必要な距離や操作の余裕は小さくてすむ / 2:慣性の大きさはブレーキ操作に影響しない / 3:車体が重く慣性が大きいため、同じ速度からでも小型車より制動距離が延びやすく、早めのブレーキ操作が必要になる,3:車体が重く慣性が大きいため、同じ速度からでも小型車より制動距離が延びやすく、早めのブレーキ操作が必要になる,大型二輪は車体重量が大きく慣性が働きやすいため、同じ速度からでも制動距離が延びやすく、早めに余裕を持ってブレーキを操作する必要がある。,keep,obvious_longest,正解が最長で当てやすい,,交通の方法に関する教則 第4章,,,
o238,ogata_nirin,operation,2,高速道路の本線から出口へ向けて車線変更するときの操作として適切なのはどれか。,0:後続車の有無は確認しなくてよい / 1:早めにウインカーを出し、余裕を持って車線変更を行う / 2:出口の直前で一気に車線を変える / 3:ウインカーを出さずに素早く車線を変える,1:早めにウインカーを出し、余裕を持って車線変更を行う,出口が近づいてから慌てて車線変更すると危険なため、早めにウインカーを出し余裕を持って車線を変えることが望ましい。,keep,,事実は妥当で出題可,,交通の方法に関する教則 第4章,,,
o240,ogata_nirin,operation,5,二段階右折の対象とならない大型自動二輪車が、右折のため道路の中央(右側)に寄る際の位置取りについて正しいのはどれか。,0:対向車線に完全にはみ出して右折の準備をする / 1:中央に寄る必要はなく、左端からそのまま右折してよい / 2:原付と同様に道路の左端に寄せたまま右折の機会を待つ / 3:右折する交差点の手前で、あらかじめできるだけ道路の中央(右側)に寄せておく,3:右折する交差点の手前で、あらかじめできるだけ道路の中央(右側)に寄せておく,大型自動二輪車は普通自動車と同様の右折方法をとるため、右折する交差点の手前であらかじめ道路の中央(右側)に寄っておく必要がある。,keep,near_dup,o232・o283と同事実,,道路交通法 第34条,要,,
o241,ogata_nirin,parking,1,交差点の側端から一定の距離以内は駐停車が禁止されているが、その距離として正しいのはどれか。,0:5メートル以内 / 1:8メートル以内 / 2:10メートル以内 / 3:3メートル以内,0:5メートル以内,交差点の側端から5メートル以内は駐停車禁止の場所として定められている。,keep,,5m以内は正しい,,道路交通法 第44条,要,,
o242,ogata_nirin,parking,2,横断歩道やその前後での駐停車について正しいのはどれか。,0:横断歩道の上でなければどこでも駐停車できる / 1:横断歩道の直前直後5メートル以内は駐停車禁止である / 2:横断歩道の前後1メートルまでは駐停車できる / 3:二輪車であれば横断歩道の直前でも駐停車できる,1:横断歩道の直前直後5メートル以内は駐停車禁止である,横断歩道や自転車横断帯の前後5メートル以内は、歩行者の視界を妨げないよう駐停車が禁止されている。,keep,,横断歩道前後5mは正しい,,道路交通法 第44条,要,,
o243,ogata_nirin,parking,1,消防用防火水槽や消火栓の付近での駐車について正しいのはどれか。,0:消火栓の前でなければ駐車してよい / 1:特に規制はない / 2:消火栓から5メートル以内は駐車が禁止されている / 3:二輪車なら消火栓のすぐそばでも駐車できる,2:消火栓から5メートル以内は駐車が禁止されている,消火栓や防火水槽などの消防用設備から5メートル以内は、緊急時の使用を妨げないよう駐車が禁止されている。,keep,,消火栓等5m以内は駐車禁止で正しい,,道路交通法 第45条,要,,
o244,ogata_nirin,parking,2,大型二輪を傾斜のある柔らかい路面に駐車するときの注意点として適切なのはどれか。,0:できるだけ傾斜の急な場所を選ぶ / 1:サイドスタンドだけを気にせずそのまま停める / 2:柔らかい路面ほどスタンドを短く出す / 3:サイドスタンドの下に板状のものを敷くなどして沈み込みを防ぐ,3:サイドスタンドの下に板状のものを敷くなどして沈み込みを防ぐ,柔らかい路面ではサイドスタンドが沈み込み転倒するおそれがあるため、接地面積を広げる工夫をして安定させる必要がある。,keep,,事実は妥当で出題可,,道路交通法,,,
o247,ogata_nirin,parking,2,大型二輪から離れるときの基本的な操作として適切なのはどれか。,0:サイドスタンドさえ出せばキーは付けたままでよい / 1:ヘルメットは必ず車体に見える形で置いておく / 2:エンジンを止め、ハンドルロックなどの盗難防止措置を行う / 3:短時間ならエンジンをかけたまま離れてよい,2:エンジンを止め、ハンドルロックなどの盗難防止措置を行う,車両を離れる際はエンジンを止め、ハンドルロックなど盗難防止のための措置を行うことが基本である。,keep,,事実は妥当で出題可,,道路交通法,,,
o254,ogata_nirin,parking,2,駐車を終えて車両から離れる際、貴重品やヘルメットの扱いとして適切なのはどれか。,0:ヘルメットは施錠せずシートの上に置いたままにする / 1:ヘルメットロックなどを利用し、貴重品は車両に残さないようにする / 2:貴重品は見えない場所であれば車内に残してよい / 3:特に気にする必要はない,1:ヘルメットロックなどを利用し、貴重品は車両に残さないようにする,盗難防止のため、ヘルメットはヘルメットロック等で固定し、貴重品は車両に残さず持ち歩くことが望ましい。,keep,,事実は妥当で出題可,,道路交通法,,,
o255,ogata_nirin,parking,2,側車(サイドカー)を付けていない大型自動二輪車の積載重量の上限について正しいのはどれか。,0:45キログラムまで / 1:30キログラムまで / 2:60キログラムまで / 3:90キログラムまで,2:60キログラムまで,側車を付けない大型自動二輪車の積載重量の上限は60キログラムと定められている。,keep,topic_mismatch,積載60kgは正しい。topicはrules,,道路交通法施行令 第22条,要,,
o256,ogata_nirin,parking,2,安全地帯が設けられている道路での、安全地帯の左側部分の駐停車について正しいのはどれか。,0:安全地帯の左側であれば自由に駐停車できる / 1:特に規制はない / 2:安全地帯付近は二輪車のみ駐停車が認められる / 3:安全地帯の左側で、その前後10メートル以内は駐停車が禁止されている,3:安全地帯の左側で、その前後10メートル以内は駐停車が禁止されている,安全地帯の左側部分とその前後10メートル以内は、歩行者の安全確保のため駐停車が禁止されている。,keep,,安全地帯左側と前後10mは正しい,,道路交通法 第44条,要,,
o258,ogata_nirin,parking,1,歩道上への大型二輪の駐車について正しいのはどれか。,0:歩道の端であれば駐車が認められる / 1:歩道は歩行者のための場所であり、車両の駐車は原則禁止されている / 2:歩道であれば二輪車は自由に駐車できる / 3:夜間に限り歩道への駐車が認められる,1:歩道は歩行者のための場所であり、車両の駐車は原則禁止されている,歩道は歩行者の通行のための場所であり、車両の駐車は原則として認められていない。,keep,,事実は妥当で出題可,,道路交通法,,,
o259,ogata_nirin,hazard_prediction,5,大型二輪の停止距離に関する危険予測として適切なのはどれか。,0:大型二輪は常に小型車より速く止まれる / 1:停止距離は車両の重さに関係しない / 2:車体が重いため、同じ速度でも小型の二輪車より停止距離が延びやすいことを踏まえて車間距離を取る / 3:車体が重いほど短い距離で止まれるので車間は詰めてよい,2:車体が重いため、同じ速度でも小型の二輪車より停止距離が延びやすいことを踏まえて車間距離を取る,車両重量が大きいほど同じ速度からの停止距離は延びる傾向があるため、それを踏まえて十分な車間距離を確保する必要がある。,keep,near_dup,o236と近い(重量と制動距離),,交通の方法に関する教則 第4章,,,
o260,ogata_nirin,hazard_prediction,2,大型トラックの側方を通過するときの危険予測として適切なのはどれか。,0:大きな車の横は死角が少ないので安心して近づいてよい / 1:死角の有無は二輪車には関係ない / 2:トラックの直後に密着して走れば安全である / 3:トラックの死角に入りやすいことを意識し、必要以上に近づかない,3:トラックの死角に入りやすいことを意識し、必要以上に近づかない,大型車には死角が多く、二輪車の存在に気づかれにくいため、必要以上に接近せず自分の存在を意識させる位置取りが重要である。,keep,,事実は妥当で出題可,,交通の方法に関する教則 第4章,,,
o261,ogata_nirin,hazard_prediction,2,駐車車両の陰から歩行者が飛び出す危険についての予測として適切なのはどれか。,0:駐車車両の脇を通過するときは速度を落とし、飛び出しに備える / 1:駐車車両の陰からの飛び出しは予測できないので対策のしようがない / 2:駐車車両の脇はスピードを上げて素早く通過する方が安全である / 3:駐車車両がある場所は特に注意しなくてよい,0:駐車車両の脇を通過するときは速度を落とし、飛び出しに備える,駐車車両の陰は歩行者や自転車が見えにくく飛び出しが起こりやすいため、速度を落として備えることが大切である。,keep,,事実は妥当で出題可,,交通の方法に関する教則 第4章,,,
o262,ogata_nirin,hazard_prediction,5,交差点で対向車が右折しようとしている場面での危険予測として適切なのはどれか。,0:二輪車は車体が小さいので対向車から必ず見つけてもらえる / 1:対向の右折車が自分の存在に気づかず先に右折してくる可能性を考え、速度と位置取りに注意する / 2:対向車の動きは気にせず直進してよい / 3:対向車が右折の合図を出していれば絶対に自分を待ってくれる,1:対向の右折車が自分の存在に気づかず先に右折してくる可能性を考え、速度と位置取りに注意する,二輪車は車体が小さく対向車から見落とされやすいため、右折待ちの車がいる交差点では速度を落とし備えることが重要である。,keep,,事実は妥当で出題可,,交通の方法に関する教則 第4章,,,
o263,ogata_nirin,hazard_prediction,2,雨天時の落ち葉やペイント(白線・横断歩道)の上を通過する際の危険予測として適切なのはどれか。,0:雨天時はペイント部分の方がむしろ滑りにくい / 1:落ち葉は乾いていても濡れていても影響はない / 2:乾燥時より滑りやすいことを踏まえ、直立に近い姿勢で通過するよう心がける / 3:濡れていても乾燥時と同じ感覚で通過してよい,2:乾燥時より滑りやすいことを踏まえ、直立に近い姿勢で通過するよう心がける,濡れた路面や落ち葉、白線などのペイント部分は特に滑りやすくなるため、旋回中は車体を起こし気味にして通過することが望ましい。,keep,,事実は妥当で出題可,,交通の方法に関する教則 第4章,,,
o264,ogata_nirin,hazard_prediction,2,夜間、対向車のヘッドライトがまぶしいときの危険予測として適切なのはどれか。,0:夜間はヘッドライトの影響を受けない / 1:まぶしいときほど速度を上げて早く通過する / 2:目をつぶって通過すればよい / 3:視界が一時的に悪化することを想定し、あらかじめ速度を落としておく,3:視界が一時的に悪化することを想定し、あらかじめ速度を落としておく,対向車のライトで一瞬視界を失うことがあるため、あらかじめ速度を落として備えておくことが安全につながる。,keep,,事実は妥当で出題可,,交通の方法に関する教則 第4章,,,
o265,ogata_nirin,hazard_prediction,4,長時間の高速道路走行における危険予測として適切なのはどれか。,0:単調な走行が続くと疲労や眠気により反応が遅れやすくなるため、計画的に休憩を取る / 1:疲労は速度に関係なく発生しないので休憩は不要である / 2:高速道路は単調なので集中力を切らしても問題ない / 3:眠気を感じたら速度を上げて気を紛らわせるとよい,0:単調な走行が続くと疲労や眠気により反応が遅れやすくなるため、計画的に休憩を取る,単調な高速走行では疲労や眠気が蓄積しやすく反応が遅れる危険があるため、計画的に休憩を取ることが重要である。,keep,,事実は妥当で出題可,,交通の方法に関する教則 第4章,,,
o266,ogata_nirin,hazard_prediction,4,橋の上やトンネルの出口付近で発生しやすい危険についての予測として適切なのはどれか。,0:橋やトンネル付近では風の影響を受けにくい / 1:周囲の構造物の影響で急に強い横風を受けることがあるため、速度と姿勢に注意する / 2:橋の上は常に安全なので速度を上げてよい / 3:横風は乗用車だけの問題である,1:周囲の構造物の影響で急に強い横風を受けることがあるため、速度と姿勢に注意する,橋の上やトンネルの出口付近は構造物の影響で突風が発生しやすく、二輪車は特にバランスを崩しやすいため注意が必要である。,keep,,事実は妥当で出題可,,交通の方法に関する教則 第4章,,,
o268,ogata_nirin,hazard_prediction,5,速度と停止に必要な距離の関係についての危険予測として適切なのはどれか。,0:速度が上がるほど制動距離はむしろ短くなる / 1:制動距離は速度に関係なくほぼ一定である / 2:速度が2倍になると、制動距離もおおむね比例して2倍程度にとどまる / 3:速度が上がるほど制動距離は速度の増加以上に大きく伸びる傾向があることを踏まえて速度を控える,3:速度が上がるほど制動距離は速度の増加以上に大きく伸びる傾向があることを踏まえて速度を控える,制動距離は速度が高くなるほど加速度的に伸びる傾向があるため、速度が上がるほどより大きな余裕を持った運転が求められる。,keep,,速度2倍で制動距離約4倍。正解は妥当,,交通の方法に関する教則 第4章,要,,
o269,ogata_nirin,hazard_prediction,5,二段階右折が不要な大型自動二輪車が、その規則を誤解して原付と同じように二段階右折をしてしまった場合の危険性として適切なのはどれか。,0:後続の普通自動車などが通常の右折を予測しているため、想定外の動きとなり追突などの危険が生じる / 1:対向車には一切影響がない / 2:特に危険は生じない / 3:かえって安全性が高まる,0:後続の普通自動車などが通常の右折を予測しているため、想定外の動きとなり追突などの危険が生じる,後続車は大型自動二輪車が普通自動車と同じ方法で右折すると想定しているため、不要な二段階右折を行うと予測に反した動きとなり、追突などの危険を招くおそれがある。,keep,near_dup,o232・o283・o240と同事実の応用,,道路交通法 第34条,要,,
o270,ogata_nirin,hazard_prediction,2,信号のない交差点に近づくときの危険予測として適切なのはどれか。,0:信号がないので減速せず一定速度で通過してよい / 1:左右から車や自転車が出てくる可能性を考え、速度を落として安全を確認する / 2:見通しの良い交差点だけ注意すればよい / 3:自分が優先だと思う方向からは確認しなくてよい,1:左右から車や自転車が出てくる可能性を考え、速度を落として安全を確認する,信号のない交差点では他の車両や自転車が予告なく出てくることがあるため、速度を落として左右の安全を確認する必要がある。,keep,,事実は妥当で出題可,,交通の方法に関する教則 第4章,,,
o271,ogata_nirin,hazard_prediction,4,自分より速い車が後方から接近してきたときの危険予測として適切なのはどれか。,0:追い越されないよう速度を上げて対抗する / 1:自分の走行位置は変えなくてよい / 2:ミラーで状況を確認し、無理に進路を譲ろうとして急な操作をしない / 3:気づいたらすぐに大きくハンドルを切って避ける,2:ミラーで状況を確認し、無理に進路を譲ろうとして急な操作をしない,後方から速い車が接近しても、急な進路変更は危険であるため、ミラーで状況を確認しながら落ち着いた操作を心がける。,keep,,事実は妥当で出題可,,交通の方法に関する教則 第4章,,,
o272,ogata_nirin,hazard_prediction,2,工事区間や車線が狭くなっている場所を通過するときの危険予測として適切なのはどれか。,0:工事区間は歩行者や作業員がいないと考えてよい / 1:誘導員の指示は必ずしも従わなくてよい / 2:狭い区間ほど速度を上げて早く通過する / 3:対向車や前方車両との間隔が狭くなることを想定し、速度を落として備える,3:対向車や前方車両との間隔が狭くなることを想定し、速度を落として備える,車線が狭くなる区間では対向車や作業員との距離が近くなるため、速度を落として慎重に通過する必要がある。,keep,,事実は妥当で出題可,,交通の方法に関する教則 第4章,,,
o273,ogata_nirin,hazard_prediction,5,積載重量の上限に近い荷物を積んだ状態での急なハンドル操作についての危険予測として適切なのはどれか。,0:荷物により重心が変化しているため、積載していないときより車体のふらつきが大きくなりやすい / 1:積載重量が上限内であればハンドル操作に影響はない / 2:荷物があるほど車体は安定するのでどんな操作をしても平気である / 3:上限内の重量であれば、積載していないときと同じ感覚で急なハンドル操作をしても問題ない,0:荷物により重心が変化しているため、積載していないときより車体のふらつきが大きくなりやすい,積載重量が制限内であっても、荷物によって重心の位置やバランスが変化するため、急な操作で車体がふらつきやすくなる点に注意が必要である。,keep,,事実は妥当で出題可,,交通の方法に関する教則 第4章,,,
o274,ogata_nirin,hazard_prediction,2,交差点を右折待ちで停止しているときに、対向直進の二輪車を見落とす危険についての予測として適切なのはどれか。,0:二輪車は車が小さいので見落とす心配はない / 1:対向車線の車の陰に隠れた二輪車を見落とさないよう、右折前に改めて確認する / 2:対向車線の状況は一度確認すればそれ以上見る必要はない / 3:対向車が途切れたらすぐに右折を開始してよい,1:対向車線の車の陰に隠れた二輪車を見落とさないよう、右折前に改めて確認する,対向車の陰に隠れた二輪車は見落とされやすいため、右折の直前に改めて対向車線全体を確認することが重要である。,keep,,事実は妥当で出題可,,交通の方法に関する教則 第4章,,,
o275,ogata_nirin,rules,1,運転中の乗車用ヘルメットの着用について正しいのはどれか。,0:同乗者だけあごひもを締めればよい / 1:低速走行のときはあごひもを外してもよい / 2:あごひもを確実に締めて正しく着用しなければならない / 3:かぶっているだけでよく、あごひもは締めなくてよい,2:あごひもを確実に締めて正しく着用しなければならない,乗車用ヘルメットはかぶるだけでなく、あごひもを確実に締めて正しく着用することが義務付けられている。,keep,,事実は妥当で出題可,,道路交通法,,,
o276,ogata_nirin,rules,1,黄色の中央線(追い越しのための右側部分はみ出し禁止)が引かれている区間での追い越しについて正しいのはどれか。,0:夜間であれば黄色の中央線を越えて追い越しできる / 1:黄色の中央線があっても二輪車は追い越しできる / 2:対向車がいなければ常に追い越しできる / 3:黄色の中央線がある区間では、右側部分にはみ出しての追い越しをしてはならない,3:黄色の中央線がある区間では、右側部分にはみ出しての追い越しをしてはならない,黄色の中央線は右側部分へのはみ出しを禁止する意味を持ち、その区間では追い越しのためのはみ出し通行はできない。,keep,,黄色実線のはみ出し禁止で妥当,,道路交通法 第17条・第30条,要,,
o277,ogata_nirin,rules,2,踏切の直前での運転操作について正しいのはどれか。,0:踏切の直前で一時停止し、左右の安全を確認してから渡る / 1:見通しが良ければ停止せずに通過してよい / 2:遮断機が上がっていれば確認せずに渡ってよい / 3:二輪車は踏切での一時停止を省略できる,0:踏切の直前で一時停止し、左右の安全を確認してから渡る,踏切の直前では原則として一時停止し、目視で左右の安全を確認したうえで渡ることが義務付けられている。,keep,,事実は妥当で出題可,,道路交通法,,,
o278,ogata_nirin,rules,2,緊急自動車が近づいてきたときの対応として正しいのはどれか。,0:交差点内であればそのまま進んでよい / 1:交差点を避け、道路の左側などに寄って進路を譲る / 2:緊急自動車が来ても自分の進路を優先してよい / 3:緊急自動車には気づいた場合のみ対応すればよい,1:交差点を避け、道路の左側などに寄って進路を譲る,緊急自動車が接近してきたときは、交差点を避けて道路の左側などに寄り、進路を譲らなければならない。,keep,,事実は妥当で出題可,,道路交通法,,,
o279,ogata_nirin,rules,1,走行中にウインカーを出すタイミングについて、一般道路で右左折する場合の基本として正しいのはどれか。,0:右左折しようとする地点の直前で出せばよい / 1:右左折の合図は曲がった後に出せばよい / 2:右左折しようとする約30メートル手前で合図を出す / 3:合図の時期は特に決まっていない,2:右左折しようとする約30メートル手前で合図を出す,一般道路で右左折する場合は、右左折しようとする地点のおよそ30メートル手前で合図を行うこととされている。,keep,,右左折の合図は約30m手前で正しい,,道路交通法施行令 第21条,要,,
o281,ogata_nirin,rules,3,高速道路における最低速度について正しいのはどれか。,0:区間によっては最低速度が定められており、それを下回る速度での走行は原則できない / 1:最低速度の定めはなく、どれだけ遅くてもよい / 2:最低速度は最高速度と同じ値である / 3:最低速度は二輪車には適用されない,0:区間によっては最低速度が定められており、それを下回る速度での走行は原則できない,高速道路の一部区間では最低速度が定められており、正当な理由がない限りその速度を下回って走行することはできない。,keep,,最低速度は50km/h(本線)。数値非掲載で可,,道路交通法 第75条の4,要,,
o282,ogata_nirin,rules,1,信号が黄色の灯火に変わったときの対応として正しいのはどれか。,0:二輪車は黄色信号を無視してよい / 1:停止位置に近づいていても、安全に停止できないときを除き停止しなければならない / 2:黄色でも自由に通行してよい / 3:黄色は加速して早く通過する合図である,1:停止位置に近づいていても、安全に停止できないときを除き停止しなければならない,黄色信号は原則として停止しなければならない信号であり、安全に停止できない場合を除き止まる必要がある。,keep,,事実は妥当で出題可,,道路交通法,,,
o283,ogata_nirin,rules,5,二段階右折の指定がある交差点での大型自動二輪車の右折方法について正しいのはどれか。,0:小型二輪車のみ二段階右折の対象になる / 1:原動機付自転車と同様に二段階右折をしなければならない / 2:普通自動車と同様に、あらかじめ道路の中央(右側)に寄って一回で右折する / 3:あらかじめ道路の左端に寄り、青信号の間に二回に分けて右折する,2:普通自動車と同様に、あらかじめ道路の中央(右側)に寄って一回で右折する,二段階右折が義務付けられているのは原動機付自転車であり、大型自動二輪車は普通自動車と同様にあらかじめ道路の中央に寄って一回で右折する。,keep,near_dup,o232・o240と同事実,,道路交通法 第34条,要,,
o284,ogata_nirin,rules,1,歩行者用信号が青色点滅をしているときの、車両側の対応として正しいのはどれか。,0:青色点滅は車両の加速合図である / 1:点滅中は歩行者が必ずいないと判断してよい / 2:歩行者用信号なので車両には関係ない / 3:歩行者が横断を終えていない可能性を考え、横断歩道の通過には注意する,3:歩行者が横断を終えていない可能性を考え、横断歩道の通過には注意する,歩行者用信号の青色点滅は歩行者に横断終了を促す表示であり、車両側は横断中の歩行者がいないか注意して通過する必要がある。,keep,,事実は妥当で出題可,,道路交通法,,,
o285,ogata_nirin,rules,2,追い越しが禁止されている場所として正しい組み合わせはどれか。,0:トンネル内、交差点付近、勾配の急な坂の頂上付近など見通しの悪い場所 / 1:追い越し禁止の場所は特に定められていない / 2:二輪車が追い越す場合には場所の制限はない / 3:見通しの良い直線道路のみ,0:トンネル内、交差点付近、勾配の急な坂の頂上付近など見通しの悪い場所,トンネル内や交差点付近、見通しの悪い坂の頂上付近やカーブなどは追い越しが禁止されている代表的な場所である。,keep,,追い越し禁止場所の例として妥当,,道路交通法 第30条,要,,
o286,ogata_nirin,rules,1,積載物の高さの制限について、大型二輪(側車付きでない場合)の基本的な考え方として正しいのはどれか。,0:積載物の高さには制限がない / 1:地上から2メートルを超える高さの積載は原則できない / 2:荷台の上であればどれだけ高く積んでもよい / 3:高さの制限は四輪車のみに適用される,1:地上から2メートルを超える高さの積載は原則できない,積載物の高さは地上から一定の高さ(側車を付けない二輪車では概ね2メートル)を超えないことが原則とされている。,keep,,積載高さ地上2m以下で正しい,,道路交通法施行令 第22条,要,,
o287,ogata_nirin,rules,2,夜間の走行時のライトの使用について正しいのはどれか。,0:対向車がいないときだけ点灯すればよい / 1:ライトの点灯は義務ではなく任意である / 2:夜間は前照灯・尾灯を点灯して走行しなければならない / 3:街灯が明るい道路では消灯してよい,2:夜間は前照灯・尾灯を点灯して走行しなければならない,夜間に道路を走行するときは、前照灯や尾灯などの灯火を点灯することが義務付けられている。,keep,,事実は妥当で出題可,,道路交通法,,,
o288,ogata_nirin,rules,2,他の車両を追い越そうとする際、対向車線を使用する場合の判断として正しいのはどれか。,0:追い越しを始めたら状況が変わっても継続しなければならない / 1:対向車線を使う追い越しは二輪車には認められていない / 2:対向車の有無に関わらず追い越しを開始してよい / 3:対向車線の安全を十分確認し、追い越しが完了するまで対向車と衝突しないことを見極めてから開始する,3:対向車線の安全を十分確認し、追い越しが完了するまで対向車と衝突しないことを見極めてから開始する,対向車線を使って追い越す場合は、対向車の状況を十分確認し、安全に完了できると判断できたときにのみ行う必要がある。,keep,,事実は妥当で出題可,,道路交通法,,,
o289,ogata_nirin,rules,1,警察官や交通巡視員による手信号と信号機の表示が異なるときの対応について正しいのはどれか。,0:警察官等の手信号に従う / 1:どちらに従うか運転者が自由に選べる / 2:手信号は無視してよい / 3:信号機の表示を優先する,0:警察官等の手信号に従う,信号機の表示と警察官等の手信号や合図が異なる場合は、警察官等の手信号・合図の方に従わなければならない。,keep,,事実は妥当で出題可,,道路交通法,,,
o291,ogata_nirin,license_system,3,指定自動車教習所で大型二輪免許の課程を受講する際の条件として正しいのはどれか。,0:大型二輪の課程を単独で受講することは認められていない / 1:普通自動二輪免許を一定期間保有していなければ受講できない / 2:他の免許の保有状況にかかわらず、最初から大型二輪の課程を受講することができる / 3:四輪免許を持っていなければ受講できない,2:他の免許の保有状況にかかわらず、最初から大型二輪の課程を受講することができる,指定自動車教習所では、他の二輪免許を持っていなくても最初から大型二輪免許の教習課程を受講することができる。,keep,,指定教習所は他免許なしでも大型二輪可,,道路交通法施行規則,要,,
o293,ogata_nirin,license_system,1,AT限定の大型二輪免許で運転できる車両について正しいのはどれか。,0:AT(オートマチック)機構の大型二輪車に限られ、クラッチ操作が必要な車両は運転できない / 1:AT限定免許はミッション車のみ運転できる / 2:AT限定でもすべての大型二輪車を運転できる / 3:AT限定免許という区分は大型二輪には存在しない,0:AT(オートマチック)機構の大型二輪車に限られ、クラッチ操作が必要な車両は運転できない,AT限定の大型二輪免許では、クラッチ操作を必要としないAT機構の車両のみを運転することができ、ミッション車は運転できない。,keep,category_mismatch,AT限定はat_gentei区分の内容,,道路交通法 第91条,,,
o294,ogata_nirin,license_system,2,運転免許証に記載される眼鏡等使用の条件について正しいのはどれか。,0:条件が記載されるのは四輪免許のみである / 1:視力の条件を満たすために眼鏡等が必要な場合、その条件が免許証に記載され、条件を満たさずに運転すると違反となる / 2:大型二輪免許には眼鏡等の条件を付けることができない / 3:眼鏡等の条件は記載されても運転者の任意で無視してよい,1:視力の条件を満たすために眼鏡等が必要な場合、その条件が免許証に記載され、条件を満たさずに運転すると違反となる,視力条件を満たすために眼鏡等が必要な場合はその旨が免許証に記載され、条件を満たさずに運転すると免許条件違反となる。,keep,,眼鏡等条件は妥当,,道路交通法 第91条,,,
o295,ogata_nirin,license_system,1,運転免許の更新をせず有効期間が過ぎてしまった場合について正しいのはどれか。,0:更新を忘れても免許の効力に影響はない / 1:有効期間はどの免許も一律で同じである / 2:有効期間が過ぎると、その免許での運転はできなくなる / 3:有効期間が過ぎても半年以内なら自動的に更新される,2:有効期間が過ぎると、その免許での運転はできなくなる,運転免許には有効期間が定められており、更新をせず有効期間を過ぎるとその免許で運転することはできなくなる。,keep,vague_prompt,失効の扱い。更新期間を問うなら具体化,,道路交通法 第92条,要,,
o296,ogata_nirin,maintenance,1,走行前の日常点検で確認すべきタイヤの状態として適切なのはどれか。,0:見た目に問題がなければ空気圧は確認しなくてよい / 1:溝がなくなっても運転には影響しない / 2:タイヤは購入時の状態がずっと続くので点検不要である / 3:空気圧と溝の摩耗、損傷の有無を確認する,3:空気圧と溝の摩耗、損傷の有無を確認する,タイヤは走行の安全に直結する部品であるため、空気圧や溝の摩耗、ひび割れなどの損傷がないかを日常的に確認する必要がある。,keep,,事実は妥当で出題可,,交通の方法に関する教則 第2章,,,
o297,ogata_nirin,maintenance,2,駆動チェーンの点検項目として適切なのはどれか。,0:適度なたるみの範囲内にあるか、さびや汚れがないかを確認し、必要に応じて注油する / 1:チェーンはたるみが全くない状態が最も良い / 2:チェーンは一度取り付ければ点検の必要はない / 3:たるみの量は多いほど安全である,0:適度なたるみの範囲内にあるか、さびや汚れがないかを確認し、必要に応じて注油する,駆動チェーンはたるみが適正な範囲にあるかを確認し、汚れやさびがあれば清掃・注油するなどの点検整備が必要である。,keep,,事実は妥当で出題可,,交通の方法に関する教則 第2章,,,
o298,ogata_nirin,maintenance,1,走行前に確認すべき灯火類の点検として適切なのはどれか。,0:昼間走行するなら灯火類の点検は不要である / 1:前照灯、尾灯、ブレーキランプ、方向指示器が正常に点灯・点滅するか確認する / 2:方向指示器は点検の対象外である / 3:灯火類は車検のときだけ確認すればよい,1:前照灯、尾灯、ブレーキランプ、方向指示器が正常に点灯・点滅するか確認する,前照灯や尾灯、ブレーキランプ、方向指示器などの灯火類は、走行前に正常に作動するかを確認しておく必要がある。,keep,,事実は妥当で出題可,,交通の方法に関する教則 第2章,,,
o299,ogata_nirin,maintenance,2,ブレーキ関連の日常点検項目として適切なのはどれか。,0:ブレーキは異音がしない限り点検の必要はない / 1:ブレーキフルードの状態は点検対象に含まれない / 2:ブレーキレバー・ペダルの遊びや効き具合、ブレーキパッドの残量などを確認する / 3:パッドの残量は車検のときにだけ確認すればよい,2:ブレーキレバー・ペダルの遊びや効き具合、ブレーキパッドの残量などを確認する,ブレーキはレバーやペダルの遊び、効き具合、パッドの残量などを日常的に点検し、異常があれば早めに整備することが重要である。,keep,,事実は妥当で出題可,,交通の方法に関する教則 第2章,,,
o302,ogata_nirin,signs,2,円形で青地に赤の斜線とPマークの「駐車禁止」の標識について、正しい説明はどれか。,0:車両が道路を横断（右左折を除く進路変更）することを禁止する / 1:車両の駐車を禁止する（短時間の停車は可能） / 2:路面電車の軌道敷内を車両が通行できることを示す / 3:歩行者の通行を禁止する,1:車両の駐車を禁止する（短時間の停車は可能）,「駐車禁止」は規制標識（円形・青地に赤の斜線とPマーク）で、車両の駐車を禁止する（短時間の停車は可能）ことを意味する。,keep,,駐車禁止は妥当,,道路標識、区画線及び道路標示に関する命令,要,,
o304,ogata_nirin,signs,1,「最低速度」の標識が意味するものとして正しいのはどれか。,0:道路の側端に対して直角に駐車すべきことを示す / 1:歩行者が道路を横断するための場所であることを示す / 2:路面が滑りやすい状態にあることが多く、注意すべきことを示す / 3:その数字を下回る速度での走行を禁止する（高速道路等に設置）,3:その数字を下回る速度での走行を禁止する（高速道路等に設置）,「最低速度」は規制標識（円形・青地に白字で数字）で、その数字を下回る速度での走行を禁止する（高速道路等に設置）ことを意味する。,keep,,標識の意味は妥当(画像なし),,道路標識、区画線及び道路標示に関する命令,要,,
o305,ogata_nirin,signs,2,円形で青地に白の矢印と専用車両の絵の「専用通行帯」の標識について、正しい説明はどれか。,0:バスなど特定の車両の専用通行帯であることを示し、それ以外の車両の通行を制限する / 1:車両が矢印で示された方向にのみ進行できることを示す / 2:車両が道路を横断（右左折を除く進路変更）することを禁止する / 3:指定された区間で警音器（クラクション）を鳴らさなければならないことを示す,0:バスなど特定の車両の専用通行帯であることを示し、それ以外の車両の通行を制限する,「専用通行帯」は規制標識（円形・青地に白の矢印と専用車両の絵）で、バスなど特定の車両の専用通行帯であることを示し、それ以外の車両の通行を制限することを意味する。,keep,,標識の意味は妥当(画像なし),,道路標識、区画線及び道路標示に関する命令,要,,
o306,ogata_nirin,signs,3,「横断歩道」の標識の意味として正しいのはどれか。,0:前方の道路が右方向に大きく曲がっていることを予告する / 1:歩行者が道路を横断するための場所であることを示す / 2:その数字を下回る速度での走行を禁止する（高速道路等に設置） / 3:路線バス等が優先的に通行する車両通行帯であることを示す,1:歩行者が道路を横断するための場所であることを示す,「横断歩道」は指示標識（長方形・青地に白の歩行者の絵）で、歩行者が道路を横断するための場所であることを示すことを意味する。,keep,,標識の意味は妥当(画像なし),,道路標識、区画線及び道路標示に関する命令,要,,
o311,ogata_nirin,signs,2,菱形で黄色地に黒の車両滑走の絵の「すべりやすい」の標識について、正しい説明はどれか。,0:前方の道路に落石のおそれがあることを予告する / 1:矢印で示された方向（直進）以外への進行を禁止する / 2:路面が滑りやすい状態にあることが多く、注意すべきことを示す / 3:指定された区間で警音器（クラクション）を鳴らさなければならないことを示す,2:路面が滑りやすい状態にあることが多く、注意すべきことを示す,「すべりやすい」は警戒標識（菱形・黄色地に黒の車両滑走の絵）で、路面が滑りやすい状態にあることが多く、注意すべきことを示すことを意味する。,keep,,標識の意味は妥当(画像なし),,道路標識、区画線及び道路標示に関する命令,要,,
o312,ogata_nirin,signs,3,「路線バス等優先通行帯」の標識の意味として正しいのはどれか。,0:道路の側端に対して平行に駐車すべきことを示す / 1:停止すべき位置を示す / 2:矢印で示された方向（直進）以外への進行を禁止する / 3:路線バス等が優先的に通行する車両通行帯であることを示す,3:路線バス等が優先的に通行する車両通行帯であることを示す,「路線バス等優先通行帯」は規制標識（円形・青地に白の矢印とバスの絵）で、路線バス等が優先的に通行する車両通行帯であることを示すことを意味する。,keep,,標識の意味は妥当(画像なし),,道路標識、区画線及び道路標示に関する命令,要,,
o313,ogata_nirin,signs,1,「駐車可」の標識が意味するものとして正しいのはどれか。,0:その場所での駐車が認められていることを示す / 1:自転車を除く軽車両（荷車など）の通行を禁止する / 2:車両の駐車と停車の両方を禁止する / 3:見通しの悪い区間など、必要に応じて警音器を鳴らすべき区間であることを示す,0:その場所での駐車が認められていることを示す,「駐車可」は規制標識（円形・青地に白のPマーク）で、その場所での駐車が認められていることを示すことを意味する。,keep,,標識の意味は妥当(画像なし),,道路標識、区画線及び道路標示に関する命令,要,,
o315,ogata_nirin,signs,3,「ロータリーあり」の標識の意味として正しいのはどれか。,0:自動車・原動機付自転車以外（歩行者・軽車両等）の通行を禁止する / 1:見通しの悪い区間など、必要に応じて警音器を鳴らすべき区間であることを示す / 2:前方にロータリー（環状交差点）があることを予告する / 3:前方の道路が右方向に大きく曲がっていることを予告する,2:前方にロータリー（環状交差点）があることを予告する,「ロータリーあり」は警戒標識（菱形・黄色地に黒の環状矢印）で、前方にロータリー（環状交差点）があることを予告することを意味する。,keep,,標識の意味は妥当(画像なし),,道路標識、区画線及び道路標示に関する命令,要,,
o318,ogata_nirin,signs,3,「T字路あり」の標識の意味として正しいのはどれか。,0:車両が矢印で示された方向にのみ進行できることを示す / 1:前方にT字路があることを予告し、注意を促す / 2:前方に十字路（交差点）があることを予告し、注意を促す / 3:自転車が2台まで並んで通行できることを示す,1:前方にT字路があることを予告し、注意を促す,「T字路あり」は警戒標識（菱形・黄色地に黒のT字の絵）で、前方にT字路があることを予告し、注意を促すことを意味する。,keep,,標識の意味は妥当(画像なし),,道路標識、区画線及び道路標示に関する命令,要,,
o319,ogata_nirin,signs,1,「右方屈曲あり」の標識が意味するものとして正しいのはどれか。,0:示された方向以外への進行を禁止し、右折を禁止する / 1:車両が停止線の直前で一時停止しなければならないことを示す / 2:前方の道路が右方向に大きく曲がっていることを予告する / 3:車両の駐車と停車の両方を禁止する,2:前方の道路が右方向に大きく曲がっていることを予告する,「右方屈曲あり」は警戒標識（菱形・黄色地に黒の屈曲矢印）で、前方の道路が右方向に大きく曲がっていることを予告することを意味する。,keep,,標識の意味は妥当(画像なし),,道路標識、区画線及び道路標示に関する命令,要,,
o321,ogata_nirin,signs,3,「転回禁止」の標識の意味として正しいのはどれか。,0:車両のUターン（転回）を禁止する / 1:道路の側端に対して平行に駐車すべきことを示す / 2:他の車両を追い越すために進路変更することを禁止する / 3:その道路が交差点において優先道路であることを示す,0:車両のUターン（転回）を禁止する,「転回禁止」は規制標識（円形・青地に赤の斜線とUターン矢印）で、車両のUターン（転回）を禁止することを意味する。,keep,,標識の意味は妥当(画像なし),,道路標識、区画線及び道路標示に関する命令,要,,
o323,ogata_nirin,signs,2,長方形で青地に白の絵の「斜め駐車」の標識について、正しい説明はどれか。,0:追越しのために道路の右側部分にはみ出して通行することを禁止する（右側部分にはみ出さない追越しは可能） / 1:前方に踏切があることを予告し、通過時の注意を促す / 2:道路の側端に対して斜めに駐車すべきことを示す / 3:道路の側端に対して直角に駐車すべきことを示す,2:道路の側端に対して斜めに駐車すべきことを示す,「斜め駐車」は指示標識（長方形・青地に白の絵）で、道路の側端に対して斜めに駐車すべきことを示すことを意味する。,keep,,標識の意味は妥当(画像なし),,道路標識、区画線及び道路標示に関する命令,要,,
o325,ogata_nirin,signs,1,「学校・幼稚園・保育所等あり」の標識が意味するものとして正しいのはどれか。,0:付近に学校・幼稚園・保育所等があり、児童・幼児の飛び出し等に注意すべきことを示す / 1:路面電車の停留所などで、歩行者が安全に待機するための場所であることを示す / 2:車両が道路を横断（右左折を除く進路変更）することを禁止する / 3:車両が矢印で示された方向にのみ進行できることを示す,0:付近に学校・幼稚園・保育所等があり、児童・幼児の飛び出し等に注意すべきことを示す,「学校・幼稚園・保育所等あり」は警戒標識（菱形・黄色地に黒の子どもの絵）で、付近に学校・幼稚園・保育所等があり、児童・幼児の飛び出し等に注意すべきことを示すことを意味する。,keep,,標識の意味は妥当(画像なし),,道路標識、区画線及び道路標示に関する命令,要,,
o327,ogata_nirin,signs,3,「駐停車禁止」の標識の意味として正しいのはどれか。,0:原動機付自転車や自転車など特定の車両が通行すべき車両通行帯を指定する / 1:歩行者専用の道路であり、車両の通行を禁止する / 2:車両の駐車と停車の両方を禁止する / 3:見通しの悪い区間など、必要に応じて警音器を鳴らすべき区間であることを示す,2:車両の駐車と停車の両方を禁止する,「駐停車禁止」は規制標識（円形・青地に赤の斜線）で、車両の駐車と停車の両方を禁止することを意味する。,keep,,標識の意味は妥当(画像なし),,道路標識、区画線及び道路標示に関する命令,要,,
o328,ogata_nirin,signs,1,「一方通行」の標識が意味するものとして正しいのはどれか。,0:示された方向以外への進行を禁止し、右折を禁止する / 1:その数字を超える速度での走行を禁止する / 2:歩行者が道路を横断するための場所であることを示す / 3:車両が矢印で示された方向にのみ進行できることを示す,3:車両が矢印で示された方向にのみ進行できることを示す,「一方通行」は規制標識（長方形・青地に白の矢印）で、車両が矢印で示された方向にのみ進行できることを示すことを意味する。,keep,,標識の意味は妥当(画像なし),,道路標識、区画線及び道路標示に関する命令,要,,
o329,ogata_nirin,signs,2,円形で赤地に白の横棒の「車両進入禁止」の標識について、正しい説明はどれか。,0:一方通行路の出口などに設置され、車両がその方向へ進入することを禁止する / 1:自転車を除く軽車両（荷車など）の通行を禁止する / 2:歩行者専用の道路であり、車両の通行を禁止する / 3:道路の側端に対して平行に駐車すべきことを示す,0:一方通行路の出口などに設置され、車両がその方向へ進入することを禁止する,「車両進入禁止」は規制標識（円形・赤地に白の横棒）で、一方通行路の出口などに設置され、車両がその方向へ進入することを禁止することを意味する。,keep,,標識の意味は妥当(画像なし),,道路標識、区画線及び道路標示に関する命令,要,,
o331,ogata_nirin,signs,1,「平行駐車」の標識が意味するものとして正しいのはどれか。,0:他の車両を追い越すために進路変更することを禁止する / 1:路面電車の軌道敷内を車両が通行できることを示す / 2:道路の側端に対して平行に駐車すべきことを示す / 3:車両が矢印で示された方向にのみ進行できることを示す,2:道路の側端に対して平行に駐車すべきことを示す,「平行駐車」は指示標識（長方形・青地に白の絵）で、道路の側端に対して平行に駐車すべきことを示すことを意味する。,keep,,標識の意味は妥当(画像なし),,道路標識、区画線及び道路標示に関する命令,要,,
o332,ogata_nirin,signs,2,長方形で青地に白の絵の「中央線」の標識について、正しい説明はどれか。,0:その場所での駐車が認められていることを示す / 1:路面電車の軌道敷内を車両が通行できることを示す / 2:前方の道路に落石のおそれがあることを予告する / 3:道路の中央の位置を示す線であることを示す,3:道路の中央の位置を示す線であることを示す,「中央線」は指示標識（長方形・青地に白の絵）で、道路の中央の位置を示す線であることを示すことを意味する。,keep,,標識の意味は妥当(画像なし),,道路標識、区画線及び道路標示に関する命令,要,,
o333,ogata_nirin,signs,3,「歩行者専用」の標識の意味として正しいのはどれか。,0:歩行者専用の道路であり、車両の通行を禁止する / 1:道路の側端に対して斜めに駐車すべきことを示す / 2:指定された区間で警音器（クラクション）を鳴らさなければならないことを示す / 3:示された方向以外への進行を禁止し、右折を禁止する,0:歩行者専用の道路であり、車両の通行を禁止する,「歩行者専用」は規制標識（円形・青地に白の歩行者の絵）で、歩行者専用の道路であり、車両の通行を禁止することを意味する。,keep,,標識の意味は妥当(画像なし),,道路標識、区画線及び道路標示に関する命令,要,,
o334,ogata_nirin,signs,1,「踏切あり」の標識が意味するものとして正しいのはどれか。,0:車両の種類ごとに通行すべき車両通行帯を指定する / 1:前方に踏切があることを予告し、通過時の注意を促す / 2:その道路が交差点において優先道路であることを示す / 3:その数字を超える速度での走行を禁止する,1:前方に踏切があることを予告し、通過時の注意を促す,「踏切あり」は警戒標識（菱形・黄色地に黒のレールと車輪の絵）で、前方に踏切があることを予告し、通過時の注意を促すことを意味する。,keep,,標識の意味は妥当(画像なし),,道路標識、区画線及び道路標示に関する命令,要,,
o335,ogata_nirin,signs,2,菱形で黄色地に黒の十字の絵の「十字路あり」の標識について、正しい説明はどれか。,0:道路の側端に対して斜めに駐車すべきことを示す / 1:路面が滑りやすい状態にあることが多く、注意すべきことを示す / 2:前方に十字路（交差点）があることを予告し、注意を促す / 3:指定された区間で警音器（クラクション）を鳴らさなければならないことを示す,2:前方に十字路（交差点）があることを予告し、注意を促す,「十字路あり」は警戒標識（菱形・黄色地に黒の十字の絵）で、前方に十字路（交差点）があることを予告し、注意を促すことを意味する。,keep,,標識の意味は妥当(画像なし),,道路標識、区画線及び道路標示に関する命令,要,,
o337,ogata_nirin,signs,1,「最高速度」の標識が意味するものとして正しいのはどれか。,0:その数字を超える速度での走行を禁止する / 1:二輪の自動車と原動機付自転車の通行を禁止する / 2:車両のUターン（転回）を禁止する / 3:車両が停止線の直前で一時停止しなければならないことを示す,0:その数字を超える速度での走行を禁止する,「最高速度」は規制標識（円形・白地に赤枠、黒字で数字）で、その数字を超える速度での走行を禁止することを意味する。,keep,,標識の意味は妥当(画像なし),,道路標識、区画線及び道路標示に関する命令,要,,
o338,ogata_nirin,signs,2,逆三角形で白地に赤枠、赤字の「一時停止」の標識について、正しい説明はどれか。,0:自転車が2台まで並んで通行できることを示す / 1:車両が停止線の直前で一時停止しなければならないことを示す / 2:指定された複数の種類の車両の通行を禁止する / 3:歩行者の通行を禁止する,1:車両が停止線の直前で一時停止しなければならないことを示す,「一時停止」は規制標識（逆三角形・白地に赤枠、赤字）で、車両が停止線の直前で一時停止しなければならないことを示すことを意味する。,keep,,標識の意味は妥当(画像なし),,道路標識、区画線及び道路標示に関する命令,要,,
o340,ogata_nirin,signs,1,「自転車横断帯」の標識が意味するものとして正しいのはどれか。,0:大型乗用自動車（バス等）の通行を禁止する / 1:バスなど特定の車両の専用通行帯であることを示し、それ以外の車両の通行を制限する / 2:指定された区間で警音器（クラクション）を鳴らさなければならないことを示す / 3:自転車が道路を横断するための場所であることを示す,3:自転車が道路を横断するための場所であることを示す,「自転車横断帯」は指示標識（長方形・青地に白の自転車の絵）で、自転車が道路を横断するための場所であることを示すことを意味する。,keep,,標識の意味は妥当(画像なし),,道路標識、区画線及び道路標示に関する命令,要,,
o347,ogata_nirin,signs,2,長方形で青地に白の絵の「直角駐車」の標識について、正しい説明はどれか。,0:その場所での駐車が認められていることを示す / 1:道路の側端に対して平行に駐車すべきことを示す / 2:道路の側端に対して直角に駐車すべきことを示す / 3:大型貨物自動車や特定中型貨物自動車などの通行を禁止する,2:道路の側端に対して直角に駐車すべきことを示す,「直角駐車」は指示標識（長方形・青地に白の絵）で、道路の側端に対して直角に駐車すべきことを示すことを意味する。,keep,,標識の意味は妥当(画像なし),,道路標識、区画線及び道路標示に関する命令,要,,
o349,ogata_nirin,signs,1,「落石のおそれあり」の標識が意味するものとして正しいのはどれか。,0:前方の道路に落石のおそれがあることを予告する / 1:前方にT字路があることを予告し、注意を促す / 2:矢印で示された方向（直進）以外への進行を禁止する / 3:その道路が交差点において優先道路であることを示す,0:前方の道路に落石のおそれがあることを予告する,「落石のおそれあり」は警戒標識（菱形・黄色地に黒の落石の絵）で、前方の道路に落石のおそれがあることを予告することを意味する。,keep,,標識の意味は妥当(画像なし),,道路標識、区画線及び道路標示に関する命令,要,,
